#
# There is insufficient memory for the Java Runtime Environment to continue.
# Native memory allocation (mmap) failed to map 341835776 bytes. Error detail: G1 virtual space
# Possible reasons:
#   The system is out of physical RAM or swap space
#   This process is running with CompressedOops enabled, and the Java Heap may be blocking the growth of the native heap
# Possible solutions:
#   Reduce memory load on the system
#   Increase physical memory or swap space
#   Check if swap backing store is full
#   Decrease Java heap size (-Xmx/-Xms)
#   Decrease number of Java threads
#   Decrease Java thread stack sizes (-Xss)
#   Set larger code cache with -XX:ReservedCodeCacheSize=
#   JVM is running with Unscaled Compressed Oops mode in which the Java heap is
#     placed in the first 4GB address space. The Java Heap base address is the
#     maximum limit for the native heap growth. Please use -XX:HeapBaseMinAddress
#     to set the Java Heap base and to place the Java Heap above 4GB virtual address.
# This output file may be truncated or incomplete.
#
#  Out of Memory Error (os_windows.cpp:3925), pid=9348, tid=14416
#
# JRE version: OpenJDK Runtime Environment (21.0.8) (build 21.0.8+-14196175-b1038.72)
# Java VM: OpenJDK 64-Bit Server VM (21.0.8+-14196175-b1038.72, mixed mode, tiered, compressed oops, compressed class ptrs, g1 gc, windows-amd64)
# No core dump will be written. Minidumps are not enabled by default on client versions of Windows
#

---------------  S U M M A R Y ------------

Command Line: --add-opens=java.base/java.lang=ALL-UNNAMED --add-opens=java.base/java.lang.invoke=ALL-UNNAMED --add-opens=java.base/java.util=ALL-UNNAMED --add-opens=java.prefs/java.util.prefs=ALL-UNNAMED --add-exports=jdk.compiler/com.sun.tools.javac.api=ALL-UNNAMED --add-exports=jdk.compiler/com.sun.tools.javac.util=ALL-UNNAMED --add-opens=java.base/java.util=ALL-UNNAMED --add-opens=java.prefs/java.util.prefs=ALL-UNNAMED --add-opens=java.base/java.nio.charset=ALL-UNNAMED --add-opens=java.base/java.net=ALL-UNNAMED --add-opens=java.base/java.util.concurrent.atomic=ALL-UNNAMED --add-opens=java.xml/javax.xml.namespace=ALL-UNNAMED -Xmx2048m -Dfile.encoding=UTF-8 -Duser.country=US -Duser.language=en -Duser.variant -javaagent:C:\Users\Mica\.gradle\wrapper\dists\gradle-8.13-bin\5xuhj0ry160q40clulazy9h7d\gradle-8.13\lib\agents\gradle-instrumentation-agent-8.13.jar org.gradle.launcher.daemon.bootstrap.GradleDaemon 8.13

Host: 13th Gen Intel(R) Core(TM) i5-1335U, 12 cores, 7G,  Windows 11 , 64 bit Build 26100 (10.0.26100.9444)
Time: Tue Sep 22 12:36:46 2026 China Standard Time elapsed time: 215.153761 seconds (0d 0h 3m 35s)

---------------  T H R E A D  ---------------

Current thread (0x0000021b20428810):  VMThread "VM Thread"          [id=14416, stack(0x000000ca66400000,0x000000ca66500000) (1024K)]

Stack: [0x000000ca66400000,0x000000ca66500000]
Native frames: (J=compiled Java code, j=interpreted, Vv=VM code, C=native code)
V  [jvm.dll+0x6d68d9]
V  [jvm.dll+0x866693]
V  [jvm.dll+0x868c4e]
V  [jvm.dll+0x869333]
V  [jvm.dll+0x280566]
V  [jvm.dll+0x6d3195]
V  [jvm.dll+0x6c69ea]
V  [jvm.dll+0x3586db]
V  [jvm.dll+0x360336]
V  [jvm.dll+0x3b23f6]
V  [jvm.dll+0x3b26c8]
V  [jvm.dll+0x32ae6c]
V  [jvm.dll+0x32aef7]
V  [jvm.dll+0x370d3c]
V  [jvm.dll+0x36f4ee]
V  [jvm.dll+0x32a5c1]
V  [jvm.dll+0x36ebf0]
V  [jvm.dll+0x86f0b8]
V  [jvm.dll+0x870434]
V  [jvm.dll+0x870970]
V  [jvm.dll+0x870c03]
V  [jvm.dll+0x80eac8]
V  [jvm.dll+0x6d512d]
C  [ucrtbase.dll+0x2cd30]
C  [KERNEL32.DLL+0x2cd87]
C  [ntdll.dll+0xacaec]

VM_Operation (0x000000ca6b0fb780): G1CollectForAllocation, mode: safepoint, requested by thread 0x0000021b25ee2cc0


---------------  P R O C E S S  ---------------

Threads class SMR info:
_java_thread_list=0x0000021b27bae650, length=192, elements={
0x0000021b06367430, 0x0000021b20477ec0, 0x0000021b2047ad50, 0x0000021b2047b7b0,
0x0000021b2049af90, 0x0000021b2049b9f0, 0x0000021b2049c450, 0x0000021b204b6780,
0x0000021b204b8080, 0x0000021b204b8b20, 0x0000021b2079a580, 0x0000021b20799860,
0x0000021b20797e20, 0x0000021b20799ef0, 0x0000021b20798b40, 0x0000021b26bd2df0,
0x0000021b26bd20d0, 0x0000021b26bd3b10, 0x0000021b26bd2760, 0x0000021b26bd3480,
0x0000021b26bd6f90, 0x0000021b26bd41a0, 0x0000021b26bd7620, 0x0000021b26bd89d0,
0x0000021b26bd7cb0, 0x0000021b26bd8340, 0x0000021b26bd9060, 0x0000021b26bd96f0,
0x0000021b2079ac10, 0x0000021b28573590, 0x0000021b28570110, 0x0000021b285714c0,
0x0000021b28572f00, 0x0000021b285707a0, 0x0000021b2c6a8170, 0x0000021b25ee0560,
0x0000021b2a0d0450, 0x0000021b2b399b00, 0x0000021b2b3980c0, 0x0000021b2b39a190,
0x0000021b2b39a820, 0x0000021b2b3973a0, 0x0000021b2b39cf80, 0x0000021b2b39b540,
0x0000021b2b39d610, 0x0000021b2b396d10, 0x0000021b2b39bbd0, 0x0000021b2b39e330,
0x0000021b2b39aeb0, 0x0000021b2b39e9c0, 0x0000021b2b3a17b0, 0x0000021b2b3a1120,
0x0000021b28d47d90, 0x0000021b28d49140, 0x0000021b28d47700, 0x0000021b28d48420,
0x0000021b28d46350, 0x0000021b28d48ab0, 0x0000021b28d4a4f0, 0x0000021b28d497d0,
0x0000021b28d49e60, 0x0000021b28d47070, 0x0000021b28d4b210, 0x0000021b28d4d970,
0x0000021b28d4b8a0, 0x0000021b28d4bf30, 0x0000021b25ee0bf0, 0x0000021b25ee1280,
0x0000021b25ee1fa0, 0x0000021b25ee2cc0, 0x0000021b25ee3350, 0x0000021b25edfed0,
0x0000021b25ee6140, 0x0000021b25ee67d0, 0x0000021b25ee4700, 0x0000021b25ee6e60,
0x0000021b25ee39e0, 0x0000021b25ee4070, 0x0000021b25ee4d90, 0x0000021b25ee9c50,
0x0000021b2933bde0, 0x0000021b29338ff0, 0x0000021b2933cb00, 0x0000021b29339680,
0x0000021b2933f260, 0x0000021b2933d190, 0x0000021b2933e540, 0x0000021b2b397a30,
0x0000021b2be606a0, 0x0000021b2be613c0, 0x0000021b2be60010, 0x0000021b2be60d30,
0x0000021b2ae34a70, 0x0000021b2ae35790, 0x0000021b2ae364b0, 0x0000021b2ae35100,
0x0000021b2ae33d50, 0x0000021b2ae36b40, 0x0000021b2ae336c0, 0x0000021b2ae35e20,
0x0000021b2ae343e0, 0x0000021b323e8810, 0x0000021b323e7af0, 0x0000021b323e8180,
0x0000021b32891b20, 0x0000021b3288ed30, 0x0000021b328921b0, 0x0000021b3288f3c0,
0x0000021b32890e00, 0x0000021b32891490, 0x0000021b2c2a30e0, 0x0000021b2c2a1d30,
0x0000021b2c29fc60, 0x0000021b2c2a0980, 0x0000021b2c2a23c0, 0x0000021b2c438a70,
0x0000021b2c4383e0, 0x0000021b31d1e040, 0x0000021b31d1cc90, 0x0000021b31d1d9b0,
0x0000021b31d1ed60, 0x0000021b31d1fa80, 0x0000021b31d20110, 0x0000021b31d1f3f0,
0x0000021b31d1e6d0, 0x0000021b31d1d320, 0x0000021b3288fa50, 0x0000021b288b0090,
0x0000021b288aece0, 0x0000021b288af370, 0x0000021b288afa00, 0x0000021b2c08eb20,
0x0000021b2c08de00, 0x0000021b2c08e490, 0x0000021b2c08d770, 0x0000021b2a1edd80,
0x0000021b2a1ee410, 0x0000021b2a1eeaa0, 0x0000021b2a1ef130, 0x0000021b2a202a50,
0x0000021b2a201d30, 0x0000021b2a2030e0, 0x0000021b2a2023c0, 0x0000021b2c8e61e0,
0x0000021b2c8e6870, 0x0000021b2c8e6f00, 0x0000021b2c8e5b50, 0x0000021b323fa030,
0x0000021b323fb3e0, 0x0000021b3125d370, 0x0000021b328900e0, 0x0000021b32890770,
0x0000021b2c2a02f0, 0x0000021b2c2a1010, 0x0000021b2c2a16a0, 0x0000021b2ab12d10,
0x0000021b2ab133a0, 0x0000021b2ab13a30, 0x0000021b2ab15b00, 0x0000021b2ab12680,
0x0000021b2ab15470, 0x0000021b3125da00, 0x0000021b323fad50, 0x0000021b323fa6c0,
0x0000021b2ab14750, 0x0000021b2ab14de0, 0x0000021b322657c0, 0x0000021b322636f0,
0x0000021b2be4b4e0, 0x0000021b2be48060, 0x0000021b2be486f0, 0x0000021b2be48d80,
0x0000021b2be4a130, 0x0000021b2be49410, 0x0000021b2be49aa0, 0x0000021b2be4a7c0,
0x0000021b2be4ae50, 0x0000021b2cb9d770, 0x0000021b2cb9bd30, 0x0000021b2a58adc0,
0x0000021b3125e090, 0x0000021b3125e720, 0x0000021b2777d780, 0x0000021b2777f1c0,
0x0000021b2777de10, 0x0000021b2777f850, 0x0000021b2777fee0, 0x0000021b27780570,
0x0000021b3131db70, 0x0000021b2a79fa40, 0x0000021b2a79ed20, 0x0000021b2894ac50
}

Java Threads: ( => current thread )
  0x0000021b06367430 JavaThread "main"                              [_thread_blocked, id=7000, stack(0x000000ca65d00000,0x000000ca65e00000) (1024K)]
  0x0000021b20477ec0 JavaThread "Common-Cleaner"             daemon [_thread_blocked, id=2216, stack(0x000000ca66500000,0x000000ca66600000) (1024K)]
  0x0000021b2047ad50 JavaThread "Reference Handler"          daemon [_thread_blocked, id=19176, stack(0x000000ca66600000,0x000000ca66700000) (1024K)]
  0x0000021b2047b7b0 JavaThread "Finalizer"                  daemon [_thread_blocked, id=11616, stack(0x000000ca66700000,0x000000ca66800000) (1024K)]
  0x0000021b2049af90 JavaThread "Signal Dispatcher"          daemon [_thread_blocked, id=21468, stack(0x000000ca66800000,0x000000ca66900000) (1024K)]
  0x0000021b2049b9f0 JavaThread "Attach Listener"            daemon [_thread_blocked, id=11896, stack(0x000000ca66900000,0x000000ca66a00000) (1024K)]
  0x0000021b2049c450 JavaThread "Service Thread"             daemon [_thread_blocked, id=12368, stack(0x000000ca66a00000,0x000000ca66b00000) (1024K)]
  0x0000021b204b6780 JavaThread "Monitor Deflation Thread"   daemon [_thread_blocked, id=5784, stack(0x000000ca66b00000,0x000000ca66c00000) (1024K)]
  0x0000021b204b8080 JavaThread "C2 CompilerThread0"         daemon [_thread_blocked, id=1312, stack(0x000000ca66c00000,0x000000ca66d00000) (1024K)]
  0x0000021b204b8b20 JavaThread "C1 CompilerThread0"         daemon [_thread_blocked, id=416, stack(0x000000ca66d00000,0x000000ca66e00000) (1024K)]
  0x0000021b2079a580 JavaThread "Notification Thread"        daemon [_thread_blocked, id=16976, stack(0x000000ca66e00000,0x000000ca66f00000) (1024K)]
  0x0000021b20799860 JavaThread "Daemon health stats"               [_thread_blocked, id=8748, stack(0x000000ca67000000,0x000000ca67100000) (1024K)]
  0x0000021b20797e20 JavaThread "Incoming local TCP Connector on port 54148"        [_thread_in_native, id=17952, stack(0x000000ca67900000,0x000000ca67a00000) (1024K)]
  0x0000021b20799ef0 JavaThread "Daemon periodic checks"            [_thread_blocked, id=17580, stack(0x000000ca67a00000,0x000000ca67b00000) (1024K)]
  0x0000021b20798b40 JavaThread "Daemon"                            [_thread_blocked, id=11268, stack(0x000000ca67b00000,0x000000ca67c00000) (1024K)]
  0x0000021b26bd2df0 JavaThread "Daemon worker"                     [_thread_blocked, id=8492, stack(0x000000ca67e00000,0x000000ca67f00000) (1024K)]
  0x0000021b26bd20d0 JavaThread "Cache worker for journal cache (C:\Users\Mica\.gradle\caches\journal-1)"        [_thread_blocked, id=15116, stack(0x000000ca68500000,0x000000ca68600000) (1024K)]
  0x0000021b26bd3b10 JavaThread "File lock request listener"        [_thread_in_native, id=15224, stack(0x000000ca68600000,0x000000ca68700000) (1024K)]
  0x0000021b26bd2760 JavaThread "Cache worker for file hash cache (C:\Users\Mica\.gradle\caches\8.13\fileHashes)"        [_thread_blocked, id=16076, stack(0x000000ca68700000,0x000000ca68800000) (1024K)]
  0x0000021b26bd3480 JavaThread "File watcher server"        daemon [_thread_blocked, id=3236, stack(0x000000ca68b00000,0x000000ca68c00000) (1024K)]
  0x0000021b26bd6f90 JavaThread "File watcher consumer"      daemon [_thread_blocked, id=17908, stack(0x000000ca68c00000,0x000000ca68d00000) (1024K)]
  0x0000021b26bd41a0 JavaThread "jar transforms"                    [_thread_blocked, id=12840, stack(0x000000ca68d00000,0x000000ca68e00000) (1024K)]
  0x0000021b26bd7620 JavaThread "jar transforms Thread 2"           [_thread_blocked, id=16344, stack(0x000000ca68e00000,0x000000ca68f00000) (1024K)]
  0x0000021b26bd89d0 JavaThread "jar transforms Thread 3"           [_thread_blocked, id=22320, stack(0x000000ca68f00000,0x000000ca69000000) (1024K)]
  0x0000021b26bd7cb0 JavaThread "jar transforms Thread 4"           [_thread_blocked, id=16720, stack(0x000000ca69000000,0x000000ca69100000) (1024K)]
  0x0000021b26bd8340 JavaThread "jar transforms Thread 5"           [_thread_blocked, id=12040, stack(0x000000ca69100000,0x000000ca69200000) (1024K)]
  0x0000021b26bd9060 JavaThread "jar transforms Thread 6"           [_thread_blocked, id=12960, stack(0x000000ca69200000,0x000000ca69300000) (1024K)]
  0x0000021b26bd96f0 JavaThread "jar transforms Thread 7"           [_thread_blocked, id=13052, stack(0x000000ca69300000,0x000000ca69400000) (1024K)]
  0x0000021b2079ac10 JavaThread "jar transforms Thread 8"           [_thread_blocked, id=20760, stack(0x000000ca69400000,0x000000ca69500000) (1024K)]
  0x0000021b28573590 JavaThread "jar transforms Thread 9"           [_thread_blocked, id=17284, stack(0x000000ca69500000,0x000000ca69600000) (1024K)]
  0x0000021b28570110 JavaThread "jar transforms Thread 10"          [_thread_blocked, id=1612, stack(0x000000ca69600000,0x000000ca69700000) (1024K)]
  0x0000021b285714c0 JavaThread "jar transforms Thread 11"          [_thread_blocked, id=7624, stack(0x000000ca69700000,0x000000ca69800000) (1024K)]
  0x0000021b28572f00 JavaThread "jar transforms Thread 12"          [_thread_blocked, id=7856, stack(0x000000ca69800000,0x000000ca69900000) (1024K)]
  0x0000021b285707a0 JavaThread "Cache worker for file content cache (C:\Users\Mica\.gradle\caches\8.13\fileContent)"        [_thread_blocked, id=9828, stack(0x000000ca69a00000,0x000000ca69b00000) (1024K)]
  0x0000021b2c6a8170 JavaThread "Memory manager"                    [_thread_blocked, id=2800, stack(0x000000ca6d200000,0x000000ca6d300000) (1024K)]
  0x0000021b25ee0560 JavaThread "VFS cleanup"                       [_thread_blocked, id=16432, stack(0x000000ca65b00000,0x000000ca65c00000) (1024K)]
  0x0000021b2a0d0450 JavaThread "included builds"                   [_thread_blocked, id=20376, stack(0x000000ca6bd00000,0x000000ca6be00000) (1024K)]
  0x0000021b2b399b00 JavaThread "Handler for socket connection from /127.0.0.1:54148 to /127.0.0.1:55820"        [_thread_in_native, id=1544, stack(0x000000ca65a00000,0x000000ca65b00000) (1024K)]
  0x0000021b2b3980c0 JavaThread "Cancel handler"                    [_thread_blocked, id=11256, stack(0x000000ca65c00000,0x000000ca65d00000) (1024K)]
  0x0000021b2b39a190 JavaThread "Asynchronous log dispatcher for DefaultDaemonConnection: socket connection from /127.0.0.1:54148 to /127.0.0.1:55820"        [_thread_blocked, id=20008, stack(0x000000ca66f00000,0x000000ca67000000) (1024K)]
  0x0000021b2b39a820 JavaThread "Stdin handler"                     [_thread_blocked, id=19964, stack(0x000000ca67c00000,0x000000ca67d00000) (1024K)]
  0x0000021b2b3973a0 JavaThread "Daemon client event forwarder"        [_thread_blocked, id=21528, stack(0x000000ca67d00000,0x000000ca67e00000) (1024K)]
  0x0000021b2b39cf80 JavaThread "Cache worker for file hash cache (C:\Users\Mica\OneDrive\Pictures\WAD\finalmadexam\.gradle\8.13\fileHashes)"        [_thread_blocked, id=17328, stack(0x000000ca68300000,0x000000ca68400000) (1024K)]
  0x0000021b2b39b540 JavaThread "Cache worker for Build Output Cleanup Cache (C:\Users\Mica\OneDrive\Pictures\WAD\finalmadexam\.gradle\buildOutputCleanup)"        [_thread_blocked, id=7808, stack(0x000000ca68400000,0x000000ca68500000) (1024K)]
  0x0000021b2b39d610 JavaThread "Cache worker for checksums cache (C:\Users\Mica\OneDrive\Pictures\WAD\finalmadexam\.gradle\8.13\checksums)"        [_thread_blocked, id=1752, stack(0x000000ca68800000,0x000000ca68900000) (1024K)]
  0x0000021b2b396d10 JavaThread "Cache worker for cache directory md-supplier (C:\Users\Mica\.gradle\caches\8.13\md-supplier)"        [_thread_blocked, id=9244, stack(0x000000ca68900000,0x000000ca68a00000) (1024K)]
  0x0000021b2b39bbd0 JavaThread "Cache worker for cache directory md-rule (C:\Users\Mica\.gradle\caches\8.13\md-rule)"        [_thread_blocked, id=9692, stack(0x000000ca68a00000,0x000000ca68b00000) (1024K)]
  0x0000021b2b39e330 JavaThread "Unconstrained build operations"        [_thread_blocked, id=15416, stack(0x000000ca69900000,0x000000ca69a00000) (1024K)]
  0x0000021b2b39aeb0 JavaThread "Unconstrained build operations Thread 2"        [_thread_blocked, id=14132, stack(0x000000ca69b00000,0x000000ca69c00000) (1024K)]
  0x0000021b2b39e9c0 JavaThread "Unconstrained build operations Thread 3"        [_thread_blocked, id=15332, stack(0x000000ca69c00000,0x000000ca69d00000) (1024K)]
  0x0000021b2b3a17b0 JavaThread "Unconstrained build operations Thread 4"        [_thread_blocked, id=15276, stack(0x000000ca69d00000,0x000000ca69e00000) (1024K)]
  0x0000021b2b3a1120 JavaThread "Unconstrained build operations Thread 5"        [_thread_blocked, id=17216, stack(0x000000ca69e00000,0x000000ca69f00000) (1024K)]
  0x0000021b28d47d90 JavaThread "Unconstrained build operations Thread 6"        [_thread_blocked, id=4108, stack(0x000000ca69f00000,0x000000ca6a000000) (1024K)]
  0x0000021b28d49140 JavaThread "Unconstrained build operations Thread 7"        [_thread_blocked, id=2768, stack(0x000000ca6a000000,0x000000ca6a100000) (1024K)]
  0x0000021b28d47700 JavaThread "Unconstrained build operations Thread 8"        [_thread_blocked, id=12264, stack(0x000000ca6a100000,0x000000ca6a200000) (1024K)]
  0x0000021b28d48420 JavaThread "Unconstrained build operations Thread 9"        [_thread_blocked, id=8144, stack(0x000000ca6a200000,0x000000ca6a300000) (1024K)]
  0x0000021b28d46350 JavaThread "Unconstrained build operations Thread 10"        [_thread_blocked, id=22024, stack(0x000000ca6a300000,0x000000ca6a400000) (1024K)]
  0x0000021b28d48ab0 JavaThread "Unconstrained build operations Thread 11"        [_thread_blocked, id=14652, stack(0x000000ca6a400000,0x000000ca6a500000) (1024K)]
  0x0000021b28d4a4f0 JavaThread "Unconstrained build operations Thread 12"        [_thread_blocked, id=19004, stack(0x000000ca6a500000,0x000000ca6a600000) (1024K)]
  0x0000021b28d497d0 JavaThread "Unconstrained build operations Thread 13"        [_thread_blocked, id=4344, stack(0x000000ca6a600000,0x000000ca6a700000) (1024K)]
  0x0000021b28d49e60 JavaThread "Unconstrained build operations Thread 14"        [_thread_blocked, id=17888, stack(0x000000ca6a700000,0x000000ca6a800000) (1024K)]
  0x0000021b28d47070 JavaThread "Unconstrained build operations Thread 15"        [_thread_blocked, id=11184, stack(0x000000ca6a800000,0x000000ca6a900000) (1024K)]
  0x0000021b28d4b210 JavaThread "Unconstrained build operations Thread 16"        [_thread_blocked, id=3192, stack(0x000000ca6a900000,0x000000ca6aa00000) (1024K)]
  0x0000021b28d4d970 JavaThread "Unconstrained build operations Thread 17"        [_thread_blocked, id=6728, stack(0x000000ca6aa00000,0x000000ca6ab00000) (1024K)]
  0x0000021b28d4b8a0 JavaThread "Unconstrained build operations Thread 18"        [_thread_blocked, id=16200, stack(0x000000ca6ab00000,0x000000ca6ac00000) (1024K)]
  0x0000021b28d4bf30 JavaThread "Unconstrained build operations Thread 19"        [_thread_blocked, id=17388, stack(0x000000ca6ac00000,0x000000ca6ad00000) (1024K)]
  0x0000021b25ee0bf0 JavaThread "Unconstrained build operations Thread 20"        [_thread_blocked, id=20320, stack(0x000000ca6ad00000,0x000000ca6ae00000) (1024K)]
  0x0000021b25ee1280 JavaThread "Unconstrained build operations Thread 21"        [_thread_blocked, id=2792, stack(0x000000ca6ae00000,0x000000ca6af00000) (1024K)]
  0x0000021b25ee1fa0 JavaThread "Unconstrained build operations Thread 22"        [_thread_blocked, id=9968, stack(0x000000ca6af00000,0x000000ca6b000000) (1024K)]
  0x0000021b25ee2cc0 JavaThread "Unconstrained build operations Thread 23"        [_thread_blocked, id=12784, stack(0x000000ca6b000000,0x000000ca6b100000) (1024K)]
  0x0000021b25ee3350 JavaThread "Unconstrained build operations Thread 24"        [_thread_blocked, id=10280, stack(0x000000ca6b100000,0x000000ca6b200000) (1024K)]
  0x0000021b25edfed0 JavaThread "Unconstrained build operations Thread 25"        [_thread_blocked, id=20856, stack(0x000000ca6b200000,0x000000ca6b300000) (1024K)]
  0x0000021b25ee6140 JavaThread "Unconstrained build operations Thread 26"        [_thread_blocked, id=11920, stack(0x000000ca6b300000,0x000000ca6b400000) (1024K)]
  0x0000021b25ee67d0 JavaThread "Unconstrained build operations Thread 27"        [_thread_blocked, id=19368, stack(0x000000ca6b400000,0x000000ca6b500000) (1024K)]
  0x0000021b25ee4700 JavaThread "Unconstrained build operations Thread 28"        [_thread_blocked, id=11924, stack(0x000000ca6b500000,0x000000ca6b600000) (1024K)]
  0x0000021b25ee6e60 JavaThread "Unconstrained build operations Thread 29"        [_thread_blocked, id=1924, stack(0x000000ca6b600000,0x000000ca6b700000) (1024K)]
  0x0000021b25ee39e0 JavaThread "Unconstrained build operations Thread 30"        [_thread_blocked, id=10436, stack(0x000000ca6b700000,0x000000ca6b800000) (1024K)]
  0x0000021b25ee4070 JavaThread "Unconstrained build operations Thread 31"        [_thread_blocked, id=14624, stack(0x000000ca6b800000,0x000000ca6b900000) (1024K)]
  0x0000021b25ee4d90 JavaThread "Unconstrained build operations Thread 32"        [_thread_blocked, id=3420, stack(0x000000ca6b900000,0x000000ca6ba00000) (1024K)]
  0x0000021b25ee9c50 JavaThread "build event listener"              [_thread_blocked, id=13880, stack(0x000000ca6ba00000,0x000000ca6bb00000) (1024K)]
  0x0000021b2933bde0 JavaThread "included builds"                   [_thread_blocked, id=10660, stack(0x000000ca6bc00000,0x000000ca6bd00000) (1024K)]
  0x0000021b29338ff0 JavaThread "Execution worker"                  [_thread_blocked, id=19080, stack(0x000000ca6be00000,0x000000ca6bf00000) (1024K)]
  0x0000021b2933cb00 JavaThread "Execution worker Thread 2"         [_thread_blocked, id=22448, stack(0x000000ca6bf00000,0x000000ca6c000000) (1024K)]
  0x0000021b29339680 JavaThread "Execution worker Thread 3"         [_thread_blocked, id=13752, stack(0x000000ca6c000000,0x000000ca6c100000) (1024K)]
  0x0000021b2933f260 JavaThread "Execution worker Thread 4"         [_thread_blocked, id=14188, stack(0x000000ca6c100000,0x000000ca6c200000) (1024K)]
  0x0000021b2933d190 JavaThread "Execution worker Thread 5"         [_thread_blocked, id=18796, stack(0x000000ca6c200000,0x000000ca6c300000) (1024K)]
  0x0000021b2933e540 JavaThread "Execution worker Thread 6"         [_thread_blocked, id=9180, stack(0x000000ca6c300000,0x000000ca6c400000) (1024K)]
  0x0000021b2b397a30 JavaThread "Execution worker Thread 7"         [_thread_blocked, id=16064, stack(0x000000ca6c400000,0x000000ca6c500000) (1024K)]
  0x0000021b2be606a0 JavaThread "Execution worker Thread 8"         [_thread_blocked, id=11928, stack(0x000000ca6c500000,0x000000ca6c600000) (1024K)]
  0x0000021b2be613c0 JavaThread "Execution worker Thread 9"         [_thread_blocked, id=14300, stack(0x000000ca6c600000,0x000000ca6c700000) (1024K)]
  0x0000021b2be60010 JavaThread "Execution worker Thread 10"        [_thread_blocked, id=1020, stack(0x000000ca6c700000,0x000000ca6c800000) (1024K)]
  0x0000021b2be60d30 JavaThread "Execution worker Thread 11"        [_thread_blocked, id=6408, stack(0x000000ca6c800000,0x000000ca6c900000) (1024K)]
  0x0000021b2ae34a70 JavaThread "Cache worker for execution history cache (C:\Users\Mica\OneDrive\Pictures\WAD\finalmadexam\.gradle\8.13\executionHistory)"        [_thread_blocked, id=20428, stack(0x000000ca6c900000,0x000000ca6ca00000) (1024K)]
  0x0000021b2ae35790 JavaThread "Unconstrained build operations Thread 33"        [_thread_blocked, id=3824, stack(0x000000ca6ca00000,0x000000ca6cb00000) (1024K)]
  0x0000021b2ae364b0 JavaThread "Unconstrained build operations Thread 34"        [_thread_blocked, id=9728, stack(0x000000ca6cb00000,0x000000ca6cc00000) (1024K)]
  0x0000021b2ae35100 JavaThread "Unconstrained build operations Thread 35"        [_thread_blocked, id=19292, stack(0x000000ca6cc00000,0x000000ca6cd00000) (1024K)]
  0x0000021b2ae33d50 JavaThread "Unconstrained build operations Thread 36"        [_thread_blocked, id=10496, stack(0x000000ca6cd00000,0x000000ca6ce00000) (1024K)]
  0x0000021b2ae36b40 JavaThread "Unconstrained build operations Thread 37"        [_thread_blocked, id=13936, stack(0x000000ca6ce00000,0x000000ca6cf00000) (1024K)]
  0x0000021b2ae336c0 JavaThread "Unconstrained build operations Thread 38"        [_thread_blocked, id=16260, stack(0x000000ca6cf00000,0x000000ca6d000000) (1024K)]
  0x0000021b2ae35e20 JavaThread "Unconstrained build operations Thread 39"        [_thread_blocked, id=5840, stack(0x000000ca6d000000,0x000000ca6d100000) (1024K)]
  0x0000021b2ae343e0 JavaThread "Unconstrained build operations Thread 40"        [_thread_blocked, id=17656, stack(0x000000ca6d100000,0x000000ca6d200000) (1024K)]
  0x0000021b323e8810 JavaThread "Unconstrained build operations Thread 41"        [_thread_blocked, id=3876, stack(0x000000ca6d300000,0x000000ca6d400000) (1024K)]
  0x0000021b323e7af0 JavaThread "Unconstrained build operations Thread 42"        [_thread_blocked, id=6720, stack(0x000000ca6d400000,0x000000ca6d500000) (1024K)]
  0x0000021b323e8180 JavaThread "Unconstrained build operations Thread 43"        [_thread_blocked, id=5524, stack(0x000000ca6d500000,0x000000ca6d600000) (1024K)]
  0x0000021b32891b20 JavaThread "Unconstrained build operations Thread 44"        [_thread_blocked, id=20968, stack(0x000000ca6d600000,0x000000ca6d700000) (1024K)]
  0x0000021b3288ed30 JavaThread "Unconstrained build operations Thread 45"        [_thread_blocked, id=18528, stack(0x000000ca6d700000,0x000000ca6d800000) (1024K)]
  0x0000021b328921b0 JavaThread "Unconstrained build operations Thread 46"        [_thread_blocked, id=22056, stack(0x000000ca6d800000,0x000000ca6d900000) (1024K)]
  0x0000021b3288f3c0 JavaThread "Unconstrained build operations Thread 47"        [_thread_blocked, id=19680, stack(0x000000ca6d900000,0x000000ca6da00000) (1024K)]
  0x0000021b32890e00 JavaThread "Unconstrained build operations Thread 48"        [_thread_blocked, id=4040, stack(0x000000ca6da00000,0x000000ca6db00000) (1024K)]
  0x0000021b32891490 JavaThread "Unconstrained build operations Thread 49"        [_thread_blocked, id=14064, stack(0x000000ca6db00000,0x000000ca6dc00000) (1024K)]
  0x0000021b2c2a30e0 JavaThread "Unconstrained build operations Thread 50"        [_thread_blocked, id=15928, stack(0x000000ca6dc00000,0x000000ca6dd00000) (1024K)]
  0x0000021b2c2a1d30 JavaThread "Unconstrained build operations Thread 51"        [_thread_blocked, id=13140, stack(0x000000ca6dd00000,0x000000ca6de00000) (1024K)]
  0x0000021b2c29fc60 JavaThread "Unconstrained build operations Thread 52"        [_thread_blocked, id=19696, stack(0x000000ca6de00000,0x000000ca6df00000) (1024K)]
  0x0000021b2c2a0980 JavaThread "Unconstrained build operations Thread 53"        [_thread_blocked, id=13888, stack(0x000000ca6df00000,0x000000ca6e000000) (1024K)]
  0x0000021b2c2a23c0 JavaThread "Unconstrained build operations Thread 54"        [_thread_blocked, id=15888, stack(0x000000ca6e000000,0x000000ca6e100000) (1024K)]
  0x0000021b2c438a70 JavaThread "Unconstrained build operations Thread 55"        [_thread_blocked, id=15564, stack(0x000000ca6e100000,0x000000ca6e200000) (1024K)]
  0x0000021b2c4383e0 JavaThread "Unconstrained build operations Thread 56"        [_thread_blocked, id=8240, stack(0x000000ca6e300000,0x000000ca6e400000) (1024K)]
  0x0000021b31d1e040 JavaThread "Unconstrained build operations Thread 57"        [_thread_blocked, id=6724, stack(0x000000ca6e400000,0x000000ca6e500000) (1024K)]
  0x0000021b31d1cc90 JavaThread "Unconstrained build operations Thread 58"        [_thread_blocked, id=14276, stack(0x000000ca6e500000,0x000000ca6e600000) (1024K)]
  0x0000021b31d1d9b0 JavaThread "Unconstrained build operations Thread 59"        [_thread_blocked, id=19532, stack(0x000000ca6e600000,0x000000ca6e700000) (1024K)]
  0x0000021b31d1ed60 JavaThread "Unconstrained build operations Thread 60"        [_thread_blocked, id=1824, stack(0x000000ca6e700000,0x000000ca6e800000) (1024K)]
  0x0000021b31d1fa80 JavaThread "Unconstrained build operations Thread 61"        [_thread_blocked, id=17956, stack(0x000000ca6e800000,0x000000ca6e900000) (1024K)]
  0x0000021b31d20110 JavaThread "Unconstrained build operations Thread 62"        [_thread_blocked, id=16332, stack(0x000000ca6e900000,0x000000ca6ea00000) (1024K)]
  0x0000021b31d1f3f0 JavaThread "Unconstrained build operations Thread 63"        [_thread_blocked, id=20396, stack(0x000000ca6ea00000,0x000000ca6eb00000) (1024K)]
  0x0000021b31d1e6d0 JavaThread "Unconstrained build operations Thread 64"        [_thread_blocked, id=17628, stack(0x000000ca6eb00000,0x000000ca6ec00000) (1024K)]
  0x0000021b31d1d320 JavaThread "Unconstrained build operations Thread 65"        [_thread_blocked, id=7268, stack(0x000000ca6ec00000,0x000000ca6ed00000) (1024K)]
  0x0000021b3288fa50 JavaThread "Unconstrained build operations Thread 66"        [_thread_blocked, id=20540, stack(0x000000ca6ed00000,0x000000ca6ee00000) (1024K)]
  0x0000021b288b0090 JavaThread "Unconstrained build operations Thread 67"        [_thread_blocked, id=19948, stack(0x000000ca6ee00000,0x000000ca6ef00000) (1024K)]
  0x0000021b288aece0 JavaThread "Unconstrained build operations Thread 68"        [_thread_blocked, id=4724, stack(0x000000ca6ef00000,0x000000ca6f000000) (1024K)]
  0x0000021b288af370 JavaThread "Unconstrained build operations Thread 69"        [_thread_blocked, id=15920, stack(0x000000ca6f000000,0x000000ca6f100000) (1024K)]
  0x0000021b288afa00 JavaThread "Unconstrained build operations Thread 70"        [_thread_blocked, id=4608, stack(0x000000ca6f100000,0x000000ca6f200000) (1024K)]
  0x0000021b2c08eb20 JavaThread "Unconstrained build operations Thread 71"        [_thread_blocked, id=20972, stack(0x000000ca6f200000,0x000000ca6f300000) (1024K)]
  0x0000021b2c08de00 JavaThread "Unconstrained build operations Thread 72"        [_thread_blocked, id=19448, stack(0x000000ca6f300000,0x000000ca6f400000) (1024K)]
  0x0000021b2c08e490 JavaThread "Unconstrained build operations Thread 73"        [_thread_blocked, id=11772, stack(0x000000ca6f400000,0x000000ca6f500000) (1024K)]
  0x0000021b2c08d770 JavaThread "Unconstrained build operations Thread 74"        [_thread_blocked, id=14104, stack(0x000000ca6f500000,0x000000ca6f600000) (1024K)]
  0x0000021b2a1edd80 JavaThread "Unconstrained build operations Thread 75"        [_thread_blocked, id=21540, stack(0x000000ca6f600000,0x000000ca6f700000) (1024K)]
  0x0000021b2a1ee410 JavaThread "Unconstrained build operations Thread 76"        [_thread_blocked, id=14884, stack(0x000000ca6f700000,0x000000ca6f800000) (1024K)]
  0x0000021b2a1eeaa0 JavaThread "Unconstrained build operations Thread 77"        [_thread_blocked, id=3680, stack(0x000000ca6f800000,0x000000ca6f900000) (1024K)]
  0x0000021b2a1ef130 JavaThread "Unconstrained build operations Thread 78"        [_thread_blocked, id=11532, stack(0x000000ca6f900000,0x000000ca6fa00000) (1024K)]
  0x0000021b2a202a50 JavaThread "Unconstrained build operations Thread 79"        [_thread_blocked, id=20060, stack(0x000000ca6fa00000,0x000000ca6fb00000) (1024K)]
  0x0000021b2a201d30 JavaThread "Unconstrained build operations Thread 80"        [_thread_blocked, id=21416, stack(0x000000ca6fb00000,0x000000ca6fc00000) (1024K)]
  0x0000021b2a2030e0 JavaThread "Unconstrained build operations Thread 81"        [_thread_blocked, id=1456, stack(0x000000ca6fc00000,0x000000ca6fd00000) (1024K)]
  0x0000021b2a2023c0 JavaThread "Unconstrained build operations Thread 82"        [_thread_blocked, id=12224, stack(0x000000ca6fd00000,0x000000ca6fe00000) (1024K)]
  0x0000021b2c8e61e0 JavaThread "Unconstrained build operations Thread 83"        [_thread_blocked, id=1116, stack(0x000000ca6fe00000,0x000000ca6ff00000) (1024K)]
  0x0000021b2c8e6870 JavaThread "Unconstrained build operations Thread 84"        [_thread_blocked, id=13864, stack(0x000000ca6ff00000,0x000000ca70000000) (1024K)]
  0x0000021b2c8e6f00 JavaThread "Unconstrained build operations Thread 85"        [_thread_blocked, id=14848, stack(0x000000ca70000000,0x000000ca70100000) (1024K)]
  0x0000021b2c8e5b50 JavaThread "Unconstrained build operations Thread 86"        [_thread_blocked, id=15776, stack(0x000000ca70100000,0x000000ca70200000) (1024K)]
  0x0000021b323fa030 JavaThread "Unconstrained build operations Thread 87"        [_thread_blocked, id=14232, stack(0x000000ca70200000,0x000000ca70300000) (1024K)]
  0x0000021b323fb3e0 JavaThread "Unconstrained build operations Thread 88"        [_thread_blocked, id=11368, stack(0x000000ca70300000,0x000000ca70400000) (1024K)]
  0x0000021b3125d370 JavaThread "Unconstrained build operations Thread 89"        [_thread_blocked, id=3488, stack(0x000000ca70400000,0x000000ca70500000) (1024K)]
  0x0000021b328900e0 JavaThread "Unconstrained build operations Thread 90"        [_thread_blocked, id=15256, stack(0x000000ca67f00000,0x000000ca68000000) (1024K)]
  0x0000021b32890770 JavaThread "Unconstrained build operations Thread 91"        [_thread_blocked, id=5964, stack(0x000000ca6bb00000,0x000000ca6bc00000) (1024K)]
  0x0000021b2c2a02f0 JavaThread "Unconstrained build operations Thread 92"        [_thread_blocked, id=10644, stack(0x000000ca70500000,0x000000ca70600000) (1024K)]
  0x0000021b2c2a1010 JavaThread "Unconstrained build operations Thread 93"        [_thread_blocked, id=5660, stack(0x000000ca70600000,0x000000ca70700000) (1024K)]
  0x0000021b2c2a16a0 JavaThread "Unconstrained build operations Thread 94"        [_thread_blocked, id=12700, stack(0x000000ca70700000,0x000000ca70800000) (1024K)]
  0x0000021b2ab12d10 JavaThread "Unconstrained build operations Thread 95"        [_thread_blocked, id=22428, stack(0x000000ca70800000,0x000000ca70900000) (1024K)]
  0x0000021b2ab133a0 JavaThread "Unconstrained build operations Thread 96"        [_thread_blocked, id=19088, stack(0x000000ca70900000,0x000000ca70a00000) (1024K)]
  0x0000021b2ab13a30 JavaThread "Unconstrained build operations Thread 97"        [_thread_blocked, id=21908, stack(0x000000ca70a00000,0x000000ca70b00000) (1024K)]
  0x0000021b2ab15b00 JavaThread "Unconstrained build operations Thread 98"        [_thread_blocked, id=18328, stack(0x000000ca70b00000,0x000000ca70c00000) (1024K)]
  0x0000021b2ab12680 JavaThread "Unconstrained build operations Thread 99"        [_thread_blocked, id=12260, stack(0x000000ca70c00000,0x000000ca70d00000) (1024K)]
  0x0000021b2ab15470 JavaThread "Unconstrained build operations Thread 100"        [_thread_blocked, id=21292, stack(0x000000ca70d00000,0x000000ca70e00000) (1024K)]
  0x0000021b3125da00 JavaThread "pool-9-thread-1"                   [_thread_blocked, id=15136, stack(0x000000ca70f00000,0x000000ca71000000) (1024K)]
  0x0000021b323fad50 JavaThread "stderr"                            [_thread_in_native, id=22384, stack(0x000000ca71000000,0x000000ca71100000) (1024K)]
  0x0000021b323fa6c0 JavaThread "stdout"                            [_thread_in_native, id=1368, stack(0x000000ca71100000,0x000000ca71200000) (1024K)]
  0x0000021b2ab14750 JavaThread "stderr"                            [_thread_in_native, id=2304, stack(0x000000ca71200000,0x000000ca71300000) (1024K)]
  0x0000021b2ab14de0 JavaThread "stdout"                            [_thread_in_native, id=11272, stack(0x000000ca71300000,0x000000ca71400000) (1024K)]
  0x0000021b322657c0 JavaThread "stderr"                            [_thread_in_native, id=16900, stack(0x000000ca71400000,0x000000ca71500000) (1024K)]
  0x0000021b322636f0 JavaThread "stdout"                            [_thread_in_native, id=18712, stack(0x000000ca71500000,0x000000ca71600000) (1024K)]
  0x0000021b2be4b4e0 JavaThread "Unconstrained build operations Thread 101"        [_thread_blocked, id=16328, stack(0x000000ca70e00000,0x000000ca70f00000) (1024K)]
  0x0000021b2be48060 JavaThread "Unconstrained build operations Thread 102"        [_thread_blocked, id=2192, stack(0x000000ca71600000,0x000000ca71700000) (1024K)]
  0x0000021b2be486f0 JavaThread "Unconstrained build operations Thread 103"        [_thread_blocked, id=18160, stack(0x000000ca71700000,0x000000ca71800000) (1024K)]
  0x0000021b2be48d80 JavaThread "Unconstrained build operations Thread 104"        [_thread_blocked, id=20432, stack(0x000000ca71800000,0x000000ca71900000) (1024K)]
  0x0000021b2be4a130 JavaThread "Unconstrained build operations Thread 105"        [_thread_blocked, id=18708, stack(0x000000ca71900000,0x000000ca71a00000) (1024K)]
  0x0000021b2be49410 JavaThread "Unconstrained build operations Thread 106"        [_thread_blocked, id=19108, stack(0x000000ca71a00000,0x000000ca71b00000) (1024K)]
  0x0000021b2be49aa0 JavaThread "Unconstrained build operations Thread 107"        [_thread_blocked, id=5372, stack(0x000000ca71b00000,0x000000ca71c00000) (1024K)]
  0x0000021b2be4a7c0 JavaThread "Unconstrained build operations Thread 108"        [_thread_blocked, id=2136, stack(0x000000ca71c00000,0x000000ca71d00000) (1024K)]
  0x0000021b2be4ae50 JavaThread "Unconstrained build operations Thread 109"        [_thread_blocked, id=4720, stack(0x000000ca71d00000,0x000000ca71e00000) (1024K)]
  0x0000021b2cb9d770 JavaThread "Unconstrained build operations Thread 110"        [_thread_blocked, id=22256, stack(0x000000ca71e00000,0x000000ca71f00000) (1024K)]
  0x0000021b2cb9bd30 JavaThread "Unconstrained build operations Thread 111"        [_thread_blocked, id=18816, stack(0x000000ca71f00000,0x000000ca72000000) (1024K)]
  0x0000021b2a58adc0 JavaThread "Unconstrained build operations Thread 112"        [_thread_blocked, id=10556, stack(0x000000ca72000000,0x000000ca72100000) (1024K)]
  0x0000021b3125e090 JavaThread "Unconstrained build operations Thread 113"        [_thread_blocked, id=16488, stack(0x000000ca72100000,0x000000ca72200000) (1024K)]
  0x0000021b3125e720 JavaThread "Unconstrained build operations Thread 114"        [_thread_blocked, id=1552, stack(0x000000ca72200000,0x000000ca72300000) (1024K)]
  0x0000021b2777d780 JavaThread "Unconstrained build operations Thread 115"        [_thread_blocked, id=13504, stack(0x000000ca72300000,0x000000ca72400000) (1024K)]
  0x0000021b2777f1c0 JavaThread "Unconstrained build operations Thread 116"        [_thread_blocked, id=13484, stack(0x000000ca72400000,0x000000ca72500000) (1024K)]
  0x0000021b2777de10 JavaThread "Unconstrained build operations Thread 117"        [_thread_blocked, id=9384, stack(0x000000ca72500000,0x000000ca72600000) (1024K)]
  0x0000021b2777f850 JavaThread "Unconstrained build operations Thread 118"        [_thread_blocked, id=12212, stack(0x000000ca72600000,0x000000ca72700000) (1024K)]
  0x0000021b2777fee0 JavaThread "Unconstrained build operations Thread 119"        [_thread_blocked, id=12108, stack(0x000000ca72700000,0x000000ca72800000) (1024K)]
  0x0000021b27780570 JavaThread "Unconstrained build operations Thread 120"        [_thread_blocked, id=12236, stack(0x000000ca72800000,0x000000ca72900000) (1024K)]
  0x0000021b3131db70 JavaThread "Exec process"                      [_thread_blocked, id=9296, stack(0x000000ca72900000,0x000000ca72a00000) (1024K)]
  0x0000021b2a79fa40 JavaThread "Exec process Thread 2"             [_thread_blocked, id=12892, stack(0x000000ca72a00000,0x000000ca72b00000) (1024K)]
  0x0000021b2a79ed20 JavaThread "Exec process Thread 3"             [_thread_blocked, id=20944, stack(0x000000ca72b00000,0x000000ca72c00000) (1024K)]
  0x0000021b2894ac50 JavaThread "C2 CompilerThread1"         daemon [_thread_blocked, id=13784, stack(0x000000ca72c00000,0x000000ca72d00000) (1024K)]
Total: 192

Other Threads:
=>0x0000021b20428810 VMThread "VM Thread"                           [id=14416, stack(0x000000ca66400000,0x000000ca66500000) (1024K)]
  0x0000021b2026ef40 WatcherThread "VM Periodic Task Thread"        [id=19348, stack(0x000000ca66300000,0x000000ca66400000) (1024K)]
  0x0000021b087f47d0 WorkerThread "GC Thread#0"                     [id=2724, stack(0x000000ca65e00000,0x000000ca65f00000) (1024K)]
  0x0000021b255a4e70 WorkerThread "GC Thread#1"                     [id=17636, stack(0x000000ca67100000,0x000000ca67200000) (1024K)]
  0x0000021b25569630 WorkerThread "GC Thread#2"                     [id=13776, stack(0x000000ca67200000,0x000000ca67300000) (1024K)]
  0x0000021b253a4180 WorkerThread "GC Thread#3"                     [id=10148, stack(0x000000ca67300000,0x000000ca67400000) (1024K)]
  0x0000021b253d8f10 WorkerThread "GC Thread#4"                     [id=17432, stack(0x000000ca67400000,0x000000ca67500000) (1024K)]
  0x0000021b2683bf50 WorkerThread "GC Thread#5"                     [id=13120, stack(0x000000ca67500000,0x000000ca67600000) (1024K)]
  0x0000021b25cbb0e0 WorkerThread "GC Thread#6"                     [id=8688, stack(0x000000ca67600000,0x000000ca67700000) (1024K)]
  0x0000021b25cbb480 WorkerThread "GC Thread#7"                     [id=16732, stack(0x000000ca67700000,0x000000ca67800000) (1024K)]
  0x0000021b26a07140 WorkerThread "GC Thread#8"                     [id=18780, stack(0x000000ca67800000,0x000000ca67900000) (1024K)]
  0x0000021b26a07880 WorkerThread "GC Thread#9"                     [id=16992, stack(0x000000ca68000000,0x000000ca68100000) (1024K)]
  0x0000021b08805820 ConcurrentGCThread "G1 Main Marker"            [id=16044, stack(0x000000ca65f00000,0x000000ca66000000) (1024K)]
  0x0000021b08807dc0 WorkerThread "G1 Conc#0"                       [id=16148, stack(0x000000ca66000000,0x000000ca66100000) (1024K)]
  0x0000021b26a08360 WorkerThread "G1 Conc#1"                       [id=18924, stack(0x000000ca68100000,0x000000ca68200000) (1024K)]
  0x0000021b26a074e0 WorkerThread "G1 Conc#2"                       [id=16936, stack(0x000000ca68200000,0x000000ca68300000) (1024K)]
  0x0000021b20143590 ConcurrentGCThread "G1 Refine#0"               [id=9500, stack(0x000000ca66100000,0x000000ca66200000) (1024K)]
  0x0000021b20143db0 ConcurrentGCThread "G1 Service"                [id=7604, stack(0x000000ca66200000,0x000000ca66300000) (1024K)]
Total: 18

Threads with active compile tasks:
C2 CompilerThread0  215173 26279       4       com.android.build.gradle.internal.dependency.EnumerateClassesDelegate$extractClasses$1$1::test (9 bytes)
C2 CompilerThread1  215173 26281       4       sun.nio.fs.WindowsFileSystemProvider::readAttributes (63 bytes)
Total: 2

VM state: at safepoint (normal execution)

VM Mutex/Monitor currently owned by a thread:  ([mutex/lock_event])
[0x00007ffadb4685b8] Threads_lock - owner thread: 0x0000021b20428810
[0x00007ffadb4686b8] Heap_lock - owner thread: 0x0000021b25ee2cc0

Heap address: 0x0000000080000000, size: 2048 MB, Compressed Oops mode: 32-bit

CDS archive(s) not mapped
Compressed class space mapped at: 0x0000000100000000-0x0000000140000000, reserved size: 1073741824
Narrow klass base: 0x0000000000000000, Narrow klass shift: 3, Narrow klass range: 0x140000000

GC Precious Log:
 CardTable entry size: 512
 Card Set container configuration: InlinePtr #cards 5 size 8 Array Of Cards #cards 12 size 40 Howl #buckets 4 coarsen threshold 1843 Howl Bitmap #cards 512 size 80 coarsen threshold 460 Card regions per heap region 1 cards per card region 2048
 CPUs: 12 total, 12 available
 Memory: 7879M
 Large Page Support: Disabled
 NUMA Support: Disabled
 Compressed Oops: Enabled (32-bit)
 Heap Region Size: 1M
 Heap Min Capacity: 8M
 Heap Initial Capacity: 124M
 Heap Max Capacity: 2G
 Pre-touch: Disabled
 Parallel Workers: 10
 Concurrent Workers: 3
 Concurrent Refinement Workers: 10
 Periodic GC: Disabled

Heap:
 garbage-first heap   total 348160K, used 208137K [0x0000000080000000, 0x0000000100000000)
  region size 1024K, 7 young (7168K), 7 survivors (7168K)
 Metaspace       used 161848K, committed 164352K, reserved 1245184K
  class space    used 22187K, committed 23424K, reserved 1048576K

Heap Regions: E=young(eden), S=young(survivor), O=old, HS=humongous(starts), HC=humongous(continues), CS=collection set, F=free, TAMS=top-at-mark-start, PB=parsable bottom
|   0|0x0000000080000000, 0x0000000080100000, 0x0000000080100000|100%|HS|  |TAMS 0x0000000080100000| PB 0x0000000080000000| Complete 
|   1|0x0000000080100000, 0x0000000080200000, 0x0000000080200000|100%|HC|  |TAMS 0x0000000080200000| PB 0x0000000080100000| Complete 
|   2|0x0000000080200000, 0x0000000080300000, 0x0000000080300000|100%|HC|  |TAMS 0x0000000080300000| PB 0x0000000080200000| Complete 
|   3|0x0000000080300000, 0x0000000080400000, 0x0000000080400000|100%| O|  |TAMS 0x0000000080400000| PB 0x0000000080300000| Untracked 
|   4|0x0000000080400000, 0x0000000080500000, 0x0000000080500000|100%| O|  |TAMS 0x0000000080500000| PB 0x0000000080400000| Untracked 
|   5|0x0000000080500000, 0x0000000080600000, 0x0000000080600000|100%| O|  |TAMS 0x0000000080600000| PB 0x0000000080500000| Untracked 
|   6|0x0000000080600000, 0x0000000080700000, 0x0000000080700000|100%|HS|  |TAMS 0x0000000080700000| PB 0x0000000080600000| Complete 
|   7|0x0000000080700000, 0x0000000080800000, 0x0000000080800000|100%| O|  |TAMS 0x0000000080800000| PB 0x0000000080700000| Untracked 
|   8|0x0000000080800000, 0x0000000080900000, 0x0000000080900000|100%| O|  |TAMS 0x0000000080900000| PB 0x0000000080800000| Untracked 
|   9|0x0000000080900000, 0x0000000080a00000, 0x0000000080a00000|100%| O|  |TAMS 0x0000000080a00000| PB 0x0000000080900000| Untracked 
|  10|0x0000000080a00000, 0x0000000080b00000, 0x0000000080b00000|100%| O|  |TAMS 0x0000000080b00000| PB 0x0000000080a00000| Untracked 
|  11|0x0000000080b00000, 0x0000000080c00000, 0x0000000080c00000|100%| O|  |TAMS 0x0000000080c00000| PB 0x0000000080b00000| Untracked 
|  12|0x0000000080c00000, 0x0000000080d00000, 0x0000000080d00000|100%| O|  |TAMS 0x0000000080d00000| PB 0x0000000080c00000| Untracked 
|  13|0x0000000080d00000, 0x0000000080e00000, 0x0000000080e00000|100%| O|  |TAMS 0x0000000080e00000| PB 0x0000000080d00000| Untracked 
|  14|0x0000000080e00000, 0x0000000080f00000, 0x0000000080f00000|100%| O|  |TAMS 0x0000000080f00000| PB 0x0000000080e00000| Untracked 
|  15|0x0000000080f00000, 0x0000000081000000, 0x0000000081000000|100%| O|  |TAMS 0x0000000081000000| PB 0x0000000080f00000| Untracked 
|  16|0x0000000081000000, 0x0000000081100000, 0x0000000081100000|100%| O|  |TAMS 0x0000000081100000| PB 0x0000000081000000| Untracked 
|  17|0x0000000081100000, 0x0000000081200000, 0x0000000081200000|100%| O|  |TAMS 0x0000000081200000| PB 0x0000000081100000| Untracked 
|  18|0x0000000081200000, 0x0000000081300000, 0x0000000081300000|100%| O|  |TAMS 0x0000000081300000| PB 0x0000000081200000| Untracked 
|  19|0x0000000081300000, 0x0000000081400000, 0x0000000081400000|100%| O|  |TAMS 0x0000000081400000| PB 0x0000000081300000| Untracked 
|  20|0x0000000081400000, 0x0000000081500000, 0x0000000081500000|100%| O|  |TAMS 0x0000000081500000| PB 0x0000000081400000| Untracked 
|  21|0x0000000081500000, 0x0000000081600000, 0x0000000081600000|100%| O|  |TAMS 0x0000000081600000| PB 0x0000000081500000| Untracked 
|  22|0x0000000081600000, 0x0000000081700000, 0x0000000081700000|100%| O|  |TAMS 0x0000000081700000| PB 0x0000000081600000| Untracked 
|  23|0x0000000081700000, 0x0000000081800000, 0x0000000081800000|100%| O|  |TAMS 0x0000000081800000| PB 0x0000000081700000| Untracked 
|  24|0x0000000081800000, 0x0000000081900000, 0x0000000081900000|100%|HS|  |TAMS 0x0000000081900000| PB 0x0000000081800000| Complete 
|  25|0x0000000081900000, 0x0000000081a00000, 0x0000000081a00000|100%|HC|  |TAMS 0x0000000081a00000| PB 0x0000000081900000| Complete 
|  26|0x0000000081a00000, 0x0000000081b00000, 0x0000000081b00000|100%|HC|  |TAMS 0x0000000081b00000| PB 0x0000000081a00000| Complete 
|  27|0x0000000081b00000, 0x0000000081c00000, 0x0000000081c00000|100%|HC|  |TAMS 0x0000000081c00000| PB 0x0000000081b00000| Complete 
|  28|0x0000000081c00000, 0x0000000081d00000, 0x0000000081d00000|100%|HC|  |TAMS 0x0000000081d00000| PB 0x0000000081c00000| Complete 
|  29|0x0000000081d00000, 0x0000000081e00000, 0x0000000081e00000|100%|HC|  |TAMS 0x0000000081e00000| PB 0x0000000081d00000| Complete 
|  30|0x0000000081e00000, 0x0000000081f00000, 0x0000000081f00000|100%|HS|  |TAMS 0x0000000081f00000| PB 0x0000000081e00000| Complete 
|  31|0x0000000081f00000, 0x0000000082000000, 0x0000000082000000|100%|HS|  |TAMS 0x0000000082000000| PB 0x0000000081f00000| Complete 
|  32|0x0000000082000000, 0x0000000082100000, 0x0000000082100000|100%|HC|  |TAMS 0x0000000082100000| PB 0x0000000082000000| Complete 
|  33|0x0000000082100000, 0x0000000082200000, 0x0000000082200000|100%|HS|  |TAMS 0x0000000082200000| PB 0x0000000082100000| Complete 
|  34|0x0000000082200000, 0x0000000082300000, 0x0000000082300000|100%|HC|  |TAMS 0x0000000082300000| PB 0x0000000082200000| Complete 
|  35|0x0000000082300000, 0x0000000082400000, 0x0000000082400000|100%|HC|  |TAMS 0x0000000082400000| PB 0x0000000082300000| Complete 
|  36|0x0000000082400000, 0x0000000082500000, 0x0000000082500000|100%|HC|  |TAMS 0x0000000082500000| PB 0x0000000082400000| Complete 
|  37|0x0000000082500000, 0x0000000082600000, 0x0000000082600000|100%|HS|  |TAMS 0x0000000082600000| PB 0x0000000082500000| Complete 
|  38|0x0000000082600000, 0x0000000082700000, 0x0000000082700000|100%|HS|  |TAMS 0x0000000082700000| PB 0x0000000082600000| Complete 
|  39|0x0000000082700000, 0x0000000082800000, 0x0000000082800000|100%|HC|  |TAMS 0x0000000082800000| PB 0x0000000082700000| Complete 
|  40|0x0000000082800000, 0x0000000082900000, 0x0000000082900000|100%|HC|  |TAMS 0x0000000082900000| PB 0x0000000082800000| Complete 
|  41|0x0000000082900000, 0x0000000082a00000, 0x0000000082a00000|100%|HC|  |TAMS 0x0000000082a00000| PB 0x0000000082900000| Complete 
|  42|0x0000000082a00000, 0x0000000082b00000, 0x0000000082b00000|100%|HC|  |TAMS 0x0000000082b00000| PB 0x0000000082a00000| Complete 
|  43|0x0000000082b00000, 0x0000000082c00000, 0x0000000082c00000|100%|HC|  |TAMS 0x0000000082c00000| PB 0x0000000082b00000| Complete 
|  44|0x0000000082c00000, 0x0000000082d00000, 0x0000000082d00000|100%|HS|  |TAMS 0x0000000082d00000| PB 0x0000000082c00000| Complete 
|  45|0x0000000082d00000, 0x0000000082e00000, 0x0000000082e00000|100%|HS|  |TAMS 0x0000000082e00000| PB 0x0000000082d00000| Complete 
|  46|0x0000000082e00000, 0x0000000082f00000, 0x0000000082f00000|100%|HC|  |TAMS 0x0000000082f00000| PB 0x0000000082e00000| Complete 
|  47|0x0000000082f00000, 0x0000000083000000, 0x0000000083000000|100%|HS|  |TAMS 0x0000000083000000| PB 0x0000000082f00000| Complete 
|  48|0x0000000083000000, 0x0000000083100000, 0x0000000083100000|100%|HC|  |TAMS 0x0000000083100000| PB 0x0000000083000000| Complete 
|  49|0x0000000083100000, 0x0000000083200000, 0x0000000083200000|100%|HC|  |TAMS 0x0000000083200000| PB 0x0000000083100000| Complete 
|  50|0x0000000083200000, 0x0000000083300000, 0x0000000083300000|100%|HC|  |TAMS 0x0000000083300000| PB 0x0000000083200000| Complete 
|  51|0x0000000083300000, 0x0000000083400000, 0x0000000083400000|100%| O|  |TAMS 0x0000000083400000| PB 0x0000000083300000| Untracked 
|  52|0x0000000083400000, 0x0000000083500000, 0x0000000083500000|100%|HS|  |TAMS 0x0000000083500000| PB 0x0000000083400000| Complete 
|  53|0x0000000083500000, 0x0000000083600000, 0x0000000083600000|100%| O|  |TAMS 0x0000000083600000| PB 0x0000000083500000| Untracked 
|  54|0x0000000083600000, 0x0000000083700000, 0x0000000083700000|100%| O|  |TAMS 0x0000000083700000| PB 0x0000000083600000| Untracked 
|  55|0x0000000083700000, 0x0000000083800000, 0x0000000083800000|100%| O|  |TAMS 0x0000000083800000| PB 0x0000000083700000| Untracked 
|  56|0x0000000083800000, 0x0000000083900000, 0x0000000083900000|100%| O|  |TAMS 0x0000000083900000| PB 0x0000000083800000| Untracked 
|  57|0x0000000083900000, 0x0000000083a00000, 0x0000000083a00000|100%| O|  |TAMS 0x0000000083a00000| PB 0x0000000083900000| Untracked 
|  58|0x0000000083a00000, 0x0000000083b00000, 0x0000000083b00000|100%| O|  |TAMS 0x0000000083b00000| PB 0x0000000083a00000| Untracked 
|  59|0x0000000083b00000, 0x0000000083c00000, 0x0000000083c00000|100%| O|  |TAMS 0x0000000083c00000| PB 0x0000000083b00000| Untracked 
|  60|0x0000000083c00000, 0x0000000083d00000, 0x0000000083d00000|100%| O|  |TAMS 0x0000000083d00000| PB 0x0000000083c00000| Untracked 
|  61|0x0000000083d00000, 0x0000000083e00000, 0x0000000083e00000|100%| O|  |TAMS 0x0000000083e00000| PB 0x0000000083d00000| Untracked 
|  62|0x0000000083e00000, 0x0000000083f00000, 0x0000000083f00000|100%| O|  |TAMS 0x0000000083f00000| PB 0x0000000083e00000| Untracked 
|  63|0x0000000083f00000, 0x0000000084000000, 0x0000000084000000|100%|HS|  |TAMS 0x0000000084000000| PB 0x0000000083f00000| Complete 
|  64|0x0000000084000000, 0x0000000084100000, 0x0000000084100000|100%|HC|  |TAMS 0x0000000084100000| PB 0x0000000084000000| Complete 
|  65|0x0000000084100000, 0x0000000084200000, 0x0000000084200000|100%| O|  |TAMS 0x0000000084200000| PB 0x0000000084100000| Untracked 
|  66|0x0000000084200000, 0x0000000084300000, 0x0000000084300000|100%|HS|  |TAMS 0x0000000084300000| PB 0x0000000084200000| Complete 
|  67|0x0000000084300000, 0x0000000084400000, 0x0000000084400000|100%|HC|  |TAMS 0x0000000084400000| PB 0x0000000084300000| Complete 
|  68|0x0000000084400000, 0x0000000084500000, 0x0000000084500000|100%|HC|  |TAMS 0x0000000084500000| PB 0x0000000084400000| Complete 
|  69|0x0000000084500000, 0x0000000084600000, 0x0000000084600000|100%|HC|  |TAMS 0x0000000084600000| PB 0x0000000084500000| Complete 
|  70|0x0000000084600000, 0x0000000084700000, 0x0000000084700000|100%|HC|  |TAMS 0x0000000084700000| PB 0x0000000084600000| Complete 
|  71|0x0000000084700000, 0x0000000084800000, 0x0000000084800000|100%|HC|  |TAMS 0x0000000084800000| PB 0x0000000084700000| Complete 
|  72|0x0000000084800000, 0x0000000084900000, 0x0000000084900000|100%|HS|  |TAMS 0x0000000084900000| PB 0x0000000084800000| Complete 
|  73|0x0000000084900000, 0x0000000084a00000, 0x0000000084a00000|100%|HS|  |TAMS 0x0000000084a00000| PB 0x0000000084900000| Complete 
|  74|0x0000000084a00000, 0x0000000084b00000, 0x0000000084b00000|100%|HC|  |TAMS 0x0000000084b00000| PB 0x0000000084a00000| Complete 
|  75|0x0000000084b00000, 0x0000000084c00000, 0x0000000084c00000|100%|HC|  |TAMS 0x0000000084c00000| PB 0x0000000084b00000| Complete 
|  76|0x0000000084c00000, 0x0000000084d00000, 0x0000000084d00000|100%|HC|  |TAMS 0x0000000084d00000| PB 0x0000000084c00000| Complete 
|  77|0x0000000084d00000, 0x0000000084e00000, 0x0000000084e00000|100%|HC|  |TAMS 0x0000000084e00000| PB 0x0000000084d00000| Complete 
|  78|0x0000000084e00000, 0x0000000084f00000, 0x0000000084f00000|100%|HC|  |TAMS 0x0000000084f00000| PB 0x0000000084e00000| Complete 
|  79|0x0000000084f00000, 0x0000000085000000, 0x0000000085000000|100%|HS|  |TAMS 0x0000000085000000| PB 0x0000000084f00000| Complete 
|  80|0x0000000085000000, 0x0000000085100000, 0x0000000085100000|100%| O|  |TAMS 0x0000000085100000| PB 0x0000000085000000| Untracked 
|  81|0x0000000085100000, 0x0000000085200000, 0x0000000085200000|100%| O|  |TAMS 0x0000000085200000| PB 0x0000000085100000| Untracked 
|  82|0x0000000085200000, 0x0000000085300000, 0x0000000085300000|100%| O|  |TAMS 0x0000000085300000| PB 0x0000000085200000| Untracked 
|  83|0x0000000085300000, 0x0000000085400000, 0x0000000085400000|100%| O|  |TAMS 0x0000000085400000| PB 0x0000000085300000| Untracked 
|  84|0x0000000085400000, 0x0000000085500000, 0x0000000085500000|100%| O|  |TAMS 0x0000000085500000| PB 0x0000000085400000| Untracked 
|  85|0x0000000085500000, 0x0000000085600000, 0x0000000085600000|100%| O|  |TAMS 0x0000000085600000| PB 0x0000000085500000| Untracked 
|  86|0x0000000085600000, 0x0000000085700000, 0x0000000085700000|100%| O|  |TAMS 0x0000000085700000| PB 0x0000000085600000| Untracked 
|  87|0x0000000085700000, 0x0000000085800000, 0x0000000085800000|100%| O|  |TAMS 0x0000000085800000| PB 0x0000000085700000| Untracked 
|  88|0x0000000085800000, 0x0000000085900000, 0x0000000085900000|100%| O|  |TAMS 0x0000000085900000| PB 0x0000000085800000| Untracked 
|  89|0x0000000085900000, 0x0000000085a00000, 0x0000000085a00000|100%| O|  |TAMS 0x0000000085a00000| PB 0x0000000085900000| Untracked 
|  90|0x0000000085a00000, 0x0000000085b00000, 0x0000000085b00000|100%|HS|  |TAMS 0x0000000085b00000| PB 0x0000000085a00000| Complete 
|  91|0x0000000085b00000, 0x0000000085c00000, 0x0000000085c00000|100%|HS|  |TAMS 0x0000000085c00000| PB 0x0000000085b00000| Complete 
|  92|0x0000000085c00000, 0x0000000085d00000, 0x0000000085d00000|100%|HS|  |TAMS 0x0000000085d00000| PB 0x0000000085c00000| Complete 
|  93|0x0000000085d00000, 0x0000000085e00000, 0x0000000085e00000|100%|HS|  |TAMS 0x0000000085e00000| PB 0x0000000085d00000| Complete 
|  94|0x0000000085e00000, 0x0000000085f00000, 0x0000000085f00000|100%|HS|  |TAMS 0x0000000085f00000| PB 0x0000000085e00000| Complete 
|  95|0x0000000085f00000, 0x0000000086000000, 0x0000000086000000|100%| O|  |TAMS 0x0000000086000000| PB 0x0000000085f00000| Untracked 
|  96|0x0000000086000000, 0x0000000086100000, 0x0000000086100000|100%|HS|  |TAMS 0x0000000086100000| PB 0x0000000086000000| Complete 
|  97|0x0000000086100000, 0x0000000086100000, 0x0000000086200000|  0%| F|  |TAMS 0x0000000086100000| PB 0x0000000086100000| Untracked 
|  98|0x0000000086200000, 0x0000000086300000, 0x0000000086300000|100%| O|  |TAMS 0x0000000086300000| PB 0x0000000086200000| Untracked 
|  99|0x0000000086300000, 0x0000000086400000, 0x0000000086400000|100%| O|  |TAMS 0x0000000086400000| PB 0x0000000086300000| Untracked 
| 100|0x0000000086400000, 0x0000000086500000, 0x0000000086500000|100%| O|  |TAMS 0x0000000086500000| PB 0x0000000086400000| Untracked 
| 101|0x0000000086500000, 0x0000000086600000, 0x0000000086600000|100%| O|  |TAMS 0x0000000086600000| PB 0x0000000086500000| Untracked 
| 102|0x0000000086600000, 0x0000000086700000, 0x0000000086700000|100%| O|  |TAMS 0x0000000086700000| PB 0x0000000086600000| Untracked 
| 103|0x0000000086700000, 0x0000000086800000, 0x0000000086800000|100%|HS|  |TAMS 0x0000000086800000| PB 0x0000000086700000| Complete 
| 104|0x0000000086800000, 0x0000000086900000, 0x0000000086900000|100%| O|  |TAMS 0x0000000086900000| PB 0x0000000086800000| Untracked 
| 105|0x0000000086900000, 0x0000000086a00000, 0x0000000086a00000|100%| O|  |TAMS 0x0000000086a00000| PB 0x0000000086900000| Untracked 
| 106|0x0000000086a00000, 0x0000000086b00000, 0x0000000086b00000|100%| O|  |TAMS 0x0000000086b00000| PB 0x0000000086a00000| Untracked 
| 107|0x0000000086b00000, 0x0000000086c00000, 0x0000000086c00000|100%| O|  |TAMS 0x0000000086c00000| PB 0x0000000086b00000| Untracked 
| 108|0x0000000086c00000, 0x0000000086d00000, 0x0000000086d00000|100%| O|  |TAMS 0x0000000086d00000| PB 0x0000000086c00000| Untracked 
| 109|0x0000000086d00000, 0x0000000086e00000, 0x0000000086e00000|100%| O|  |TAMS 0x0000000086e00000| PB 0x0000000086d00000| Untracked 
| 110|0x0000000086e00000, 0x0000000086f00000, 0x0000000086f00000|100%| O|  |TAMS 0x0000000086f00000| PB 0x0000000086e00000| Untracked 
| 111|0x0000000086f00000, 0x0000000087000000, 0x0000000087000000|100%| O|  |TAMS 0x0000000087000000| PB 0x0000000086f00000| Untracked 
| 112|0x0000000087000000, 0x0000000087100000, 0x0000000087100000|100%| O|  |TAMS 0x0000000087100000| PB 0x0000000087000000| Untracked 
| 113|0x0000000087100000, 0x0000000087200000, 0x0000000087200000|100%|HS|  |TAMS 0x0000000087200000| PB 0x0000000087100000| Complete 
| 114|0x0000000087200000, 0x0000000087300000, 0x0000000087300000|100%|HC|  |TAMS 0x0000000087300000| PB 0x0000000087200000| Complete 
| 115|0x0000000087300000, 0x0000000087400000, 0x0000000087400000|100%| O|  |TAMS 0x0000000087400000| PB 0x0000000087300000| Untracked 
| 116|0x0000000087400000, 0x0000000087500000, 0x0000000087500000|100%| O|  |TAMS 0x0000000087500000| PB 0x0000000087400000| Untracked 
| 117|0x0000000087500000, 0x0000000087600000, 0x0000000087600000|100%| O|  |TAMS 0x0000000087600000| PB 0x0000000087500000| Untracked 
| 118|0x0000000087600000, 0x0000000087700000, 0x0000000087700000|100%| O|  |TAMS 0x0000000087700000| PB 0x0000000087600000| Untracked 
| 119|0x0000000087700000, 0x0000000087800000, 0x0000000087800000|100%| O|  |TAMS 0x0000000087800000| PB 0x0000000087700000| Untracked 
| 120|0x0000000087800000, 0x0000000087900000, 0x0000000087900000|100%| O|  |TAMS 0x0000000087900000| PB 0x0000000087800000| Untracked 
| 121|0x0000000087900000, 0x0000000087a00000, 0x0000000087a00000|100%| O|  |TAMS 0x0000000087a00000| PB 0x0000000087900000| Untracked 
| 122|0x0000000087a00000, 0x0000000087b00000, 0x0000000087b00000|100%| O|  |TAMS 0x0000000087b00000| PB 0x0000000087a00000| Untracked 
| 123|0x0000000087b00000, 0x0000000087c00000, 0x0000000087c00000|100%| O|  |TAMS 0x0000000087c00000| PB 0x0000000087b00000| Untracked 
| 124|0x0000000087c00000, 0x0000000087d00000, 0x0000000087d00000|100%| O|  |TAMS 0x0000000087d00000| PB 0x0000000087c00000| Untracked 
| 125|0x0000000087d00000, 0x0000000087e00000, 0x0000000087e00000|100%| O|  |TAMS 0x0000000087e00000| PB 0x0000000087d00000| Untracked 
| 126|0x0000000087e00000, 0x0000000087f00000, 0x0000000087f00000|100%| O|  |TAMS 0x0000000087f00000| PB 0x0000000087e00000| Untracked 
| 127|0x0000000087f00000, 0x0000000088000000, 0x0000000088000000|100%| O|  |TAMS 0x0000000088000000| PB 0x0000000087f00000| Untracked 
| 128|0x0000000088000000, 0x0000000088100000, 0x0000000088100000|100%| O|  |TAMS 0x0000000088100000| PB 0x0000000088000000| Untracked 
| 129|0x0000000088100000, 0x0000000088200000, 0x0000000088200000|100%| O|  |TAMS 0x0000000088200000| PB 0x0000000088100000| Untracked 
| 130|0x0000000088200000, 0x0000000088300000, 0x0000000088300000|100%| O|  |TAMS 0x0000000088300000| PB 0x0000000088200000| Untracked 
| 131|0x0000000088300000, 0x0000000088400000, 0x0000000088400000|100%| O|  |TAMS 0x0000000088400000| PB 0x0000000088300000| Untracked 
| 132|0x0000000088400000, 0x0000000088500000, 0x0000000088500000|100%| O|  |TAMS 0x0000000088500000| PB 0x0000000088400000| Untracked 
| 133|0x0000000088500000, 0x0000000088600000, 0x0000000088600000|100%| O|  |TAMS 0x0000000088600000| PB 0x0000000088500000| Untracked 
| 134|0x0000000088600000, 0x0000000088700000, 0x0000000088700000|100%| O|  |TAMS 0x0000000088700000| PB 0x0000000088600000| Untracked 
| 135|0x0000000088700000, 0x0000000088800000, 0x0000000088800000|100%| O|  |TAMS 0x0000000088800000| PB 0x0000000088700000| Untracked 
| 136|0x0000000088800000, 0x0000000088900000, 0x0000000088900000|100%| O|  |TAMS 0x0000000088900000| PB 0x0000000088800000| Untracked 
| 137|0x0000000088900000, 0x0000000088900000, 0x0000000088a00000|  0%| F|  |TAMS 0x0000000088900000| PB 0x0000000088900000| Untracked 
| 138|0x0000000088a00000, 0x0000000088b00000, 0x0000000088b00000|100%| O|  |TAMS 0x0000000088b00000| PB 0x0000000088a00000| Untracked 
| 139|0x0000000088b00000, 0x0000000088c00000, 0x0000000088c00000|100%| O|  |TAMS 0x0000000088c00000| PB 0x0000000088b00000| Untracked 
| 140|0x0000000088c00000, 0x0000000088d00000, 0x0000000088d00000|100%| O|  |TAMS 0x0000000088d00000| PB 0x0000000088c00000| Untracked 
| 141|0x0000000088d00000, 0x0000000088e00000, 0x0000000088e00000|100%| O|  |TAMS 0x0000000088e00000| PB 0x0000000088d00000| Untracked 
| 142|0x0000000088e00000, 0x0000000088f00000, 0x0000000088f00000|100%| O|  |TAMS 0x0000000088f00000| PB 0x0000000088e00000| Untracked 
| 143|0x0000000088f00000, 0x0000000089000000, 0x0000000089000000|100%| O|  |TAMS 0x0000000089000000| PB 0x0000000088f00000| Untracked 
| 144|0x0000000089000000, 0x0000000089100000, 0x0000000089100000|100%| O|  |TAMS 0x0000000089100000| PB 0x0000000089000000| Untracked 
| 145|0x0000000089100000, 0x0000000089200000, 0x0000000089200000|100%| O|  |TAMS 0x0000000089200000| PB 0x0000000089100000| Untracked 
| 146|0x0000000089200000, 0x0000000089300000, 0x0000000089300000|100%| O|  |TAMS 0x0000000089300000| PB 0x0000000089200000| Untracked 
| 147|0x0000000089300000, 0x0000000089400000, 0x0000000089400000|100%| O|  |TAMS 0x0000000089400000| PB 0x0000000089300000| Untracked 
| 148|0x0000000089400000, 0x0000000089500000, 0x0000000089500000|100%| O|  |TAMS 0x0000000089500000| PB 0x0000000089400000| Untracked 
| 149|0x0000000089500000, 0x0000000089600000, 0x0000000089600000|100%| O|  |TAMS 0x0000000089600000| PB 0x0000000089500000| Untracked 
| 150|0x0000000089600000, 0x0000000089700000, 0x0000000089700000|100%| O|  |TAMS 0x0000000089700000| PB 0x0000000089600000| Untracked 
| 151|0x0000000089700000, 0x0000000089800000, 0x0000000089800000|100%| O|  |TAMS 0x0000000089800000| PB 0x0000000089700000| Untracked 
| 152|0x0000000089800000, 0x0000000089900000, 0x0000000089900000|100%| O|  |TAMS 0x0000000089900000| PB 0x0000000089800000| Untracked 
| 153|0x0000000089900000, 0x0000000089a00000, 0x0000000089a00000|100%| O|  |TAMS 0x0000000089a00000| PB 0x0000000089900000| Untracked 
| 154|0x0000000089a00000, 0x0000000089b00000, 0x0000000089b00000|100%| O|  |TAMS 0x0000000089b00000| PB 0x0000000089a00000| Untracked 
| 155|0x0000000089b00000, 0x0000000089c00000, 0x0000000089c00000|100%| O|  |TAMS 0x0000000089c00000| PB 0x0000000089b00000| Untracked 
| 156|0x0000000089c00000, 0x0000000089d00000, 0x0000000089d00000|100%| O|  |TAMS 0x0000000089d00000| PB 0x0000000089c00000| Untracked 
| 157|0x0000000089d00000, 0x0000000089e00000, 0x0000000089e00000|100%| O|  |TAMS 0x0000000089e00000| PB 0x0000000089d00000| Untracked 
| 158|0x0000000089e00000, 0x0000000089f00000, 0x0000000089f00000|100%| O|  |TAMS 0x0000000089f00000| PB 0x0000000089e00000| Untracked 
| 159|0x0000000089f00000, 0x000000008a000000, 0x000000008a000000|100%| O|  |TAMS 0x000000008a000000| PB 0x0000000089f00000| Untracked 
| 160|0x000000008a000000, 0x000000008a100000, 0x000000008a100000|100%| O|  |TAMS 0x000000008a100000| PB 0x000000008a000000| Untracked 
| 161|0x000000008a100000, 0x000000008a100000, 0x000000008a200000|  0%| F|  |TAMS 0x000000008a100000| PB 0x000000008a100000| Untracked 
| 162|0x000000008a200000, 0x000000008a300000, 0x000000008a300000|100%| O|  |TAMS 0x000000008a300000| PB 0x000000008a200000| Untracked 
| 163|0x000000008a300000, 0x000000008a400000, 0x000000008a400000|100%| O|  |TAMS 0x000000008a400000| PB 0x000000008a300000| Untracked 
| 164|0x000000008a400000, 0x000000008a500000, 0x000000008a500000|100%| O|  |TAMS 0x000000008a500000| PB 0x000000008a400000| Untracked 
| 165|0x000000008a500000, 0x000000008a600000, 0x000000008a600000|100%| O|  |TAMS 0x000000008a600000| PB 0x000000008a500000| Untracked 
| 166|0x000000008a600000, 0x000000008a700000, 0x000000008a700000|100%| O|  |TAMS 0x000000008a700000| PB 0x000000008a600000| Untracked 
| 167|0x000000008a700000, 0x000000008a800000, 0x000000008a800000|100%| O|  |TAMS 0x000000008a800000| PB 0x000000008a700000| Untracked 
| 168|0x000000008a800000, 0x000000008a900000, 0x000000008a900000|100%| O|  |TAMS 0x000000008a900000| PB 0x000000008a800000| Untracked 
| 169|0x000000008a900000, 0x000000008aa00000, 0x000000008aa00000|100%| O|  |TAMS 0x000000008aa00000| PB 0x000000008a900000| Untracked 
| 170|0x000000008aa00000, 0x000000008ab00000, 0x000000008ab00000|100%| O|  |TAMS 0x000000008ab00000| PB 0x000000008aa00000| Untracked 
| 171|0x000000008ab00000, 0x000000008ac00000, 0x000000008ac00000|100%| O|  |TAMS 0x000000008ac00000| PB 0x000000008ab00000| Untracked 
| 172|0x000000008ac00000, 0x000000008ad00000, 0x000000008ad00000|100%| O|  |TAMS 0x000000008ad00000| PB 0x000000008ac00000| Untracked 
| 173|0x000000008ad00000, 0x000000008ae00000, 0x000000008ae00000|100%| O|  |TAMS 0x000000008ae00000| PB 0x000000008ad00000| Untracked 
| 174|0x000000008ae00000, 0x000000008af00000, 0x000000008af00000|100%| O|  |TAMS 0x000000008af00000| PB 0x000000008ae00000| Untracked 
| 175|0x000000008af00000, 0x000000008b000000, 0x000000008b000000|100%| O|  |TAMS 0x000000008b000000| PB 0x000000008af00000| Untracked 
| 176|0x000000008b000000, 0x000000008b000000, 0x000000008b100000|  0%| F|  |TAMS 0x000000008b000000| PB 0x000000008b000000| Untracked 
| 177|0x000000008b100000, 0x000000008b200000, 0x000000008b200000|100%| O|  |TAMS 0x000000008b200000| PB 0x000000008b100000| Untracked 
| 178|0x000000008b200000, 0x000000008b300000, 0x000000008b300000|100%| O|  |TAMS 0x000000008b300000| PB 0x000000008b200000| Untracked 
| 179|0x000000008b300000, 0x000000008b400000, 0x000000008b400000|100%| O|  |TAMS 0x000000008b400000| PB 0x000000008b300000| Untracked 
| 180|0x000000008b400000, 0x000000008b500000, 0x000000008b500000|100%| O|  |TAMS 0x000000008b500000| PB 0x000000008b400000| Untracked 
| 181|0x000000008b500000, 0x000000008b600000, 0x000000008b600000|100%| O|  |TAMS 0x000000008b600000| PB 0x000000008b500000| Untracked 
| 182|0x000000008b600000, 0x000000008b700000, 0x000000008b700000|100%| O|  |TAMS 0x000000008b700000| PB 0x000000008b600000| Untracked 
| 183|0x000000008b700000, 0x000000008b800000, 0x000000008b800000|100%| O|  |TAMS 0x000000008b800000| PB 0x000000008b700000| Untracked 
| 184|0x000000008b800000, 0x000000008b900000, 0x000000008b900000|100%| O|  |TAMS 0x000000008b900000| PB 0x000000008b800000| Untracked 
| 185|0x000000008b900000, 0x000000008ba00000, 0x000000008ba00000|100%| O|  |TAMS 0x000000008ba00000| PB 0x000000008b900000| Untracked 
| 186|0x000000008ba00000, 0x000000008bb00000, 0x000000008bb00000|100%| O|  |TAMS 0x000000008bb00000| PB 0x000000008ba00000| Untracked 
| 187|0x000000008bb00000, 0x000000008bc00000, 0x000000008bc00000|100%| O|  |TAMS 0x000000008bc00000| PB 0x000000008bb00000| Untracked 
| 188|0x000000008bc00000, 0x000000008bd00000, 0x000000008bd00000|100%| O|  |TAMS 0x000000008bd00000| PB 0x000000008bc00000| Untracked 
| 189|0x000000008bd00000, 0x000000008be00000, 0x000000008be00000|100%| O|  |TAMS 0x000000008be00000| PB 0x000000008bd00000| Untracked 
| 190|0x000000008be00000, 0x000000008bf00000, 0x000000008bf00000|100%| O|  |TAMS 0x000000008bf00000| PB 0x000000008be00000| Untracked 
| 191|0x000000008bf00000, 0x000000008bf00000, 0x000000008c000000|  0%| F|  |TAMS 0x000000008bf00000| PB 0x000000008bf00000| Untracked 
| 192|0x000000008c000000, 0x000000008c100000, 0x000000008c100000|100%| O|  |TAMS 0x000000008c100000| PB 0x000000008c000000| Untracked 
| 193|0x000000008c100000, 0x000000008c200000, 0x000000008c200000|100%| O|  |TAMS 0x000000008c200000| PB 0x000000008c100000| Untracked 
| 194|0x000000008c200000, 0x000000008c200000, 0x000000008c300000|  0%| F|  |TAMS 0x000000008c200000| PB 0x000000008c200000| Untracked 
| 195|0x000000008c300000, 0x000000008c400000, 0x000000008c400000|100%| O|  |TAMS 0x000000008c400000| PB 0x000000008c300000| Untracked 
| 196|0x000000008c400000, 0x000000008c500000, 0x000000008c500000|100%| O|  |TAMS 0x000000008c500000| PB 0x000000008c400000| Untracked 
| 197|0x000000008c500000, 0x000000008c600000, 0x000000008c600000|100%| O|  |TAMS 0x000000008c600000| PB 0x000000008c500000| Untracked 
| 198|0x000000008c600000, 0x000000008c620400, 0x000000008c700000| 12%| O|  |TAMS 0x000000008c620400| PB 0x000000008c600000| Untracked 
| 199|0x000000008c700000, 0x000000008c700000, 0x000000008c800000|  0%| F|  |TAMS 0x000000008c700000| PB 0x000000008c700000| Untracked 
| 200|0x000000008c800000, 0x000000008c800000, 0x000000008c900000|  0%| F|  |TAMS 0x000000008c800000| PB 0x000000008c800000| Untracked 
| 201|0x000000008c900000, 0x000000008c900000, 0x000000008ca00000|  0%| F|  |TAMS 0x000000008c900000| PB 0x000000008c900000| Untracked 
| 202|0x000000008ca00000, 0x000000008ca00000, 0x000000008cb00000|  0%| F|  |TAMS 0x000000008ca00000| PB 0x000000008ca00000| Untracked 
| 203|0x000000008cb00000, 0x000000008cb00000, 0x000000008cc00000|  0%| F|  |TAMS 0x000000008cb00000| PB 0x000000008cb00000| Untracked 
| 204|0x000000008cc00000, 0x000000008cc00000, 0x000000008cd00000|  0%| F|  |TAMS 0x000000008cc00000| PB 0x000000008cc00000| Untracked 
| 205|0x000000008cd00000, 0x000000008cd00000, 0x000000008ce00000|  0%| F|  |TAMS 0x000000008cd00000| PB 0x000000008cd00000| Untracked 
| 206|0x000000008ce00000, 0x000000008ce00000, 0x000000008cf00000|  0%| F|  |TAMS 0x000000008ce00000| PB 0x000000008ce00000| Untracked 
| 207|0x000000008cf00000, 0x000000008cf00000, 0x000000008d000000|  0%| F|  |TAMS 0x000000008cf00000| PB 0x000000008cf00000| Untracked 
| 208|0x000000008d000000, 0x000000008d000000, 0x000000008d100000|  0%| F|  |TAMS 0x000000008d000000| PB 0x000000008d000000| Untracked 
| 209|0x000000008d100000, 0x000000008d100000, 0x000000008d200000|  0%| F|  |TAMS 0x000000008d100000| PB 0x000000008d100000| Untracked 
| 210|0x000000008d200000, 0x000000008d2223a0, 0x000000008d300000| 13%| S|CS|TAMS 0x000000008d200000| PB 0x000000008d200000| Complete 
| 211|0x000000008d300000, 0x000000008d400000, 0x000000008d400000|100%| S|CS|TAMS 0x000000008d300000| PB 0x000000008d300000| Complete 
| 212|0x000000008d400000, 0x000000008d500000, 0x000000008d500000|100%| S|CS|TAMS 0x000000008d400000| PB 0x000000008d400000| Complete 
| 213|0x000000008d500000, 0x000000008d600000, 0x000000008d600000|100%| S|CS|TAMS 0x000000008d500000| PB 0x000000008d500000| Complete 
| 214|0x000000008d600000, 0x000000008d700000, 0x000000008d700000|100%| S|CS|TAMS 0x000000008d600000| PB 0x000000008d600000| Complete 
| 215|0x000000008d700000, 0x000000008d800000, 0x000000008d800000|100%| S|CS|TAMS 0x000000008d700000| PB 0x000000008d700000| Complete 
| 216|0x000000008d800000, 0x000000008d900000, 0x000000008d900000|100%| S|CS|TAMS 0x000000008d800000| PB 0x000000008d800000| Complete 
| 217|0x000000008d900000, 0x000000008d900000, 0x000000008da00000|  0%| F|  |TAMS 0x000000008d900000| PB 0x000000008d900000| Untracked 
| 218|0x000000008da00000, 0x000000008da00000, 0x000000008db00000|  0%| F|  |TAMS 0x000000008da00000| PB 0x000000008da00000| Untracked 
| 219|0x000000008db00000, 0x000000008db00000, 0x000000008dc00000|  0%| F|  |TAMS 0x000000008db00000| PB 0x000000008db00000| Untracked 
| 220|0x000000008dc00000, 0x000000008dc00000, 0x000000008dd00000|  0%| F|  |TAMS 0x000000008dc00000| PB 0x000000008dc00000| Untracked 
| 221|0x000000008dd00000, 0x000000008dd00000, 0x000000008de00000|  0%| F|  |TAMS 0x000000008dd00000| PB 0x000000008dd00000| Untracked 
| 222|0x000000008de00000, 0x000000008de00000, 0x000000008df00000|  0%| F|  |TAMS 0x000000008de00000| PB 0x000000008de00000| Untracked 
| 223|0x000000008df00000, 0x000000008df00000, 0x000000008e000000|  0%| F|  |TAMS 0x000000008df00000| PB 0x000000008df00000| Untracked 
| 224|0x000000008e000000, 0x000000008e000000, 0x000000008e100000|  0%| F|  |TAMS 0x000000008e000000| PB 0x000000008e000000| Untracked 
| 225|0x000000008e100000, 0x000000008e100000, 0x000000008e200000|  0%| F|  |TAMS 0x000000008e100000| PB 0x000000008e100000| Untracked 
| 226|0x000000008e200000, 0x000000008e200000, 0x000000008e300000|  0%| F|  |TAMS 0x000000008e200000| PB 0x000000008e200000| Untracked 
| 227|0x000000008e300000, 0x000000008e300000, 0x000000008e400000|  0%| F|  |TAMS 0x000000008e300000| PB 0x000000008e300000| Untracked 
| 228|0x000000008e400000, 0x000000008e400000, 0x000000008e500000|  0%| F|  |TAMS 0x000000008e400000| PB 0x000000008e400000| Untracked 
| 229|0x000000008e500000, 0x000000008e500000, 0x000000008e600000|  0%| F|  |TAMS 0x000000008e500000| PB 0x000000008e500000| Untracked 
| 230|0x000000008e600000, 0x000000008e600000, 0x000000008e700000|  0%| F|  |TAMS 0x000000008e600000| PB 0x000000008e600000| Untracked 
| 231|0x000000008e700000, 0x000000008e700000, 0x000000008e800000|  0%| F|  |TAMS 0x000000008e700000| PB 0x000000008e700000| Untracked 
| 232|0x000000008e800000, 0x000000008e800000, 0x000000008e900000|  0%| F|  |TAMS 0x000000008e800000| PB 0x000000008e800000| Untracked 
| 233|0x000000008e900000, 0x000000008e900000, 0x000000008ea00000|  0%| F|  |TAMS 0x000000008e900000| PB 0x000000008e900000| Untracked 
| 234|0x000000008ea00000, 0x000000008ea00000, 0x000000008eb00000|  0%| F|  |TAMS 0x000000008ea00000| PB 0x000000008ea00000| Untracked 
| 235|0x000000008eb00000, 0x000000008eb00000, 0x000000008ec00000|  0%| F|  |TAMS 0x000000008eb00000| PB 0x000000008eb00000| Untracked 
| 236|0x000000008ec00000, 0x000000008ec00000, 0x000000008ed00000|  0%| F|  |TAMS 0x000000008ec00000| PB 0x000000008ec00000| Untracked 
| 237|0x000000008ed00000, 0x000000008ed00000, 0x000000008ee00000|  0%| F|  |TAMS 0x000000008ed00000| PB 0x000000008ed00000| Untracked 
| 238|0x000000008ee00000, 0x000000008ee00000, 0x000000008ef00000|  0%| F|  |TAMS 0x000000008ee00000| PB 0x000000008ee00000| Untracked 
| 239|0x000000008ef00000, 0x000000008ef00000, 0x000000008f000000|  0%| F|  |TAMS 0x000000008ef00000| PB 0x000000008ef00000| Untracked 
| 240|0x000000008f000000, 0x000000008f000000, 0x000000008f100000|  0%| F|  |TAMS 0x000000008f000000| PB 0x000000008f000000| Untracked 
| 241|0x000000008f100000, 0x000000008f100000, 0x000000008f200000|  0%| F|  |TAMS 0x000000008f100000| PB 0x000000008f100000| Untracked 
| 242|0x000000008f200000, 0x000000008f200000, 0x000000008f300000|  0%| F|  |TAMS 0x000000008f200000| PB 0x000000008f200000| Untracked 
| 243|0x000000008f300000, 0x000000008f300000, 0x000000008f400000|  0%| F|  |TAMS 0x000000008f300000| PB 0x000000008f300000| Untracked 
| 244|0x000000008f400000, 0x000000008f400000, 0x000000008f500000|  0%| F|  |TAMS 0x000000008f400000| PB 0x000000008f400000| Untracked 
| 245|0x000000008f500000, 0x000000008f500000, 0x000000008f600000|  0%| F|  |TAMS 0x000000008f500000| PB 0x000000008f500000| Untracked 
| 246|0x000000008f600000, 0x000000008f600000, 0x000000008f700000|  0%| F|  |TAMS 0x000000008f600000| PB 0x000000008f600000| Untracked 
| 247|0x000000008f700000, 0x000000008f700000, 0x000000008f800000|  0%| F|  |TAMS 0x000000008f700000| PB 0x000000008f700000| Untracked 
| 248|0x000000008f800000, 0x000000008f800000, 0x000000008f900000|  0%| F|  |TAMS 0x000000008f800000| PB 0x000000008f800000| Untracked 
| 249|0x000000008f900000, 0x000000008f900000, 0x000000008fa00000|  0%| F|  |TAMS 0x000000008f900000| PB 0x000000008f900000| Untracked 
| 250|0x000000008fa00000, 0x000000008fa00000, 0x000000008fb00000|  0%| F|  |TAMS 0x000000008fa00000| PB 0x000000008fa00000| Untracked 
| 251|0x000000008fb00000, 0x000000008fb00000, 0x000000008fc00000|  0%| F|  |TAMS 0x000000008fb00000| PB 0x000000008fb00000| Untracked 
| 252|0x000000008fc00000, 0x000000008fc00000, 0x000000008fd00000|  0%| F|  |TAMS 0x000000008fc00000| PB 0x000000008fc00000| Untracked 
| 253|0x000000008fd00000, 0x000000008fd00000, 0x000000008fe00000|  0%| F|  |TAMS 0x000000008fd00000| PB 0x000000008fd00000| Untracked 
| 254|0x000000008fe00000, 0x000000008fe00000, 0x000000008ff00000|  0%| F|  |TAMS 0x000000008fe00000| PB 0x000000008fe00000| Untracked 
| 255|0x000000008ff00000, 0x000000008ff00000, 0x0000000090000000|  0%| F|  |TAMS 0x000000008ff00000| PB 0x000000008ff00000| Untracked 
| 256|0x0000000090000000, 0x0000000090000000, 0x0000000090100000|  0%| F|  |TAMS 0x0000000090000000| PB 0x0000000090000000| Untracked 
| 257|0x0000000090100000, 0x0000000090100000, 0x0000000090200000|  0%| F|  |TAMS 0x0000000090100000| PB 0x0000000090100000| Untracked 
| 258|0x0000000090200000, 0x0000000090200000, 0x0000000090300000|  0%| F|  |TAMS 0x0000000090200000| PB 0x0000000090200000| Untracked 
| 259|0x0000000090300000, 0x0000000090300000, 0x0000000090400000|  0%| F|  |TAMS 0x0000000090300000| PB 0x0000000090300000| Untracked 
| 260|0x0000000090400000, 0x0000000090400000, 0x0000000090500000|  0%| F|  |TAMS 0x0000000090400000| PB 0x0000000090400000| Untracked 
| 261|0x0000000090500000, 0x0000000090500000, 0x0000000090600000|  0%| F|  |TAMS 0x0000000090500000| PB 0x0000000090500000| Untracked 
| 262|0x0000000090600000, 0x0000000090600000, 0x0000000090700000|  0%| F|  |TAMS 0x0000000090600000| PB 0x0000000090600000| Untracked 
| 263|0x0000000090700000, 0x0000000090700000, 0x0000000090800000|  0%| F|  |TAMS 0x0000000090700000| PB 0x0000000090700000| Untracked 
| 264|0x0000000090800000, 0x0000000090800000, 0x0000000090900000|  0%| F|  |TAMS 0x0000000090800000| PB 0x0000000090800000| Untracked 
| 265|0x0000000090900000, 0x0000000090900000, 0x0000000090a00000|  0%| F|  |TAMS 0x0000000090900000| PB 0x0000000090900000| Untracked 
| 266|0x0000000090a00000, 0x0000000090a00000, 0x0000000090b00000|  0%| F|  |TAMS 0x0000000090a00000| PB 0x0000000090a00000| Untracked 
| 267|0x0000000090b00000, 0x0000000090b00000, 0x0000000090c00000|  0%| F|  |TAMS 0x0000000090b00000| PB 0x0000000090b00000| Untracked 
| 268|0x0000000090c00000, 0x0000000090c00000, 0x0000000090d00000|  0%| F|  |TAMS 0x0000000090c00000| PB 0x0000000090c00000| Untracked 
| 269|0x0000000090d00000, 0x0000000090d00000, 0x0000000090e00000|  0%| F|  |TAMS 0x0000000090d00000| PB 0x0000000090d00000| Untracked 
| 270|0x0000000090e00000, 0x0000000090e00000, 0x0000000090f00000|  0%| F|  |TAMS 0x0000000090e00000| PB 0x0000000090e00000| Untracked 
| 271|0x0000000090f00000, 0x0000000090f00000, 0x0000000091000000|  0%| F|  |TAMS 0x0000000090f00000| PB 0x0000000090f00000| Untracked 
| 272|0x0000000091000000, 0x0000000091000000, 0x0000000091100000|  0%| F|  |TAMS 0x0000000091000000| PB 0x0000000091000000| Untracked 
| 273|0x0000000091100000, 0x0000000091100000, 0x0000000091200000|  0%| F|  |TAMS 0x0000000091100000| PB 0x0000000091100000| Untracked 
| 274|0x0000000091200000, 0x0000000091200000, 0x0000000091300000|  0%| F|  |TAMS 0x0000000091200000| PB 0x0000000091200000| Untracked 
| 275|0x0000000091300000, 0x0000000091300000, 0x0000000091400000|  0%| F|  |TAMS 0x0000000091300000| PB 0x0000000091300000| Untracked 
| 276|0x0000000091400000, 0x0000000091400000, 0x0000000091500000|  0%| F|  |TAMS 0x0000000091400000| PB 0x0000000091400000| Untracked 
| 277|0x0000000091500000, 0x0000000091500000, 0x0000000091600000|  0%| F|  |TAMS 0x0000000091500000| PB 0x0000000091500000| Untracked 
| 278|0x0000000091600000, 0x0000000091600000, 0x0000000091700000|  0%| F|  |TAMS 0x0000000091600000| PB 0x0000000091600000| Untracked 
| 279|0x0000000091700000, 0x0000000091700000, 0x0000000091800000|  0%| F|  |TAMS 0x0000000091700000| PB 0x0000000091700000| Untracked 
| 280|0x0000000091800000, 0x0000000091800000, 0x0000000091900000|  0%| F|  |TAMS 0x0000000091800000| PB 0x0000000091800000| Untracked 
| 281|0x0000000091900000, 0x0000000091900000, 0x0000000091a00000|  0%| F|  |TAMS 0x0000000091900000| PB 0x0000000091900000| Untracked 
| 282|0x0000000091a00000, 0x0000000091a00000, 0x0000000091b00000|  0%| F|  |TAMS 0x0000000091a00000| PB 0x0000000091a00000| Untracked 
| 283|0x0000000091b00000, 0x0000000091b00000, 0x0000000091c00000|  0%| F|  |TAMS 0x0000000091b00000| PB 0x0000000091b00000| Untracked 
| 284|0x0000000091c00000, 0x0000000091c00000, 0x0000000091d00000|  0%| F|  |TAMS 0x0000000091c00000| PB 0x0000000091c00000| Untracked 
| 285|0x0000000091d00000, 0x0000000091d00000, 0x0000000091e00000|  0%| F|  |TAMS 0x0000000091d00000| PB 0x0000000091d00000| Untracked 
| 286|0x0000000091e00000, 0x0000000091e00000, 0x0000000091f00000|  0%| F|  |TAMS 0x0000000091e00000| PB 0x0000000091e00000| Untracked 
| 287|0x0000000091f00000, 0x0000000091f00000, 0x0000000092000000|  0%| F|  |TAMS 0x0000000091f00000| PB 0x0000000091f00000| Untracked 
| 288|0x0000000092000000, 0x0000000092000000, 0x0000000092100000|  0%| F|  |TAMS 0x0000000092000000| PB 0x0000000092000000| Untracked 
| 289|0x0000000092100000, 0x0000000092100000, 0x0000000092200000|  0%| F|  |TAMS 0x0000000092100000| PB 0x0000000092100000| Untracked 
| 290|0x0000000092200000, 0x0000000092200000, 0x0000000092300000|  0%| F|  |TAMS 0x0000000092200000| PB 0x0000000092200000| Untracked 
| 291|0x0000000092300000, 0x0000000092300000, 0x0000000092400000|  0%| F|  |TAMS 0x0000000092300000| PB 0x0000000092300000| Untracked 
| 292|0x0000000092400000, 0x0000000092400000, 0x0000000092500000|  0%| F|  |TAMS 0x0000000092400000| PB 0x0000000092400000| Untracked 
| 293|0x0000000092500000, 0x0000000092500000, 0x0000000092600000|  0%| F|  |TAMS 0x0000000092500000| PB 0x0000000092500000| Untracked 
| 294|0x0000000092600000, 0x0000000092600000, 0x0000000092700000|  0%| F|  |TAMS 0x0000000092600000| PB 0x0000000092600000| Untracked 
| 295|0x0000000092700000, 0x0000000092700000, 0x0000000092800000|  0%| F|  |TAMS 0x0000000092700000| PB 0x0000000092700000| Untracked 
| 296|0x0000000092800000, 0x0000000092800000, 0x0000000092900000|  0%| F|  |TAMS 0x0000000092800000| PB 0x0000000092800000| Untracked 
| 297|0x0000000092900000, 0x0000000092900000, 0x0000000092a00000|  0%| F|  |TAMS 0x0000000092900000| PB 0x0000000092900000| Untracked 
| 298|0x0000000092a00000, 0x0000000092a00000, 0x0000000092b00000|  0%| F|  |TAMS 0x0000000092a00000| PB 0x0000000092a00000| Untracked 
| 299|0x0000000092b00000, 0x0000000092b00000, 0x0000000092c00000|  0%| F|  |TAMS 0x0000000092b00000| PB 0x0000000092b00000| Untracked 
| 300|0x0000000092c00000, 0x0000000092c00000, 0x0000000092d00000|  0%| F|  |TAMS 0x0000000092c00000| PB 0x0000000092c00000| Untracked 
| 301|0x0000000092d00000, 0x0000000092d00000, 0x0000000092e00000|  0%| F|  |TAMS 0x0000000092d00000| PB 0x0000000092d00000| Untracked 
| 302|0x0000000092e00000, 0x0000000092e00000, 0x0000000092f00000|  0%| F|  |TAMS 0x0000000092e00000| PB 0x0000000092e00000| Untracked 
| 303|0x0000000092f00000, 0x0000000092f00000, 0x0000000093000000|  0%| F|  |TAMS 0x0000000092f00000| PB 0x0000000092f00000| Untracked 
| 304|0x0000000093000000, 0x0000000093000000, 0x0000000093100000|  0%| F|  |TAMS 0x0000000093000000| PB 0x0000000093000000| Untracked 
| 305|0x0000000093100000, 0x0000000093100000, 0x0000000093200000|  0%| F|  |TAMS 0x0000000093100000| PB 0x0000000093100000| Untracked 
| 306|0x0000000093200000, 0x0000000093200000, 0x0000000093300000|  0%| F|  |TAMS 0x0000000093200000| PB 0x0000000093200000| Untracked 
| 307|0x0000000093300000, 0x0000000093300000, 0x0000000093400000|  0%| F|  |TAMS 0x0000000093300000| PB 0x0000000093300000| Untracked 
| 308|0x0000000093400000, 0x0000000093400000, 0x0000000093500000|  0%| F|  |TAMS 0x0000000093400000| PB 0x0000000093400000| Untracked 
| 309|0x0000000093500000, 0x0000000093500000, 0x0000000093600000|  0%| F|  |TAMS 0x0000000093500000| PB 0x0000000093500000| Untracked 
| 310|0x0000000093600000, 0x0000000093600000, 0x0000000093700000|  0%| F|  |TAMS 0x0000000093600000| PB 0x0000000093600000| Untracked 
| 311|0x0000000093700000, 0x0000000093700000, 0x0000000093800000|  0%| F|  |TAMS 0x0000000093700000| PB 0x0000000093700000| Untracked 
| 312|0x0000000093800000, 0x0000000093800000, 0x0000000093900000|  0%| F|  |TAMS 0x0000000093800000| PB 0x0000000093800000| Untracked 
| 313|0x0000000093900000, 0x0000000093900000, 0x0000000093a00000|  0%| F|  |TAMS 0x0000000093900000| PB 0x0000000093900000| Untracked 
| 314|0x0000000093a00000, 0x0000000093a00000, 0x0000000093b00000|  0%| F|  |TAMS 0x0000000093a00000| PB 0x0000000093a00000| Untracked 
| 315|0x0000000093b00000, 0x0000000093b00000, 0x0000000093c00000|  0%| F|  |TAMS 0x0000000093b00000| PB 0x0000000093b00000| Untracked 
| 316|0x0000000093c00000, 0x0000000093c00000, 0x0000000093d00000|  0%| F|  |TAMS 0x0000000093c00000| PB 0x0000000093c00000| Untracked 
| 317|0x0000000093d00000, 0x0000000093d00000, 0x0000000093e00000|  0%| F|  |TAMS 0x0000000093d00000| PB 0x0000000093d00000| Untracked 
| 318|0x0000000093e00000, 0x0000000093e00000, 0x0000000093f00000|  0%| F|  |TAMS 0x0000000093e00000| PB 0x0000000093e00000| Untracked 
| 319|0x0000000093f00000, 0x0000000093f00000, 0x0000000094000000|  0%| F|  |TAMS 0x0000000093f00000| PB 0x0000000093f00000| Untracked 
| 320|0x0000000094000000, 0x0000000094000000, 0x0000000094100000|  0%| F|  |TAMS 0x0000000094000000| PB 0x0000000094000000| Untracked 
| 321|0x0000000094100000, 0x0000000094100000, 0x0000000094200000|  0%| F|  |TAMS 0x0000000094100000| PB 0x0000000094100000| Untracked 
| 322|0x0000000094200000, 0x0000000094200000, 0x0000000094300000|  0%| F|  |TAMS 0x0000000094200000| PB 0x0000000094200000| Untracked 
| 323|0x0000000094300000, 0x0000000094300000, 0x0000000094400000|  0%| F|  |TAMS 0x0000000094300000| PB 0x0000000094300000| Untracked 
| 324|0x0000000094400000, 0x0000000094400000, 0x0000000094500000|  0%| F|  |TAMS 0x0000000094400000| PB 0x0000000094400000| Untracked 
| 325|0x0000000094500000, 0x0000000094500000, 0x0000000094600000|  0%| F|  |TAMS 0x0000000094500000| PB 0x0000000094500000| Untracked 
| 326|0x0000000094600000, 0x0000000094600000, 0x0000000094700000|  0%| F|  |TAMS 0x0000000094600000| PB 0x0000000094600000| Untracked 
| 327|0x0000000094700000, 0x0000000094700000, 0x0000000094800000|  0%| F|  |TAMS 0x0000000094700000| PB 0x0000000094700000| Untracked 
| 328|0x0000000094800000, 0x0000000094800000, 0x0000000094900000|  0%| F|  |TAMS 0x0000000094800000| PB 0x0000000094800000| Untracked 
| 329|0x0000000094900000, 0x0000000094900000, 0x0000000094a00000|  0%| F|  |TAMS 0x0000000094900000| PB 0x0000000094900000| Untracked 
| 330|0x0000000094a00000, 0x0000000094a00000, 0x0000000094b00000|  0%| F|  |TAMS 0x0000000094a00000| PB 0x0000000094a00000| Untracked 
| 331|0x0000000094b00000, 0x0000000094b00000, 0x0000000094c00000|  0%| F|  |TAMS 0x0000000094b00000| PB 0x0000000094b00000| Untracked 
| 332|0x0000000094c00000, 0x0000000094c00000, 0x0000000094d00000|  0%| F|  |TAMS 0x0000000094c00000| PB 0x0000000094c00000| Untracked 
| 333|0x0000000094d00000, 0x0000000094d00000, 0x0000000094e00000|  0%| F|  |TAMS 0x0000000094d00000| PB 0x0000000094d00000| Untracked 
|2042|0x00000000ffa00000, 0x00000000ffb00000, 0x00000000ffb00000|100%| O|  |TAMS 0x00000000ffb00000| PB 0x00000000ffa00000| Untracked 
|2043|0x00000000ffb00000, 0x00000000ffc00000, 0x00000000ffc00000|100%| O|  |TAMS 0x00000000ffc00000| PB 0x00000000ffb00000| Untracked 
|2044|0x00000000ffc00000, 0x00000000ffc00000, 0x00000000ffd00000|  0%| F|  |TAMS 0x00000000ffc00000| PB 0x00000000ffc00000| Untracked 
|2045|0x00000000ffd00000, 0x00000000ffe00000, 0x00000000ffe00000|100%| O|  |TAMS 0x00000000ffe00000| PB 0x00000000ffd00000| Untracked 
|2046|0x00000000ffe00000, 0x00000000fff00000, 0x00000000fff00000|100%| O|  |TAMS 0x00000000fff00000| PB 0x00000000ffe00000| Untracked 
|2047|0x00000000fff00000, 0x0000000100000000, 0x0000000100000000|100%| O|  |TAMS 0x0000000100000000| PB 0x00000000fff00000| Untracked 

Card table byte_map: [0x0000021b1b250000,0x0000021b1b650000] _byte_map_base: 0x0000021b1ae50000

Marking Bits: (CMBitMap*) 0x0000021b087f4de0
 Bits: [0x0000021b1b650000, 0x0000021b1d650000)

Polling page: 0x0000021b06680000

Metaspace:

Usage:
  Non-class:    136.39 MB used.
      Class:     21.67 MB used.
       Both:    158.06 MB used.

Virtual space:
  Non-class space:      192.00 MB reserved,     137.62 MB ( 72%) committed,  3 nodes.
      Class space:        1.00 GB reserved,      22.88 MB (  2%) committed,  1 nodes.
             Both:        1.19 GB reserved,     160.50 MB ( 13%) committed. 

Chunk freelists:
   Non-Class:  5.94 MB
       Class:  9.16 MB
        Both:  15.09 MB

MaxMetaspaceSize: unlimited
CompressedClassSpaceSize: 1.00 GB
Initial GC threshold: 21.00 MB
Current GC threshold: 266.69 MB
CDS: off
 - commit_granule_bytes: 65536.
 - commit_granule_words: 8192.
 - virtual_space_node_default_size: 8388608.
 - enlarge_chunks_in_place: 1.
 - use_allocation_guard: 0.


Internal statistics:

num_allocs_failed_limit: 6.
num_arena_births: 4908.
num_arena_deaths: 10.
num_vsnodes_births: 4.
num_vsnodes_deaths: 0.
num_space_committed: 2566.
num_space_uncommitted: 0.
num_chunks_returned_to_freelist: 29.
num_chunks_taken_from_freelist: 11771.
num_chunk_merges: 5.
num_chunk_splits: 7764.
num_chunks_enlarged: 4954.
num_inconsistent_stats: 0.

CodeHeap 'non-profiled nmethods': size=120000Kb used=14821Kb max_used=15798Kb free=105179Kb
 bounds [0x0000021b133c0000, 0x0000021b14330000, 0x0000021b1a8f0000]
CodeHeap 'profiled nmethods': size=120000Kb used=33401Kb max_used=36690Kb free=86598Kb
 bounds [0x0000021b0b8f0000, 0x0000021b0dcd0000, 0x0000021b12e20000]
CodeHeap 'non-nmethods': size=5760Kb used=3116Kb max_used=3183Kb free=2643Kb
 bounds [0x0000021b12e20000, 0x0000021b13150000, 0x0000021b133c0000]
CodeCache: size=245760Kb, used=51338Kb, max_used=55671Kb, free=194420Kb
 total_blobs=17984, nmethods=16827, adapters=1060, full_count=0
Compilation: enabled, stopped_count=0, restarted_count=0

Compilation events (20 events):
Event: 215.061 Thread 0x0000021b204b8b20 nmethod 26275 0x0000021b0bf25210 code [0x0000021b0bf253e0, 0x0000021b0bf258f8]
Event: 215.061 Thread 0x0000021b2894ac50 26276       4       sun.nio.fs.WindowsPath::subpath (120 bytes)
Event: 215.074 Thread 0x0000021b204b8080 nmethod 26273 0x0000021b1365e810 code [0x0000021b1365eb00, 0x0000021b1365fae0]
Event: 215.074 Thread 0x0000021b204b8080 26277       4       org.gradle.api.internal.file.AbstractOpaqueFileCollection::visitContents (11 bytes)
Event: 215.074 Thread 0x0000021b204b8080 nmethod 26277 0x0000021b13775c90 code [0x0000021b13775e20, 0x0000021b13775ee0]
Event: 215.074 Thread 0x0000021b204b8080 26278       4       org.gradle.api.internal.file.AbstractOpaqueFileCollection::iterator (10 bytes)
Event: 215.077 Thread 0x0000021b204b8080 nmethod 26278 0x0000021b13485d10 code [0x0000021b13485ec0, 0x0000021b13486158]
Event: 215.077 Thread 0x0000021b204b8080 26279       4       com.android.build.gradle.internal.dependency.EnumerateClassesDelegate$extractClasses$1$1::test (9 bytes)
Event: 215.081 Thread 0x0000021b2894ac50 nmethod 26276 0x0000021b13ab0610 code [0x0000021b13ab0900, 0x0000021b13ab2088]
Event: 215.081 Thread 0x0000021b2894ac50 26280       4       com.android.build.gradle.internal.dependency.EnumerateClassesDelegate$extractClasses$1$2::apply (9 bytes)
Event: 215.086 Thread 0x0000021b204b8b20 26282       3       com.android.build.gradle.internal.dependency.AarToClassTransform$Inject1::getParameters (31 bytes)
Event: 215.086 Thread 0x0000021b204b8b20 nmethod 26282 0x0000021b0c30ec90 code [0x0000021b0c30ee80, 0x0000021b0c30f508]
Event: 215.088 Thread 0x0000021b204b8b20 26283       3       sun.nio.ch.FileDispatcherImpl::size (5 bytes)
Event: 215.089 Thread 0x0000021b204b8b20 nmethod 26283 0x0000021b0bbcfe10 code [0x0000021b0bbcffc0, 0x0000021b0bbd00f8]
Event: 215.091 Thread 0x0000021b204b8b20 26286   !   3       java.util.concurrent.ConcurrentHashMap::computeIfAbsent (576 bytes)
Event: 215.093 Thread 0x0000021b204b8b20 nmethod 26286 0x0000021b0d7fce10 code [0x0000021b0d7fd240, 0x0000021b0d7ff378]
Event: 215.095 Thread 0x0000021b204b8b20 26287       3       com.google.common.collect.ImmutableBiMap::values (5 bytes)
Event: 215.096 Thread 0x0000021b204b8b20 nmethod 26287 0x0000021b0bbf8710 code [0x0000021b0bbf8900, 0x0000021b0bbf8df0]
Event: 215.097 Thread 0x0000021b2894ac50 nmethod 26280 0x0000021b13ce5f90 code [0x0000021b13ce61a0, 0x0000021b13ce6ea0]
Event: 215.097 Thread 0x0000021b2894ac50 26281       4       sun.nio.fs.WindowsFileSystemProvider::readAttributes (63 bytes)

GC Heap History (20 events):
Event: 204.822 GC heap after
{Heap after GC invocations=74 (full 0):
 garbage-first heap   total 304128K, used 186123K [0x0000000080000000, 0x0000000100000000)
  region size 1024K, 4 young (4096K), 4 survivors (4096K)
 Metaspace       used 153362K, committed 155776K, reserved 1245184K
  class space    used 21176K, committed 22336K, reserved 1048576K
}
Event: 205.408 GC heap before
{Heap before GC invocations=74 (full 0):
 garbage-first heap   total 304128K, used 283403K [0x0000000080000000, 0x0000000100000000)
  region size 1024K, 99 young (101376K), 4 survivors (4096K)
 Metaspace       used 154100K, committed 156544K, reserved 1245184K
  class space    used 21248K, committed 22400K, reserved 1048576K
}
Event: 205.417 GC heap after
{Heap after GC invocations=75 (full 0):
 garbage-first heap   total 304128K, used 188137K [0x0000000080000000, 0x0000000100000000)
  region size 1024K, 10 young (10240K), 10 survivors (10240K)
 Metaspace       used 154100K, committed 156544K, reserved 1245184K
  class space    used 21248K, committed 22400K, reserved 1048576K
}
Event: 206.118 GC heap before
{Heap before GC invocations=75 (full 0):
 garbage-first heap   total 304128K, used 277225K [0x0000000080000000, 0x0000000100000000)
  region size 1024K, 97 young (99328K), 10 survivors (10240K)
 Metaspace       used 156428K, committed 158976K, reserved 1245184K
  class space    used 21575K, committed 22784K, reserved 1048576K
}
Event: 206.134 GC heap after
{Heap after GC invocations=76 (full 0):
 garbage-first heap   total 304128K, used 199680K [0x0000000080000000, 0x0000000100000000)
  region size 1024K, 13 young (13312K), 13 survivors (13312K)
 Metaspace       used 156428K, committed 158976K, reserved 1245184K
  class space    used 21575K, committed 22784K, reserved 1048576K
}
Event: 206.934 GC heap before
{Heap before GC invocations=77 (full 0):
 garbage-first heap   total 332800K, used 272384K [0x0000000080000000, 0x0000000100000000)
  region size 1024K, 85 young (87040K), 13 survivors (13312K)
 Metaspace       used 157507K, committed 160000K, reserved 1245184K
  class space    used 21785K, committed 22976K, reserved 1048576K
}
Event: 206.944 GC heap after
{Heap after GC invocations=78 (full 0):
 garbage-first heap   total 332800K, used 205815K [0x0000000080000000, 0x0000000100000000)
  region size 1024K, 6 young (6144K), 6 survivors (6144K)
 Metaspace       used 157507K, committed 160000K, reserved 1245184K
  class space    used 21785K, committed 22976K, reserved 1048576K
}
Event: 209.748 GC heap before
{Heap before GC invocations=78 (full 0):
 garbage-first heap   total 332800K, used 308215K [0x0000000080000000, 0x0000000100000000)
  region size 1024K, 105 young (107520K), 6 survivors (6144K)
 Metaspace       used 160144K, committed 162688K, reserved 1245184K
  class space    used 22005K, committed 23232K, reserved 1048576K
}
Event: 209.753 GC heap after
{Heap after GC invocations=79 (full 0):
 garbage-first heap   total 332800K, used 210342K [0x0000000080000000, 0x0000000100000000)
  region size 1024K, 9 young (9216K), 9 survivors (9216K)
 Metaspace       used 160144K, committed 162688K, reserved 1245184K
  class space    used 22005K, committed 23232K, reserved 1048576K
}
Event: 210.992 GC heap before
{Heap before GC invocations=79 (full 0):
 garbage-first heap   total 332800K, used 304550K [0x0000000080000000, 0x0000000100000000)
  region size 1024K, 102 young (104448K), 9 survivors (9216K)
 Metaspace       used 160999K, committed 163520K, reserved 1245184K
  class space    used 22094K, committed 23360K, reserved 1048576K
}
Event: 211.000 GC heap after
{Heap after GC invocations=80 (full 0):
 garbage-first heap   total 332800K, used 208893K [0x0000000080000000, 0x0000000100000000)
  region size 1024K, 6 young (6144K), 6 survivors (6144K)
 Metaspace       used 160999K, committed 163520K, reserved 1245184K
  class space    used 22094K, committed 23360K, reserved 1048576K
}
Event: 211.090 GC heap before
{Heap before GC invocations=80 (full 0):
 garbage-first heap   total 332800K, used 308221K [0x0000000080000000, 0x0000000100000000)
  region size 1024K, 104 young (106496K), 6 survivors (6144K)
 Metaspace       used 161261K, committed 163776K, reserved 1245184K
  class space    used 22122K, committed 23360K, reserved 1048576K
}
Event: 211.094 GC heap after
{Heap after GC invocations=81 (full 0):
 garbage-first heap   total 332800K, used 208742K [0x0000000080000000, 0x0000000100000000)
  region size 1024K, 6 young (6144K), 6 survivors (6144K)
 Metaspace       used 161261K, committed 163776K, reserved 1245184K
  class space    used 22122K, committed 23360K, reserved 1048576K
}
Event: 211.247 GC heap before
{Heap before GC invocations=81 (full 0):
 garbage-first heap   total 348160K, used 308070K [0x0000000080000000, 0x0000000100000000)
  region size 1024K, 104 young (106496K), 6 survivors (6144K)
 Metaspace       used 161235K, committed 163840K, reserved 1245184K
  class space    used 22102K, committed 23360K, reserved 1048576K
}
Event: 211.251 GC heap after
{Heap after GC invocations=82 (full 0):
 garbage-first heap   total 348160K, used 208850K [0x0000000080000000, 0x0000000100000000)
  region size 1024K, 6 young (6144K), 6 survivors (6144K)
 Metaspace       used 161235K, committed 163840K, reserved 1245184K
  class space    used 22102K, committed 23360K, reserved 1048576K
}
Event: 214.762 GC heap before
{Heap before GC invocations=83 (full 0):
 garbage-first heap   total 348160K, used 323538K [0x0000000080000000, 0x0000000100000000)
  region size 1024K, 119 young (121856K), 6 survivors (6144K)
 Metaspace       used 161821K, committed 164352K, reserved 1245184K
  class space    used 22184K, committed 23424K, reserved 1048576K
}
Event: 214.771 GC heap after
{Heap after GC invocations=84 (full 0):
 garbage-first heap   total 348160K, used 211789K [0x0000000080000000, 0x0000000100000000)
  region size 1024K, 9 young (9216K), 9 survivors (9216K)
 Metaspace       used 161821K, committed 164352K, reserved 1245184K
  class space    used 22184K, committed 23424K, reserved 1048576K
}
Event: 214.884 GC heap before
{Heap before GC invocations=84 (full 0):
 garbage-first heap   total 348160K, used 320333K [0x0000000080000000, 0x0000000100000000)
  region size 1024K, 116 young (118784K), 9 survivors (9216K)
 Metaspace       used 161845K, committed 164352K, reserved 1245184K
  class space    used 22187K, committed 23424K, reserved 1048576K
}
Event: 214.890 GC heap after
{Heap after GC invocations=85 (full 0):
 garbage-first heap   total 348160K, used 208297K [0x0000000080000000, 0x0000000100000000)
  region size 1024K, 7 young (7168K), 7 survivors (7168K)
 Metaspace       used 161845K, committed 164352K, reserved 1245184K
  class space    used 22187K, committed 23424K, reserved 1048576K
}
Event: 215.098 GC heap before
{Heap before GC invocations=85 (full 0):
 garbage-first heap   total 348160K, used 320937K [0x0000000080000000, 0x0000000100000000)
  region size 1024K, 118 young (120832K), 7 survivors (7168K)
 Metaspace       used 161848K, committed 164352K, reserved 1245184K
  class space    used 22187K, committed 23424K, reserved 1048576K
}

Dll operation events (3 events):
Event: 0.011 Loaded shared library C:\android2\jbr\bin\java.dll
Event: 0.015 Loaded shared library C:\android2\jbr\bin\zip.dll
Event: 0.398 Loaded shared library C:\android2\jbr\bin\verify.dll

Deoptimization events (20 events):
Event: 214.867 Thread 0x0000021b2ae35100 Uncommon trap: trap_request=0xffffffd6 fr.pc=0x0000021b139db094 relative=0x0000000000000914
Event: 214.867 Thread 0x0000021b2ae35100 Uncommon trap: reason=array_check action=maybe_recompile pc=0x0000021b139db094 method=java.util.ComparableTimSort.binarySort([Ljava/lang/Object;III)V @ 183 c2
Event: 214.867 Thread 0x0000021b2ae35100 DEOPT PACKING pc=0x0000021b139db094 sp=0x000000ca6ccfbc60
Event: 214.867 Thread 0x0000021b2ae35100 DEOPT UNPACKING pc=0x0000021b12e746a2 sp=0x000000ca6ccfbc00 mode 2
Event: 214.869 Thread 0x0000021b25ee2cc0 Uncommon trap: trap_request=0xffffffd6 fr.pc=0x0000021b139dae88 relative=0x0000000000000708
Event: 214.869 Thread 0x0000021b25ee2cc0 Uncommon trap: reason=array_check action=maybe_recompile pc=0x0000021b139dae88 method=java.util.ComparableTimSort.binarySort([Ljava/lang/Object;III)V @ 215 c2
Event: 214.869 Thread 0x0000021b25ee2cc0 DEOPT PACKING pc=0x0000021b139dae88 sp=0x000000ca6b0fbfd0
Event: 214.869 Thread 0x0000021b25ee2cc0 DEOPT UNPACKING pc=0x0000021b12e746a2 sp=0x000000ca6b0fbf70 mode 2
Event: 214.869 Thread 0x0000021b25ee2cc0 Uncommon trap: trap_request=0xffffffd6 fr.pc=0x0000021b139dafc4 relative=0x0000000000000844
Event: 214.869 Thread 0x0000021b25ee2cc0 Uncommon trap: reason=array_check action=maybe_recompile pc=0x0000021b139dafc4 method=java.util.ComparableTimSort.binarySort([Ljava/lang/Object;III)V @ 193 c2
Event: 214.869 Thread 0x0000021b25ee2cc0 DEOPT PACKING pc=0x0000021b139dafc4 sp=0x000000ca6b0fbfd0
Event: 214.869 Thread 0x0000021b25ee2cc0 DEOPT UNPACKING pc=0x0000021b12e746a2 sp=0x000000ca6b0fbf70 mode 2
Event: 214.869 Thread 0x0000021b25ee2cc0 Uncommon trap: trap_request=0xffffffd6 fr.pc=0x0000021b139dae88 relative=0x0000000000000708
Event: 214.869 Thread 0x0000021b25ee2cc0 Uncommon trap: reason=array_check action=maybe_recompile pc=0x0000021b139dae88 method=java.util.ComparableTimSort.binarySort([Ljava/lang/Object;III)V @ 215 c2
Event: 214.869 Thread 0x0000021b25ee2cc0 DEOPT PACKING pc=0x0000021b139dae88 sp=0x000000ca6b0fbfd0
Event: 214.869 Thread 0x0000021b25ee2cc0 DEOPT UNPACKING pc=0x0000021b12e746a2 sp=0x000000ca6b0fbf70 mode 2
Event: 215.009 Thread 0x0000021b25edfed0 DEOPT PACKING pc=0x0000021b0c19c5eb sp=0x000000ca6b2fbe70
Event: 215.009 Thread 0x0000021b25edfed0 DEOPT UNPACKING pc=0x0000021b12e74e42 sp=0x000000ca6b2fb368 mode 0
Event: 215.022 Thread 0x0000021b2ae35100 DEOPT PACKING pc=0x0000021b0bd13e30 sp=0x000000ca6ccfc560
Event: 215.022 Thread 0x0000021b2ae35100 DEOPT UNPACKING pc=0x0000021b12e74e42 sp=0x000000ca6ccfbac0 mode 0

Classes loaded (20 events):
Event: 210.707 Loading class java/nio/file/FileChannelLinesSpliterator$1
Event: 210.707 Loading class java/nio/file/FileChannelLinesSpliterator$1 done
Event: 211.621 Loading class java/util/zip/ZipFile$EntrySpliterator
Event: 211.621 Loading class java/util/Spliterators$AbstractSpliterator
Event: 211.621 Loading class java/util/Spliterators$AbstractSpliterator done
Event: 211.621 Loading class java/util/zip/ZipFile$EntrySpliterator done
Event: 212.326 Loading class java/nio/channels/FileChannel$MapMode
Event: 212.326 Loading class java/nio/channels/FileChannel$MapMode done
Event: 212.326 Loading class jdk/internal/misc/ExtendedMapMode
Event: 212.326 Loading class jdk/internal/misc/ExtendedMapMode done
Event: 212.327 Loading class sun/nio/ch/FileChannelImpl$DefaultUnmapper
Event: 212.327 Loading class sun/nio/ch/FileChannelImpl$Unmapper
Event: 212.327 Loading class jdk/internal/access/foreign/UnmapperProxy
Event: 212.327 Loading class jdk/internal/access/foreign/UnmapperProxy done
Event: 212.327 Loading class sun/nio/ch/FileChannelImpl$Unmapper done
Event: 212.327 Loading class sun/nio/ch/FileChannelImpl$DefaultUnmapper done
Event: 212.327 Loading class sun/nio/ch/Util$4
Event: 212.327 Loading class sun/nio/ch/Util$4 done
Event: 213.978 Loading class java/nio/file/Files$2
Event: 213.978 Loading class java/nio/file/Files$2 done

Classes unloaded (20 events):
Event: 206.212 Thread 0x0000021b20428810 Unloading class 0x0000000101594000 '_BuildScript_'
Event: 211.188 Thread 0x0000021b20428810 Unloading class 0x00000001015db840 '_BuildScript_'
Event: 211.188 Thread 0x0000021b20428810 Unloading class 0x00000001015db420 'SetupUtpTestResultListenerAction$_execute_closure1$_closure2'
Event: 211.188 Thread 0x0000021b20428810 Unloading class 0x00000001015db000 'SetupUtpTestResultListenerAction$_execute_closure1'
Event: 211.188 Thread 0x0000021b20428810 Unloading class 0x00000001015dac00 'SetupUtpTestResultListenerAction'
Event: 211.188 Thread 0x0000021b20428810 Unloading class 0x00000001015d8840 '_BuildScript_$_run_closure1$_closure3'
Event: 211.188 Thread 0x0000021b20428810 Unloading class 0x00000001015d8420 '_BuildScript_$_run_closure1$_closure2'
Event: 211.188 Thread 0x0000021b20428810 Unloading class 0x00000001015d8000 '_BuildScript_$_run_closure1'
Event: 211.188 Thread 0x0000021b20428810 Unloading class 0x00000001015d6918 '_BuildScript_'
Event: 211.188 Thread 0x0000021b20428810 Unloading class 0x00000001015d64f8 'KotlinCoroutineJvmDebugArgumentsProvider$_asArguments_closure1'
Event: 211.188 Thread 0x0000021b20428810 Unloading class 0x00000001015d6230 'KotlinCoroutineJvmDebugArgumentsProvider'
Event: 211.188 Thread 0x0000021b20428810 Unloading class 0x00000001015d6000 'Properties'
Event: 211.188 Thread 0x0000021b20428810 Unloading class 0x00000001015d4988 '_BuildScript_$_run_closure1$_closure2'
Event: 211.188 Thread 0x0000021b20428810 Unloading class 0x00000001015d4568 '_BuildScript_$_run_closure1'
Event: 211.188 Thread 0x0000021b20428810 Unloading class 0x00000001015d4000 '_BuildScript_'
Event: 211.188 Thread 0x0000021b20428810 Unloading class 0x00000001015c9420 '_BuildScript_$_run_closure1$_closure2$_closure4'
Event: 211.188 Thread 0x0000021b20428810 Unloading class 0x00000001015c9000 '_BuildScript_$_run_closure1$_closure2$_closure3'
Event: 211.188 Thread 0x0000021b20428810 Unloading class 0x00000001015c8988 '_BuildScript_$_run_closure1$_closure2'
Event: 211.188 Thread 0x0000021b20428810 Unloading class 0x00000001015c8568 '_BuildScript_$_run_closure1'
Event: 211.188 Thread 0x0000021b20428810 Unloading class 0x00000001015c8000 '_BuildScript_'

Classes redefined (0 events):
No events

Internal exceptions (20 events):
Event: 215.061 Thread 0x0000021b2ae35790 Exception <a 'sun/nio/fs/WindowsException'{0x000000008effc1d0}> (0x000000008effc1d0) 
thrown [s\src\hotspot\share\prims\jni.cpp, line 537]
Event: 215.061 Thread 0x0000021b25ee1fa0 Exception <a 'sun/nio/fs/WindowsException'{0x000000008ee2c2f0}> (0x000000008ee2c2f0) 
thrown [s\src\hotspot\share\prims\jni.cpp, line 537]
Event: 215.063 Thread 0x0000021b25ee4070 Exception <a 'sun/nio/fs/WindowsException'{0x000000008ee429d0}> (0x000000008ee429d0) 
thrown [s\src\hotspot\share\prims\jni.cpp, line 537]
Event: 215.065 Thread 0x0000021b2ae35100 Exception <a 'sun/nio/fs/WindowsException'{0x000000008ebf1460}> (0x000000008ebf1460) 
thrown [s\src\hotspot\share\prims\jni.cpp, line 537]
Event: 215.070 Thread 0x0000021b25ee39e0 Exception <a 'sun/nio/fs/WindowsException'{0x000000008e84a2f8}> (0x000000008e84a2f8) 
thrown [s\src\hotspot\share\prims\jni.cpp, line 537]
Event: 215.072 Thread 0x0000021b2ae33d50 Exception <a 'sun/nio/fs/WindowsException'{0x000000008e7c7818}> (0x000000008e7c7818) 
thrown [s\src\hotspot\share\prims\jni.cpp, line 537]
Event: 215.075 Thread 0x0000021b25ee4d90 Exception <a 'sun/nio/fs/WindowsException'{0x000000008e7a6888}> (0x000000008e7a6888) 
thrown [s\src\hotspot\share\prims\jni.cpp, line 537]
Event: 215.078 Thread 0x0000021b2ae36b40 Exception <a 'sun/nio/fs/WindowsException'{0x000000008e645988}> (0x000000008e645988) 
thrown [s\src\hotspot\share\prims\jni.cpp, line 537]
Event: 215.082 Thread 0x0000021b25ee2cc0 Exception <a 'sun/nio/fs/WindowsException'{0x000000008e4fcc60}> (0x000000008e4fcc60) 
thrown [s\src\hotspot\share\prims\jni.cpp, line 537]
Event: 215.083 Thread 0x0000021b25ee6e60 Exception <a 'sun/nio/fs/WindowsException'{0x000000008e6c1c08}> (0x000000008e6c1c08) 
thrown [s\src\hotspot\share\prims\jni.cpp, line 537]
Event: 215.086 Thread 0x0000021b25edfed0 Exception <a 'sun/nio/fs/WindowsException'{0x000000008eb469a0}> (0x000000008eb469a0) 
thrown [s\src\hotspot\share\prims\jni.cpp, line 537]
Event: 215.086 Thread 0x0000021b25edfed0 Exception <a 'sun/nio/fs/WindowsException'{0x000000008eb46b90}> (0x000000008eb46b90) 
thrown [s\src\hotspot\share\prims\jni.cpp, line 537]
Event: 215.086 Thread 0x0000021b2ae35100 Exception <a 'sun/nio/fs/WindowsException'{0x000000008e5511a0}> (0x000000008e5511a0) 
thrown [s\src\hotspot\share\prims\jni.cpp, line 537]
Event: 215.086 Thread 0x0000021b2ae35100 Exception <a 'sun/nio/fs/WindowsException'{0x000000008e5513a0}> (0x000000008e5513a0) 
thrown [s\src\hotspot\share\prims\jni.cpp, line 537]
Event: 215.088 Thread 0x0000021b25ee1fa0 Exception <a 'sun/nio/fs/WindowsException'{0x000000008e465650}> (0x000000008e465650) 
thrown [s\src\hotspot\share\prims\jni.cpp, line 537]
Event: 215.088 Thread 0x0000021b25ee4070 Exception <a 'sun/nio/fs/WindowsException'{0x000000008e4e6e70}> (0x000000008e4e6e70) 
thrown [s\src\hotspot\share\prims\jni.cpp, line 537]
Event: 215.089 Thread 0x0000021b29338ff0 Exception <a 'sun/nio/fs/WindowsException'{0x000000008db74768}> (0x000000008db74768) 
thrown [s\src\hotspot\share\prims\jni.cpp, line 537]
Event: 215.091 Thread 0x0000021b25ee39e0 Exception <a 'sun/nio/fs/WindowsException'{0x000000008db1c888}> (0x000000008db1c888) 
thrown [s\src\hotspot\share\prims\jni.cpp, line 537]
Event: 215.097 Thread 0x0000021b2ae33d50 Exception <a 'sun/nio/fs/WindowsException'{0x000000008daa1950}> (0x000000008daa1950) 
thrown [s\src\hotspot\share\prims\jni.cpp, line 537]
Event: 215.097 Thread 0x0000021b2ae33d50 Exception <a 'sun/nio/fs/WindowsException'{0x000000008daa1b58}> (0x000000008daa1b58) 
thrown [s\src\hotspot\share\prims\jni.cpp, line 537]

ZGC Phase Switch (0 events):
No events

VM Operations (20 events):
Event: 211.203 Executing VM operation: G1PauseRemark done
Event: 211.247 Executing VM operation: G1CollectForAllocation (G1 Evacuation Pause)
Event: 211.251 Executing VM operation: G1CollectForAllocation (G1 Evacuation Pause) done
Event: 211.252 Executing VM operation: G1PauseCleanup
Event: 211.252 Executing VM operation: G1PauseCleanup done
Event: 212.252 Executing VM operation: Cleanup
Event: 212.252 Executing VM operation: Cleanup done
Event: 212.305 Executing VM operation: HandshakeAllThreads (Deoptimize)
Event: 212.305 Executing VM operation: HandshakeAllThreads (Deoptimize) done
Event: 213.311 Executing VM operation: Cleanup
Event: 213.311 Executing VM operation: Cleanup done
Event: 214.321 Executing VM operation: Cleanup
Event: 214.321 Executing VM operation: Cleanup done
Event: 214.762 Executing VM operation: G1CollectForAllocation (G1 Evacuation Pause)
Event: 214.762 Executing VM operation: G1CollectForAllocation (G1 Evacuation Pause) done
Event: 214.762 Executing VM operation: G1CollectForAllocation (GCLocker Initiated GC)
Event: 214.771 Executing VM operation: G1CollectForAllocation (GCLocker Initiated GC) done
Event: 214.884 Executing VM operation: G1CollectForAllocation (G1 Evacuation Pause)
Event: 214.890 Executing VM operation: G1CollectForAllocation (G1 Evacuation Pause) done
Event: 215.097 Executing VM operation: G1CollectForAllocation (G1 Evacuation Pause)

Memory protections (0 events):
No events

Nmethod flushes (20 events):
Event: 211.201 Thread 0x0000021b20428810 flushing  nmethod 0x0000021b0ce88010
Event: 211.201 Thread 0x0000021b20428810 flushing  nmethod 0x0000021b0ce88a90
Event: 211.201 Thread 0x0000021b20428810 flushing  nmethod 0x0000021b0ce89490
Event: 211.201 Thread 0x0000021b20428810 flushing  nmethod 0x0000021b0ce8a510
Event: 211.201 Thread 0x0000021b20428810 flushing  nmethod 0x0000021b0cef0f10
Event: 211.201 Thread 0x0000021b20428810 flushing  nmethod 0x0000021b0d0d7810
Event: 211.201 Thread 0x0000021b20428810 flushing  nmethod 0x0000021b0d0d7b90
Event: 211.201 Thread 0x0000021b20428810 flushing  nmethod 0x0000021b0d51af90
Event: 211.201 Thread 0x0000021b20428810 flushing  nmethod 0x0000021b0d51c110
Event: 211.201 Thread 0x0000021b20428810 flushing  nmethod 0x0000021b0d583a10
Event: 211.201 Thread 0x0000021b20428810 flushing  nmethod 0x0000021b0d584490
Event: 211.201 Thread 0x0000021b20428810 flushing  nmethod 0x0000021b0d584b10
Event: 211.201 Thread 0x0000021b20428810 flushing  nmethod 0x0000021b0d585590
Event: 211.201 Thread 0x0000021b20428810 flushing  nmethod 0x0000021b0d585890
Event: 211.201 Thread 0x0000021b20428810 flushing  nmethod 0x0000021b0d586210
Event: 211.201 Thread 0x0000021b20428810 flushing  nmethod 0x0000021b0d586e90
Event: 211.201 Thread 0x0000021b20428810 flushing  nmethod 0x0000021b0d636b10
Event: 211.201 Thread 0x0000021b20428810 flushing  nmethod 0x0000021b0d63ab10
Event: 211.201 Thread 0x0000021b20428810 flushing  nmethod 0x0000021b0d63af90
Event: 211.201 Thread 0x0000021b20428810 flushing  nmethod 0x0000021b0d6bf390

Events (20 events):
Event: 210.685 Thread 0x0000021b2933bde0 Thread added: 0x0000021b2be49aa0
Event: 210.685 Thread 0x0000021b2933bde0 Thread added: 0x0000021b2be4a7c0
Event: 210.685 Thread 0x0000021b2933bde0 Thread added: 0x0000021b2be4ae50
Event: 210.686 Thread 0x0000021b2933bde0 Thread added: 0x0000021b2cb9d770
Event: 210.686 Thread 0x0000021b2933bde0 Thread added: 0x0000021b2cb9bd30
Event: 210.945 Thread 0x0000021b2933bde0 Thread added: 0x0000021b2a58adc0
Event: 210.945 Thread 0x0000021b2933bde0 Thread added: 0x0000021b3125e090
Event: 210.945 Thread 0x0000021b2933bde0 Thread added: 0x0000021b3125e720
Event: 210.945 Thread 0x0000021b2933bde0 Thread added: 0x0000021b2777d780
Event: 210.945 Thread 0x0000021b2933bde0 Thread added: 0x0000021b2777f1c0
Event: 210.945 Thread 0x0000021b2933bde0 Thread added: 0x0000021b2777de10
Event: 210.945 Thread 0x0000021b2933bde0 Thread added: 0x0000021b2777f850
Event: 210.946 Thread 0x0000021b2933bde0 Thread added: 0x0000021b2777fee0
Event: 210.946 Thread 0x0000021b2933bde0 Thread added: 0x0000021b27780570
Event: 211.332 Thread 0x0000021b2933bde0 Thread added: 0x0000021b3131db70
Event: 211.352 Thread 0x0000021b3131db70 Thread added: 0x0000021b2a79fa40
Event: 211.352 Thread 0x0000021b3131db70 Thread added: 0x0000021b2a79ed20
Event: 212.359 Thread 0x0000021b204b8080 Thread added: 0x0000021b2894ac50
Event: 213.979 Thread 0x0000021b2894ac50 Thread exited: 0x0000021b2894ac50
Event: 214.029 Thread 0x0000021b204b8b20 Thread added: 0x0000021b2894ac50


Dynamic libraries:
0x00007ff6638a0000 - 0x00007ff6638aa000 	C:\android2\jbr\bin\java.exe
0x00007ffb76d20000 - 0x00007ffb76f87000 	C:\WINDOWS\SYSTEM32\ntdll.dll
0x00007ffb76c10000 - 0x00007ffb76cdb000 	C:\WINDOWS\System32\KERNEL32.DLL
0x00007ffb73fe0000 - 0x00007ffb743e2000 	C:\WINDOWS\System32\KERNELBASE.dll
0x00007ffb744e0000 - 0x00007ffb7462c000 	C:\WINDOWS\System32\ucrtbase.dll
0x00007ffb5d7b0000 - 0x00007ffb5d7c8000 	C:\android2\jbr\bin\jli.dll
0x00007ffb75810000 - 0x00007ffb759df000 	C:\WINDOWS\System32\USER32.dll
0x00007ffb743f0000 - 0x00007ffb74417000 	C:\WINDOWS\System32\win32u.dll
0x00007ffb75ca0000 - 0x00007ffb75ccb000 	C:\WINDOWS\System32\GDI32.dll
0x00007ffb74910000 - 0x00007ffb74a39000 	C:\WINDOWS\System32\gdi32full.dll
0x00007ffb5dc90000 - 0x00007ffb5dcab000 	C:\android2\jbr\bin\VCRUNTIME140.dll
0x00007ffb747d0000 - 0x00007ffb74873000 	C:\WINDOWS\System32\msvcp_win.dll
0x00007ffb54a10000 - 0x00007ffb54ca0000 	C:\WINDOWS\WinSxS\amd64_microsoft.windows.common-controls_6595b64144ccf1df_6.0.26100.9278_none_3e0d1ba8e3303201\COMCTL32.dll
0x00007ffb75bd0000 - 0x00007ffb75c79000 	C:\WINDOWS\System32\msvcrt.dll
0x00007ffb74a40000 - 0x00007ffb74a71000 	C:\WINDOWS\System32\IMM32.DLL
0x00007ffb6e660000 - 0x00007ffb6e66c000 	C:\android2\jbr\bin\vcruntime140_1.dll
0x00007ffb05570000 - 0x00007ffb055fd000 	C:\android2\jbr\bin\msvcp140.dll
0x00007ffada8b0000 - 0x00007ffadb546000 	C:\android2\jbr\bin\server\jvm.dll
0x00007ffb75e80000 - 0x00007ffb75f3c000 	C:\WINDOWS\System32\ADVAPI32.dll
0x00007ffb763c0000 - 0x00007ffb76469000 	C:\WINDOWS\System32\sechost.dll
0x00007ffb76800000 - 0x00007ffb76918000 	C:\WINDOWS\System32\RPCRT4.dll
0x00007ffb76590000 - 0x00007ffb76610000 	C:\WINDOWS\System32\WS2_32.dll
0x00007ffb73d80000 - 0x00007ffb73dde000 	C:\WINDOWS\SYSTEM32\POWRPROF.dll
0x00007ffb6a4c0000 - 0x00007ffb6a4f6000 	C:\WINDOWS\SYSTEM32\WINMM.dll
0x00007ffb547d0000 - 0x00007ffb547db000 	C:\WINDOWS\SYSTEM32\VERSION.dll
0x00007ffb73d60000 - 0x00007ffb73d75000 	C:\WINDOWS\SYSTEM32\UMPDC.dll
0x00007ffb72b50000 - 0x00007ffb72b6b000 	C:\WINDOWS\SYSTEM32\kernel.appcore.dll
0x00007ffb6a440000 - 0x00007ffb6a44a000 	C:\android2\jbr\bin\jimage.dll
0x00007ffb714c0000 - 0x00007ffb7170c000 	C:\WINDOWS\SYSTEM32\DBGHELP.DLL
0x00007ffb75f50000 - 0x00007ffb762d5000 	C:\WINDOWS\System32\combase.dll
0x00007ffb762e0000 - 0x00007ffb763b9000 	C:\WINDOWS\System32\OLEAUT32.dll
0x00007ffb4dca0000 - 0x00007ffb4dcdb000 	C:\WINDOWS\SYSTEM32\dbgcore.DLL
0x00007ffb73f20000 - 0x00007ffb73fcc000 	C:\WINDOWS\System32\bcryptPrimitives.dll
0x00007ffb5d7a0000 - 0x00007ffb5d7ae000 	C:\android2\jbr\bin\instrument.dll
0x00007ffb5d730000 - 0x00007ffb5d750000 	C:\android2\jbr\bin\java.dll
0x00007ffb5d710000 - 0x00007ffb5d728000 	C:\android2\jbr\bin\zip.dll
0x00007ffb75000000 - 0x00007ffb75798000 	C:\WINDOWS\System32\SHELL32.dll
0x00007ffb71950000 - 0x00007ffb721fe000 	C:\WINDOWS\SYSTEM32\windows.storage.dll
0x00007ffb76aa0000 - 0x00007ffb76b9b000 	C:\WINDOWS\System32\SHCORE.dll
0x00007ffb76ba0000 - 0x00007ffb76c06000 	C:\WINDOWS\System32\shlwapi.dll
0x00007ffb73e40000 - 0x00007ffb73e69000 	C:\WINDOWS\SYSTEM32\profapi.dll
0x00007ffb69ed0000 - 0x00007ffb69ee0000 	C:\android2\jbr\bin\net.dll
0x00007ffb6dd40000 - 0x00007ffb6de6a000 	C:\WINDOWS\SYSTEM32\WINHTTP.dll
0x00007ffb731b0000 - 0x00007ffb7321c000 	C:\WINDOWS\system32\mswsock.dll
0x00007ffb5d4a0000 - 0x00007ffb5d4b6000 	C:\android2\jbr\bin\nio.dll
0x00007ffb5e3d0000 - 0x00007ffb5e3e0000 	C:\android2\jbr\bin\verify.dll
0x00007ffb59950000 - 0x00007ffb59977000 	C:\Users\Mica\.gradle\native\1def1411415f61bf3af743bc5b6707747c0891f09f0c88961ee8f79bc544acac\windows-amd64\native-platform.dll
0x00007ffb15cc0000 - 0x00007ffb15d38000 	C:\Users\Mica\.gradle\native\0.2.7\x86_64-windows-gnu\gradle-fileevents.dll
0x00007ffb628d0000 - 0x00007ffb628d9000 	C:\android2\jbr\bin\management.dll
0x00007ffb61770000 - 0x00007ffb6177b000 	C:\android2\jbr\bin\management_ext.dll
0x00007ffb75cd0000 - 0x00007ffb75cd8000 	C:\WINDOWS\System32\PSAPI.DLL
0x00007ffb725d0000 - 0x00007ffb72603000 	C:\WINDOWS\SYSTEM32\IPHLPAPI.DLL
0x00007ffb75c80000 - 0x00007ffb75c8a000 	C:\WINDOWS\System32\NSI.dll
0x00007ffb62960000 - 0x00007ffb62969000 	C:\android2\jbr\bin\extnet.dll
0x00007ffb734a0000 - 0x00007ffb734bb000 	C:\WINDOWS\SYSTEM32\CRYPTSP.dll
0x00007ffb72b70000 - 0x00007ffb72ba9000 	C:\WINDOWS\system32\rsaenh.dll
0x00007ffb73260000 - 0x00007ffb73294000 	C:\WINDOWS\SYSTEM32\USERENV.dll
0x00007ffb73e10000 - 0x00007ffb73e3a000 	C:\WINDOWS\SYSTEM32\bcrypt.dll
0x00007ffb734c0000 - 0x00007ffb734cc000 	C:\WINDOWS\SYSTEM32\CRYPTBASE.dll
0x00007ffb27970000 - 0x00007ffb27978000 	C:\WINDOWS\system32\wshunix.dll
0x00007ffb72670000 - 0x00007ffb727c8000 	C:\WINDOWS\SYSTEM32\DNSAPI.dll
0x00007ffb72f90000 - 0x00007ffb72f9d000 	C:\WINDOWS\SYSTEM32\DSPARSE.dll
0x00007ffb6a480000 - 0x00007ffb6a48b000 	C:\Windows\System32\rasadhlp.dll
0x00007ffb6e220000 - 0x00007ffb6e2a6000 	C:\WINDOWS\System32\fwpuclnt.dll
0x00007ffb706d0000 - 0x00007ffb7076f000 	C:\WINDOWS\system32\apphelp.dll

JVMTI agents:
C:\Users\Mica\.gradle\wrapper\dists\gradle-8.13-bin\5xuhj0ry160q40clulazy9h7d\gradle-8.13\lib\agents\gradle-instrumentation-agent-8.13.jar path:C:\android2\jbr\bin\instrument.dll, loaded, initialized, instrumentlib options:none

dbghelp: loaded successfully - version: 4.0.5 - missing functions: none
symbol engine: initialized successfully - sym options: 0x614 - pdb path: .;C:\android2\jbr\bin;C:\WINDOWS\SYSTEM32;C:\WINDOWS\WinSxS\amd64_microsoft.windows.common-controls_6595b64144ccf1df_6.0.26100.9278_none_3e0d1ba8e3303201;C:\android2\jbr\bin\server;C:\Users\Mica\.gradle\native\1def1411415f61bf3af743bc5b6707747c0891f09f0c88961ee8f79bc544acac\windows-amd64;C:\Users\Mica\.gradle\native\0.2.7\x86_64-windows-gnu

VM Arguments:
jvm_args: --add-opens=java.base/java.lang=ALL-UNNAMED --add-opens=java.base/java.lang.invoke=ALL-UNNAMED --add-opens=java.base/java.util=ALL-UNNAMED --add-opens=java.prefs/java.util.prefs=ALL-UNNAMED --add-exports=jdk.compiler/com.sun.tools.javac.api=ALL-UNNAMED --add-exports=jdk.compiler/com.sun.tools.javac.util=ALL-UNNAMED --add-opens=java.base/java.util=ALL-UNNAMED --add-opens=java.prefs/java.util.prefs=ALL-UNNAMED --add-opens=java.base/java.nio.charset=ALL-UNNAMED --add-opens=java.base/java.net=ALL-UNNAMED --add-opens=java.base/java.util.concurrent.atomic=ALL-UNNAMED --add-opens=java.xml/javax.xml.namespace=ALL-UNNAMED -Xmx2048m -Dfile.encoding=UTF-8 -Duser.country=US -Duser.language=en -Duser.variant -javaagent:C:\Users\Mica\.gradle\wrapper\dists\gradle-8.13-bin\5xuhj0ry160q40clulazy9h7d\gradle-8.13\lib\agents\gradle-instrumentation-agent-8.13.jar 
java_command: org.gradle.launcher.daemon.bootstrap.GradleDaemon 8.13
java_class_path (initial): C:\Users\Mica\.gradle\wrapper\dists\gradle-8.13-bin\5xuhj0ry160q40clulazy9h7d\gradle-8.13\lib\gradle-daemon-main-8.13.jar
Launcher Type: SUN_STANDARD

[Global flags]
     intx CICompilerCount                          = 4                                         {product} {ergonomic}
     uint ConcGCThreads                            = 3                                         {product} {ergonomic}
     uint G1ConcRefinementThreads                  = 10                                        {product} {ergonomic}
   size_t G1HeapRegionSize                         = 1048576                                   {product} {ergonomic}
    uintx GCDrainStackTargetSize                   = 64                                        {product} {ergonomic}
   size_t InitialHeapSize                          = 130023424                                 {product} {ergonomic}
   size_t MarkStackSize                            = 4194304                                   {product} {ergonomic}
   size_t MaxHeapSize                              = 2147483648                                {product} {command line}
   size_t MaxNewSize                               = 1287651328                                {product} {ergonomic}
   size_t MinHeapDeltaBytes                        = 1048576                                   {product} {ergonomic}
   size_t MinHeapSize                              = 8388608                                   {product} {ergonomic}
    uintx NonNMethodCodeHeapSize                   = 5839372                                {pd product} {ergonomic}
    uintx NonProfiledCodeHeapSize                  = 122909434                              {pd product} {ergonomic}
    uintx ProfiledCodeHeapSize                     = 122909434                              {pd product} {ergonomic}
    uintx ReservedCodeCacheSize                    = 251658240                              {pd product} {ergonomic}
     bool SegmentedCodeCache                       = true                                      {product} {ergonomic}
   size_t SoftMaxHeapSize                          = 2147483648                             {manageable} {ergonomic}
     bool UseCompressedOops                        = true                           {product lp64_product} {ergonomic}
     bool UseG1GC                                  = true                                      {product} {ergonomic}
     bool UseLargePagesIndividualAllocation        = false                                  {pd product} {ergonomic}

Logging:
Log output configuration:
 #0: stdout all=warning uptime,level,tags foldmultilines=false
 #1: stderr all=off uptime,level,tags foldmultilines=false

Environment Variables:
PATH=C:\Program Files (x86)\Common Files\Intel\Shared Files\fortran\bin\Intel64;C:\Program Files (x86)\Common Files\Intel\Shared Libraries\redist\intel64_win\mpirt;C:\Program Files (x86)\Common Files\Intel\Shared Libraries\redist\intel64_win\compiler;C:\WINDOWS\system32;C:\WINDOWS;C:\WINDOWS\System32\Wbem;C:\WINDOWS\System32\WindowsPowerShell\v1.0\;C:\WINDOWS\System32\OpenSSH\;C:\MinGW\bin;C:\Program Files\Java;C:\Program Files\Java\jdk1.8.0_351\bin;C:\MinGW;C:\jdk-25_windows-x64_bin;C:\Program Files\Git\cmd;C:\Program Files\Microsoft SQL Server\110\Tools\Binn\;D:\CybersecPrac\Python\Scripts\;D:\CybersecPrac\Python\;C:\Users\Mica\AppData\Local\Programs\Python\Launcher\;C:\Program Files\MySQL\MySQL Shell 8.0\bin\;C:\Users\Mica\AppData\Local\Microsoft\WindowsApps;C:\Users\Mica\AppData\Local\Programs\Microsoft VS Code\bin;C:\MinGW;C:\jdk-25_windows-x64_bin\jdk-25;C:\Users\Mica\AppData\Local\GitHubDesktop\bin;C:\Users\Mica\.local\bin;
USERNAME=Mica
OS=Windows_NT
PROCESSOR_IDENTIFIER=Intel64 Family 6 Model 186 Stepping 3, GenuineIntel
TMP=C:\Users\Mica\AppData\Local\Temp
TEMP=C:\Users\Mica\AppData\Local\Temp




Periodic native trim disabled

JNI global refs:
JNI global refs: 29, weak refs: 2

JNI global refs memory usage: 835, weak refs: 833

Process memory usage:
Resident Set Size: 654744K (8% of 8069112K total physical memory with 456080K free physical memory)

OOME stack traces (most recent first):
Classloader memory used:
Loader org.gradle.internal.classloader.VisitableURLClassLoader                         : 62607K
Loader org.gradle.internal.classloader.VisitableURLClassLoader$InstrumentingVisitableURLClassLoader: 37872K
Loader bootstrap                                                                       : 35347K
Loader org.gradle.initialization.MixInLegacyTypesClassLoader                           : 15150K
Loader org.gradle.internal.classloader.VisitableURLClassLoader                         : 8647K
Loader jdk.internal.loader.ClassLoaders$PlatformClassLoader                            : 817K
Loader jdk.internal.reflect.DelegatingClassLoader                                      : 817K
Loader org.gradle.groovy.scripts.internal.DefaultScriptCompilationHandler$ScriptClassLoader: 283K
Loader jdk.internal.loader.ClassLoaders$AppClassLoader                                 : 235K
Loader org.codehaus.groovy.runtime.callsite.CallSiteClassLoader                        : 70776B

Classes loaded by more than one classloader:
Class Program                                                                         : loaded 5 times (x 72B)
Class com.google.common.collect.Iterators$MergingIterator                             : loaded 3 times (x 81B)
Class com.google.common.collect.ImmutableList$SubList                                 : loaded 3 times (x 209B)
Class com.google.common.collect.ForwardingObject                                      : loaded 3 times (x 72B)
Class com.google.common.collect.ImmutableSet$SetBuilderImpl                           : loaded 3 times (x 76B)
Class com.google.common.collect.ImmutableList                                         : loaded 3 times (x 206B)
Class Build_gradle                                                                    : loaded 3 times (x 130B)
Class com.google.common.base.CharMatcher$InRange                                      : loaded 3 times (x 111B)
Class com.google.common.collect.RangeSet                                              : loaded 3 times (x 70B)
Class com.google.common.base.CharMatcher$1                                            : loaded 3 times (x 113B)
Class com.google.common.base.CharMatcher$NamedFastMatcher                             : loaded 3 times (x 112B)
Class com.google.common.base.Joiner$2                                                 : loaded 3 times (x 79B)
Class com.google.common.collect.RangeGwtSerializationDependencies                     : loaded 3 times (x 71B)
Class com.google.common.collect.PeekingIterator                                       : loaded 3 times (x 70B)
Class com.google.common.base.CharMatcher                                              : loaded 3 times (x 111B)
Class com.google.common.base.CharMatcher$IsEither                                     : loaded 3 times (x 111B)
Class com.google.common.base.Joiner$1                                                 : loaded 3 times (x 80B)
Class com.google.common.base.Preconditions                                            : loaded 3 times (x 71B)
Class com.google.common.base.CharMatcher$Is                                           : loaded 3 times (x 111B)
Class com.google.common.base.CharMatcher$Negated                                      : loaded 3 times (x 113B)
Class com.google.common.collect.ImmutableSet$RegularSetBuilderImpl                    : loaded 3 times (x 77B)
Class com.google.common.collect.ImmutableRangeSet$ComplementRanges                    : loaded 3 times (x 207B)
Class org.gradle.internal.IoActions                                                   : loaded 3 times (x 71B)
Class org.gradle.api.GradleException                                                  : loaded 3 times (x 82B)
Class com.google.common.base.CharMatcher$NegatedFastMatcher                           : loaded 3 times (x 113B)
Class com.google.common.collect.AbstractRangeSet                                      : loaded 3 times (x 114B)
Class com.google.common.base.Predicate                                                : loaded 3 times (x 70B)
Class com.google.common.base.CharMatcher$FastMatcher                                  : loaded 3 times (x 111B)
Class com.google.common.collect.ImmutableList$1                                       : loaded 3 times (x 97B)
Class org.gradle.api.Action                                                           : loaded 3 times (x 70B)
Class org.gradle.internal.Cast                                                        : loaded 3 times (x 71B)
Class com.google.common.base.CharMatcher$Or                                           : loaded 3 times (x 112B)
Class com.google.common.collect.ImmutableSet                                          : loaded 3 times (x 145B)
Class com.google.common.base.CharMatcher$BitSetMatcher                                : loaded 3 times (x 112B)
Class com.google.common.collect.ImmutableRangeSet$Builder                             : loaded 3 times (x 77B)
Class Build_gradle$1                                                                  : loaded 3 times (x 74B)
Class com.google.common.collect.RegularImmutableList                                  : loaded 3 times (x 213B)
Class com.google.common.base.Function                                                 : loaded 3 times (x 70B)
Class com.google.common.base.CharMatcher$IsNot                                        : loaded 3 times (x 111B)
Class com.google.common.collect.RegularImmutableSet                                   : loaded 3 times (x 149B)
Class com.google.common.collect.ImmutableSortedSet                                    : loaded 3 times (x 300B)
Class com.google.common.collect.ImmutableAsList                                       : loaded 3 times (x 209B)
Class com.google.common.collect.Iterators$9                                           : loaded 3 times (x 81B)
Class com.google.common.collect.ImmutableSet$CachingAsList                            : loaded 3 times (x 148B)
Class com.google.common.collect.Lists                                                 : loaded 3 times (x 71B)
Class com.google.common.collect.ImmutableCollection                                   : loaded 3 times (x 125B)
Class com.google.common.base.CharMatcher$AnyOf                                        : loaded 3 times (x 112B)
Class com.google.common.base.CharMatcher$ForPredicate                                 : loaded 3 times (x 112B)
Class com.google.common.collect.Iterators$5                                           : loaded 3 times (x 82B)
Class com.google.common.collect.Iterators$4                                           : loaded 3 times (x 82B)
Class com.google.common.collect.SortedIterable                                        : loaded 3 times (x 70B)
Class com.google.common.collect.SingletonImmutableSet                                 : loaded 3 times (x 146B)
Class com.google.common.collect.UnmodifiableListIterator                              : loaded 3 times (x 95B)
Class com.google.common.collect.Iterators$1                                           : loaded 3 times (x 81B)
Class com.google.common.collect.ImmutableList$ReverseImmutableList                    : loaded 3 times (x 209B)
Class org.gradle.api.UncheckedIOException                                             : loaded 3 times (x 82B)
Class com.google.common.collect.SingletonImmutableList                                : loaded 3 times (x 207B)
Class com.google.common.collect.RegularImmutableSortedSet                             : loaded 3 times (x 300B)
Class com.google.common.collect.NullnessCasts                                         : loaded 3 times (x 71B)
Class com.google.common.collect.AbstractIndexedListIterator                           : loaded 3 times (x 96B)
Class com.google.common.collect.AbstractIterator                                      : loaded 3 times (x 82B)
Class com.google.common.base.CharMatcher$And                                          : loaded 3 times (x 112B)
Class com.google.common.collect.Lists$StringAsImmutableList                           : loaded 3 times (x 207B)
Class com.google.common.collect.Iterators                                             : loaded 3 times (x 71B)
Class com.google.common.collect.Range                                                 : loaded 3 times (x 87B)
Class com.google.common.collect.RegularImmutableAsList                                : loaded 3 times (x 217B)
Class com.google.common.collect.ImmutableRangeSet$1                                   : loaded 3 times (x 210B)
Class com.google.common.collect.ImmutableList$Builder                                 : loaded 3 times (x 77B)
Class com.intellij.gradle.toolingExtension.util.GradleVersionUtil                     : loaded 3 times (x 71B)
Class com.google.common.collect.UnmodifiableIterator                                  : loaded 3 times (x 80B)
Class com.google.common.base.Joiner                                                   : loaded 3 times (x 79B)
Class com.google.common.collect.ImmutableCollection$Builder                           : loaded 3 times (x 76B)
Class com.google.common.collect.Iterators$ArrayItr                                    : loaded 3 times (x 97B)
Class com.google.common.collect.ImmutableRangeSet$AsSet                               : loaded 3 times (x 300B)
Class com.google.common.collect.ImmutableRangeSet                                     : loaded 3 times (x 115B)
Class kotlin.collections.AbstractList$Companion                                       : loaded 2 times (x 71B)
Class org.gradle.internal.classloader.ClassLoaderVisitor                              : loaded 2 times (x 76B)
Class [Lcom.google.common.collect.ImmutableMapEntry;                                  : loaded 2 times (x 69B)
Class [Lcom.android.ide.common.repository.AgpVersion$PreviewKind;                     : loaded 2 times (x 69B)
Class org.jetbrains.plugins.gradle.tooling.serialization.internal.IdeaProjectSerializationService: loaded 2 times (x 77B)
Class com.google.common.collect.Ordering                                              : loaded 2 times (x 114B)
Class kotlin.sequences.SequencesKt___SequencesKt$flatMap$2                            : loaded 2 times (x 125B)
Class org.gradle.api.internal.classpath.EffectiveClassPath                            : loaded 2 times (x 90B)
Class kotlin.sequences.SequencesKt___SequencesKt                                      : loaded 2 times (x 71B)
Class org.objectweb.asm.tree.ClassNode                                                : loaded 2 times (x 91B)
Class com.android.builder.model.v2.models.AndroidDsl                                  : loaded 2 times (x 70B)
Class com.google.common.collect.ListMultimap                                          : loaded 2 times (x 70B)
Class com.google.common.collect.ImmutableEnumMap                                      : loaded 2 times (x 126B)
Class com.amazon.ion.impl.lite.IonSystemLite                                          : loaded 2 times (x 275B)
Class com.amazon.ion.util.InputStreamInterceptor                                      : loaded 2 times (x 70B)
Class com.amazon.ion.impl.bin.IonRawBinaryWriter$PreallocationMode                    : loaded 2 times (x 82B)
Class com.amazon.ion.impl.bin._Private_IonRawWriter                                   : loaded 2 times (x 70B)
Class com.amazon.ion.IonWriter                                                        : loaded 2 times (x 70B)
Class kotlin.text.StringsKt__AppendableKt                                             : loaded 2 times (x 71B)
Class org.gradle.tooling.internal.gradle.DefaultProjectIdentifier                     : loaded 2 times (x 86B)
Class com.google.common.collect.Iterators$EmptyModifiableIterator                     : loaded 2 times (x 86B)
Class com.google.common.base.Splitter                                                 : loaded 2 times (x 72B)
Class com.android.ide.common.gradle.Numeric                                           : loaded 2 times (x 77B)
Class com.google.common.collect.Sets$1                                                : loaded 2 times (x 139B)
Class org.objectweb.asm.AnnotationVisitor                                             : loaded 2 times (x 78B)
Class com.amazon.ion.impl._Private_RecyclingQueue$ElementFactory                      : loaded 2 times (x 70B)
Class com.amazon.ion.impl._Private_IonContainer                                       : loaded 2 times (x 70B)
Class com.intellij.gradle.toolingExtension.impl.model.buildScriptClasspathModel.GradleBuildScriptClasspathSerializationService$ReadContext: loaded 2 times (x 72B)
Class org.gradle.internal.impldep.gnu.trove.TObjectIntHashMap                         : loaded 2 times (x 109B)
Class com.google.common.collect.Iterators$PeekingImpl                                 : loaded 2 times (x 89B)
Class com.google.common.collect.ComparatorOrdering                                    : loaded 2 times (x 115B)
Class org.gradle.api.internal.DefaultClassPathProvider                                : loaded 2 times (x 76B)
Class com.google.common.io.CharSource$ConcatenatedCharSource                          : loaded 2 times (x 86B)
Class com.google.common.collect.Maps$ViewCachingAbstractMap                           : loaded 2 times (x 125B)
Class com.android.builder.model.v2.models.BasicAndroidProject                         : loaded 2 times (x 70B)
Class com.google.common.collect.Sets$2                                                : loaded 2 times (x 139B)
Class com.amazon.ion.impl._Private_RecyclingStack$$Iterator                           : loaded 2 times (x 99B)
Class com.amazon.ion.impl.SharedSymbolTable                                           : loaded 2 times (x 93B)
Class com.amazon.ion.impl.bin.IonRawBinaryWriter                                      : loaded 2 times (x 169B)
Class com.amazon.ion.SymbolToken                                                      : loaded 2 times (x 70B)
Class kotlin.text.StringsKt__StringNumberConversionsJVMKt                             : loaded 2 times (x 71B)
Class com.google.common.collect.NaturalOrdering                                       : loaded 2 times (x 115B)
Class kotlin.text.MatchResult                                                         : loaded 2 times (x 70B)
Class kotlin.sequences.SequenceScope                                                  : loaded 2 times (x 73B)
Class kotlin.sequences.Sequence                                                       : loaded 2 times (x 70B)
Class org.gradle.tooling.ToolingModelContract                                         : loaded 2 times (x 70B)
Class [Lorg.gradle.api.internal.ClassPathProvider;                                    : loaded 2 times (x 69B)
Class org.gradle.api.internal.ClassPathProvider                                       : loaded 2 times (x 70B)
Class [Lorg.objectweb.asm.AnnotationVisitor;                                          : loaded 2 times (x 69B)
Class com.google.common.collect.Sets$3                                                : loaded 2 times (x 139B)
Class com.google.common.util.concurrent.AbstractFuture$SafeAtomicHelper               : loaded 2 times (x 79B)
Class com.google.common.cache.LocalCache$LocalLoadingCache                            : loaded 2 times (x 134B)
Class com.amazon.ion.impl.lite.IonBoolLite                                            : loaded 2 times (x 178B)
Class org.gradle.internal.impldep.gnu.trove.TObjectHash$NULL                          : loaded 2 times (x 71B)
Class kotlin.collections.CollectionsKt___CollectionsKt$asSequence$$inlined$Sequence$1 : loaded 2 times (x 75B)
Class org.gradle.internal.service.UnknownServiceException                             : loaded 2 times (x 83B)
Class com.google.common.io.ByteArrayDataInput                                         : loaded 2 times (x 70B)
Class com.google.common.collect.Sets$4                                                : loaded 2 times (x 139B)
Class org.objectweb.asm.ModuleVisitor                                                 : loaded 2 times (x 81B)
Class com.google.common.cache.LocalCache$Strength$1                                   : loaded 2 times (x 81B)
Class org.jetbrains.kotlin.idea.gradleTooling.model.kapt.KaptGradleModel              : loaded 2 times (x 70B)
Class org.gradle.internal.impldep.gnu.trove.PrimeFinder                               : loaded 2 times (x 71B)
Class org.jetbrains.kotlin.idea.gradleTooling.KotlinDslScriptAdditionalTask           : loaded 2 times (x 70B)
Class org.jetbrains.plugins.gradle.model.ClasspathEntryModel                          : loaded 2 times (x 70B)
Class com.google.common.util.concurrent.SettableFuture                                : loaded 2 times (x 114B)
Class com.google.common.cache.LocalCache$Strength$2                                   : loaded 2 times (x 81B)
Class com.amazon.ion.IonTimestamp                                                     : loaded 2 times (x 70B)
Class com.amazon.ion.impl.bin.PooledBlockAllocatorProvider$PooledBlockAllocator       : loaded 2 times (x 81B)
Class org.jetbrains.plugins.gradle.tooling.serialization.GradleExtensionsSerializationService: loaded 2 times (x 77B)
Class org.gradle.api.JavaVersion                                                      : loaded 2 times (x 79B)
Class org.gradle.tooling.model.Dependency                                             : loaded 2 times (x 70B)
Class com.google.common.base.Splitter$1                                               : loaded 2 times (x 77B)
Class com.google.common.io.ByteStreams                                                : loaded 2 times (x 71B)
Class com.android.builder.model.v2.ide.AbstractArtifact                               : loaded 2 times (x 70B)
Class com.google.common.cache.LocalCache$Strength$3                                   : loaded 2 times (x 81B)
Class com.google.common.collect.MapDifference                                         : loaded 2 times (x 70B)
Class com.amazon.ion.IonDatagram                                                      : loaded 2 times (x 70B)
Class com.amazon.ion.impl._Private_RecyclingStack$ElementFactory                      : loaded 2 times (x 70B)
Class com.amazon.ion.impl.bin.IonManagedBinaryWriter$ImportedSymbolResolverMode$1$1   : loaded 2 times (x 78B)
Class com.amazon.ion.impl._Private_ByteTransferSink                                   : loaded 2 times (x 70B)
Class com.intellij.openapi.externalSystem.model.project.dependencies.ResolutionState  : loaded 2 times (x 79B)
Class kotlin.text.StringsKt__RegexExtensionsJVMKt                                     : loaded 2 times (x 71B)
Class com.google.common.collect.AllEqualOrdering                                      : loaded 2 times (x 114B)
Class kotlin.collections.ArraysKt___ArraysJvmKt                                       : loaded 2 times (x 71B)
Class kotlin.collections.CollectionsKt__CollectionsKt                                 : loaded 2 times (x 71B)
Class org.objectweb.asm.FieldWriter                                                   : loaded 2 times (x 78B)
Class com.google.common.cache.CacheBuilder$NullListener                               : loaded 2 times (x 82B)
Class org.jetbrains.plugins.gradle.model.ExternalLibraryDependency                    : loaded 2 times (x 70B)
Class kotlin.text.Regex$Companion                                                     : loaded 2 times (x 71B)
Class org.gradle.internal.classpath.TransformedClassPath                              : loaded 2 times (x 96B)
Class org.gradle.internal.classloader.InstrumentingClassLoader                        : loaded 2 times (x 70B)
Class kotlin.text.MatcherMatchResult$groupValues$1                                    : loaded 2 times (x 198B)
Class com.google.common.collect.ImmutableListMultimap                                 : loaded 2 times (x 176B)
Class com.google.common.cache.CacheLoader$FunctionToCacheLoader                       : loaded 2 times (x 75B)
Class com.google.common.collect.ReverseNaturalOrdering                                : loaded 2 times (x 114B)
Class com.amazon.ion.impl.bin.IonManagedBinaryWriter$ImportedSymbolResolverMode$2     : loaded 2 times (x 80B)
Class com.amazon.ion.IonValue                                                         : loaded 2 times (x 70B)
Class kotlin.jvm.internal.FunctionReference                                           : loaded 2 times (x 122B)
Class [Lkotlin.coroutines.intrinsics.CoroutineSingletons;                             : loaded 2 times (x 69B)
Class kotlin.jvm.internal.FunctionBase                                                : loaded 2 times (x 70B)
Class kotlin.enums.EnumEntriesList                                                    : loaded 2 times (x 223B)
Class com.google.common.collect.EmptyImmutableListMultimap                            : loaded 2 times (x 176B)
Class com.google.common.collect.BaseImmutableMultimap                                 : loaded 2 times (x 123B)
Class com.google.common.base.CharMatcher$None                                         : loaded 2 times (x 112B)
Class com.google.common.base.MoreObjects                                              : loaded 2 times (x 71B)
Class com.amazon.ion.impl.bin.IonRawBinaryWriter$ContainerType                        : loaded 2 times (x 79B)
Class com.amazon.ion.impl._Private_IonTextWriterBuilder$Mutable                       : loaded 2 times (x 102B)
Class kotlin.comparisons.ComparisonsKt___ComparisonsJvmKt                             : loaded 2 times (x 71B)
Class kotlin.collections.CollectionsKt__IteratorsJVMKt                                : loaded 2 times (x 71B)
Class [Lorg.objectweb.asm.Attribute;                                                  : loaded 2 times (x 69B)
Class com.android.builder.model.v2.ide.TestInfo$Execution                             : loaded 2 times (x 79B)
Class com.google.common.collect.Platform                                              : loaded 2 times (x 71B)
Class [Lorg.objectweb.asm.Type;                                                       : loaded 2 times (x 69B)
Class [Lcom.google.common.collect.AbstractIterator$State;                             : loaded 2 times (x 69B)
Class org.jetbrains.kotlin.idea.gradleTooling.KotlinSourceSetContainer                : loaded 2 times (x 70B)
Class org.jetbrains.plugins.gradle.model.IntelliJSettings                             : loaded 2 times (x 70B)
Class kotlin.Result                                                                   : loaded 2 times (x 72B)
Class org.gradle.internal.service.ServiceLocator                                      : loaded 2 times (x 70B)
Class com.google.common.io.ByteSource$ConcatenatedByteSource                          : loaded 2 times (x 85B)
Class com.google.common.base.Ascii                                                    : loaded 2 times (x 71B)
Class com.google.common.collect.SingletonImmutableBiMap                               : loaded 2 times (x 143B)
Class com.google.common.cache.LocalCache$1                                            : loaded 2 times (x 89B)
Class com.google.common.collect.Iterators$SingletonIterator                           : loaded 2 times (x 81B)
Class com.google.common.collect.AbstractMapEntry                                      : loaded 2 times (x 81B)
Class com.amazon.ion.impl.IonWriterSystem                                             : loaded 2 times (x 171B)
Class com.amazon.ion.impl.bin.Symbols$2                                               : loaded 2 times (x 107B)
Class com.amazon.ion.impl.bin._Private_IonManagedWriter                               : loaded 2 times (x 70B)
Class com.android.ide.gradle.model.GradlePropertiesModel                              : loaded 2 times (x 70B)
Class kotlin.sequences.TransformingSequence$iterator$1                                : loaded 2 times (x 79B)
Class kotlin.Pair                                                                     : loaded 2 times (x 72B)
Class org.gradle.tooling.internal.adapter.ProtocolToModelAdapter$SupportedPropertyInvoker: loaded 2 times (x 76B)
Class org.gradle.tooling.model.UnsupportedMethodException                             : loaded 2 times (x 82B)
Class com.google.common.io.CharSource$StringCharSource                                : loaded 2 times (x 86B)
Class com.google.common.io.ByteSource$ByteArrayByteSource                             : loaded 2 times (x 85B)
Class com.android.builder.model.v2.ide.BytecodeTransformation                         : loaded 2 times (x 79B)
Class com.google.common.collect.Sets$ImprovedAbstractSet                              : loaded 2 times (x 135B)
Class org.gradle.internal.classloader.DefaultClassLoaderFactory                       : loaded 2 times (x 82B)
Class com.google.common.collect.AbstractMultimap                                      : loaded 2 times (x 123B)
Class com.google.common.cache.LocalCache$2                                            : loaded 2 times (x 142B)
Class com.amazon.ion.impl.lite.IonContainerLite                                       : loaded 2 times (x 248B)
Class com.amazon.ion.IonBufferConfiguration$OversizedSymbolTableHandler               : loaded 2 times (x 70B)
Class com.amazon.ion.system.IonWriterBuilder                                          : loaded 2 times (x 74B)
Class org.jetbrains.plugins.gradle.tooling.serialization.ToolingStreamApiUtils        : loaded 2 times (x 71B)
Class com.amazon.ion.facet.Faceted                                                    : loaded 2 times (x 70B)
Class kotlin.collections.CollectionsKt__MutableCollectionsKt                          : loaded 2 times (x 71B)
Class ijInit3_ea25atwd8q03ei3l7k42m3sba                                               : loaded 2 times (x 179B)
Class com.android.builder.model.v2.ide.CodeShrinker                                   : loaded 2 times (x 79B)
Class com.google.common.util.concurrent.AbstractFuture$UnsafeAtomicHelper$1           : loaded 2 times (x 76B)
Class com.intellij.util.containers.IntObjectHashMap$ArrayProducer                     : loaded 2 times (x 70B)
Class com.amazon.ion.impl.bin.utf8.Poolable                                           : loaded 2 times (x 79B)
Class com.amazon.ion.IonSymbol                                                        : loaded 2 times (x 70B)
Class org.jetbrains.plugins.gradle.tooling.serialization.AnnotationProcessingModelSerializationService$WriteContext: loaded 2 times (x 72B)
Class org.gradle.internal.impldep.gnu.trove.THash                                     : loaded 2 times (x 81B)
Class kotlin.io.TerminateException                                                    : loaded 2 times (x 82B)
Class kotlin.io.FilesKt__FilePathComponentsKt                                         : loaded 2 times (x 71B)
Class kotlin.reflect.KCallable                                                        : loaded 2 times (x 70B)
Class com.google.common.base.Optional                                                 : loaded 2 times (x 80B)
Class com.amazon.ion.impl.bin.IonManagedBinaryWriter$ImportedSymbolResolverMode$1     : loaded 2 times (x 80B)
Class com.google.common.util.concurrent.AbstractFuture$Trusted                        : loaded 2 times (x 70B)
Class com.amazon.ion.impl.lite.IonSymbolLite                                          : loaded 2 times (x 246B)
Class com.intellij.compose.ide.plugin.gradleTooling.rt.ComposeResourcesModel          : loaded 2 times (x 70B)
Class com.amazon.ion.impl.lite.IonStructLite                                          : loaded 2 times (x 298B)
Class com.amazon.ion.impl._Private_ReaderWriter                                       : loaded 2 times (x 70B)
Class com.amazon.ion.impl.bin.AbstractSymbolTable                                     : loaded 2 times (x 107B)
Class com.amazon.ion.Decimal                                                          : loaded 2 times (x 133B)
Class com.amazon.ion.impl.bin._Private_IonManagedBinaryWriterBuilder$AllocatorMode$1  : loaded 2 times (x 80B)
Class org.jetbrains.plugins.gradle.tooling.serialization.ProjectDependenciesSerializationService$WriteContext: loaded 2 times (x 72B)
Class org.jetbrains.plugins.gradle.tooling.serialization.ProjectDependenciesSerializationService: loaded 2 times (x 77B)
Class kotlin.text.CharsKt                                                             : loaded 2 times (x 71B)
Class org.gradle.tooling.model.kotlin.dsl.KotlinDslScriptModel                        : loaded 2 times (x 70B)
Class org.gradle.tooling.internal.adapter.CollectionMapper                            : loaded 2 times (x 73B)
Class [Lcom.android.builder.model.v2.ide.LibraryType;                                 : loaded 2 times (x 69B)
Class com.android.builder.model.v2.ide.LibraryType                                    : loaded 2 times (x 79B)
Class com.google.common.io.ByteSink$AsCharSink                                        : loaded 2 times (x 80B)
Class [Lcom.amazon.ion.impl.bin.IonRawBinaryWriter$StreamCloseMode;                   : loaded 2 times (x 69B)
Class com.google.common.util.concurrent.UncheckedExecutionException                   : loaded 2 times (x 82B)
Class org.gradle.kotlin.dsl.VersionCatalogAccessorsKt                                 : loaded 2 times (x 71B)
Class com.amazon.ion.impl.lite.IonFloatLite                                           : loaded 2 times (x 186B)
Class com.amazon.ion.impl._Private_IonTextWriterBuilder                               : loaded 2 times (x 102B)
Class com.amazon.ion.impl.bin._Private_IonManagedBinaryWriterBuilder$AllocatorMode$2  : loaded 2 times (x 80B)
Class org.gradle.internal.impldep.gnu.trove.Equality                                  : loaded 2 times (x 70B)
Class com.google.common.collect.ExplicitOrdering                                      : loaded 2 times (x 115B)
Class org.jetbrains.plugins.gradle.ExternalDependencyId                               : loaded 2 times (x 70B)
Class com.amazon.ion.impl._Private_RecyclingStack                                     : loaded 2 times (x 79B)
Class com.amazon.ion.impl._Private_IonReaderBuilder                                   : loaded 2 times (x 97B)
Class com.amazon.ion.IonMutableCatalog                                                : loaded 2 times (x 70B)
Class com.intellij.gradle.toolingExtension.impl.model.buildScriptClasspathModel.GradleBuildScriptClasspathSerializationService$WriteContext: loaded 2 times (x 72B)
Class org.gradle.tooling.internal.adapter.ProtocolToModelAdapter                      : loaded 2 times (x 80B)
Class org.gradle.internal.InternalTransformer                                         : loaded 2 times (x 70B)
Class com.android.builder.model.v2.ide.AndroidGradlePluginProjectFlags$BooleanFlag    : loaded 2 times (x 79B)
Class com.google.common.collect.AbstractMapBasedMultimap$KeySet$1                     : loaded 2 times (x 82B)
Class com.android.ide.common.gradle.Separator                                         : loaded 2 times (x 79B)
Class org.objectweb.asm.ClassWriter                                                   : loaded 2 times (x 106B)
Class com.google.common.cache.CacheLoader$UnsupportedLoadingOperationException        : loaded 2 times (x 82B)
Class org.jetbrains.kotlin.idea.gradleTooling.AndroidAwareGradleModelProvider$Companion: loaded 2 times (x 71B)
Class org.gradle.internal.impldep.gnu.trove.TObjectCanonicalHashingStrategy           : loaded 2 times (x 80B)
Class kotlin.collections.MapsKt__MapsJVMKt                                            : loaded 2 times (x 71B)
Class kotlin.collections.EmptyList                                                    : loaded 2 times (x 174B)
Class org.gradle.internal.time.DefaultTimer                                           : loaded 2 times (x 80B)
Class org.gradle.internal.classloader.ClasspathUtil$1                                 : loaded 2 times (x 76B)
Class org.objectweb.asm.FieldVisitor                                                  : loaded 2 times (x 77B)
Class com.google.common.collect.IndexedImmutableSet                                   : loaded 2 times (x 152B)
Class com.google.common.collect.ImmutableMap$1                                        : loaded 2 times (x 81B)
Class com.google.common.collect.BiMap                                                 : loaded 2 times (x 70B)
Class com.amazon.ion.impl.bin.PooledBlockAllocatorProvider$PooledBlockAllocator$1     : loaded 2 times (x 79B)
Class com.amazon.ion.impl.lite.IonStringLite                                          : loaded 2 times (x 212B)
Class org.gradle.tooling.internal.adapter.ProtocolToModelAdapter$ViewKey              : loaded 2 times (x 72B)
Class org.gradle.api.internal.classpath.DefaultModuleRegistry$DefaultModule           : loaded 2 times (x 86B)
Class com.google.common.base.Absent                                                   : loaded 2 times (x 80B)
Class com.android.builder.model.v2.CustomSourceDirectory                              : loaded 2 times (x 70B)
Class com.google.common.primitives.Ints                                               : loaded 2 times (x 71B)
Class com.android.ide.common.repository.AgpVersion                                    : loaded 2 times (x 75B)
Class com.google.common.base.Suppliers                                                : loaded 2 times (x 71B)
Class com.amazon.ion.impl.bin.Block                                                   : loaded 2 times (x 79B)
Class com.google.common.collect.NullsFirstOrdering                                    : loaded 2 times (x 115B)
Class kotlin.ResultKt                                                                 : loaded 2 times (x 71B)
Class org.gradle.tooling.internal.adapter.ProtocolToModelAdapter$PropertyCachingMethodInvoker: loaded 2 times (x 76B)
Class com.android.builder.model.v2.models.ProjectSyncIssues                           : loaded 2 times (x 70B)
Class com.google.common.collect.ObjectArrays                                          : loaded 2 times (x 71B)
Class com.google.common.collect.Multiset                                              : loaded 2 times (x 70B)
Class com.google.common.collect.ArrayListMultimapGwtSerializationDependencies         : loaded 2 times (x 172B)
Class [Lcom.google.common.cache.CacheBuilder$OneWeigher;                              : loaded 2 times (x 69B)
Class com.google.common.math.MathPreconditions                                        : loaded 2 times (x 71B)
Class com.intellij.openapi.externalSystem.model.ExternalSystemException               : loaded 2 times (x 86B)
Class org.jetbrains.plugins.gradle.model.ExternalTask                                 : loaded 2 times (x 70B)
Class com.amazon.ion.impl.bin.utf8.Utf8StringEncoderPool$1                            : loaded 2 times (x 76B)
Class com.amazon.ion.impl.lite.IonLoaderLite                                          : loaded 2 times (x 82B)
Class com.amazon.ion.impl.lite.IonContext                                             : loaded 2 times (x 70B)
Class com.amazon.ion.impl.IonWriterSystemText                                         : loaded 2 times (x 190B)
Class [Lcom.amazon.ion.impl.bin.IonManagedBinaryWriter$ImportedSymbolResolverMode;    : loaded 2 times (x 69B)
Class com.amazon.ion.ValueFactory                                                     : loaded 2 times (x 70B)
Class kotlin.Result$Failure                                                           : loaded 2 times (x 72B)
Class kotlin.collections.ArraysKt__ArraysKt                                           : loaded 2 times (x 71B)
Class org.gradle.internal.time.DefaultCountdownTimer                                  : loaded 2 times (x 88B)
Class com.google.common.collect.ImmutableMapEntrySet                                  : loaded 2 times (x 152B)
Class com.amazon.ion.impl.bin.IonManagedBinaryWriter$SymbolResolver                   : loaded 2 times (x 70B)
Class com.amazon.ion.impl._Private_SymbolToken                                        : loaded 2 times (x 70B)
Class com.amazon.ion.impl.bin._Private_IonManagedBinaryWriterBuilder$AllocatorMode    : loaded 2 times (x 80B)
Class org.jetbrains.plugins.gradle.model.GradleTaskModel                              : loaded 2 times (x 70B)
Class org.jetbrains.plugins.gradle.tooling.util.ObjectCollector                       : loaded 2 times (x 72B)
Class kotlin.collections.SetsKt__SetsJVMKt                                            : loaded 2 times (x 71B)
Class org.gradle.tooling.internal.adapter.ProtocolToModelAdapter$AdaptingMethodInvoker: loaded 2 times (x 76B)
Class org.gradle.tooling.internal.gradle.DefaultBuildIdentifier                       : loaded 2 times (x 79B)
Class kotlin.Function                                                                 : loaded 2 times (x 70B)
Class org.gradle.api.internal.classpath.Module                                        : loaded 2 times (x 70B)
Class com.google.common.cache.Weigher                                                 : loaded 2 times (x 70B)
Class [Lcom.amazon.ion.util.GzipStreamInterceptor;                                    : loaded 2 times (x 69B)
Class com.amazon.ion.impl._Private_IonReaderBuilder$Mutable                           : loaded 2 times (x 97B)
Class com.intellij.openapi.externalSystem.model.project.IExternalSystemSourceType     : loaded 2 times (x 70B)
Class kotlin.io.FileAlreadyExistsException                                            : loaded 2 times (x 82B)
Class kotlin.internal.ProgressionUtilKt                                               : loaded 2 times (x 71B)
Class org.gradle.api.internal.classpath.UnknownModuleException                        : loaded 2 times (x 82B)
Class com.google.common.base.Stopwatch                                                : loaded 2 times (x 72B)
Class com.google.common.cache.LocalCache$Strength                                     : loaded 2 times (x 81B)
Class com.google.common.cache.Cache                                                   : loaded 2 times (x 70B)
Class com.google.gson.stream.JsonReader$1                                             : loaded 2 times (x 72B)
Class com.intellij.openapi.externalSystem.model.project.dependencies.ProjectDependencies: loaded 2 times (x 70B)
Class org.jetbrains.plugins.gradle.tooling.serialization.ProjectDependenciesSerializationService$ReadContext: loaded 2 times (x 72B)
Class org.gradle.internal.impldep.gnu.trove.TObjectIdentityHashingStrategy            : loaded 2 times (x 78B)
Class com.google.common.io.Files$2                                                    : loaded 2 times (x 76B)
Class com.google.common.util.concurrent.AbstractFuture$Cancellation                   : loaded 2 times (x 72B)
Class com.google.common.collect.ImmutableMap$Builder                                  : loaded 2 times (x 82B)
Class com.google.common.base.Present                                                  : loaded 2 times (x 81B)
Class com.google.common.cache.RemovalListener                                         : loaded 2 times (x 70B)
Class com.amazon.ion.IonBufferConfiguration                                           : loaded 2 times (x 73B)
Class com.amazon.ion.impl.bin.Symbols                                                 : loaded 2 times (x 71B)
Class org.jetbrains.plugins.gradle.tooling.serialization.RepositoriesModelSerializationService: loaded 2 times (x 82B)
Class com.android.ide.gradle.model.artifacts.AdditionalClassifierArtifactsModel       : loaded 2 times (x 70B)
Class org.gradle.tooling.internal.gradle.GradleProjectIdentity                        : loaded 2 times (x 70B)
Class org.gradle.api.internal.DefaultClassPathRegistry                                : loaded 2 times (x 76B)
Class com.google.common.collect.ImmutableMultimap$Keys                                : loaded 2 times (x 166B)
Class com.android.builder.model.v2.ide.JavaArtifact                                   : loaded 2 times (x 70B)
Class com.google.common.primitives.IntsMethodsForWeb                                  : loaded 2 times (x 71B)
Class com.google.common.collect.Multimap                                              : loaded 2 times (x 70B)
Class [Lcom.amazon.ion.impl.bin.AbstractIonWriter$WriteValueOptimization;             : loaded 2 times (x 69B)
Class org.jetbrains.plugins.gradle.tooling.serialization.RepositoriesModelSerializationService$ReadContext: loaded 2 times (x 72B)
Class kotlin.ranges.ClosedRange                                                       : loaded 2 times (x 70B)
Class org.gradle.api.internal.ClassPathRegistry                                       : loaded 2 times (x 70B)
Class org.gradle.internal.classpath.DefaultClassPath$ImmutableUniqueList              : loaded 2 times (x 199B)
Class org.objectweb.asm.MethodTooLargeException                                       : loaded 2 times (x 83B)
Class com.amazon.ion.impl.bin.IonManagedBinaryWriter$UserState                        : loaded 2 times (x 85B)
Class com.amazon.ion.impl._Private_IonWriter                                          : loaded 2 times (x 70B)
Class com.amazon.ion.impl.bin._Private_IonManagedBinaryWriterBuilder                  : loaded 2 times (x 72B)
Class com.intellij.gradle.toolingExtension.impl.model.projectModel.GradleExternalProjectSerializationService$WriteContext: loaded 2 times (x 73B)
Class kotlin.text.StringsKt__StringsJVMKt                                             : loaded 2 times (x 71B)
Class kotlin.collections.IntIterator                                                  : loaded 2 times (x 82B)
Class ijJvmDebugger1_65fnlwx6uellm4cl5w6h6zgr9$_run_closure1                          : loaded 2 times (x 139B)
Class com.google.common.base.Platform$JdkPatternCompiler                              : loaded 2 times (x 75B)
Class com.google.common.io.ByteSink                                                   : loaded 2 times (x 76B)
Class com.android.builder.model.v2.dsl.SigningConfig                                  : loaded 2 times (x 70B)
Class com.android.builder.model.v2.models.AndroidProject                              : loaded 2 times (x 70B)
Class com.android.builder.model.v2.AndroidModel                                       : loaded 2 times (x 70B)
Class com.google.common.cache.CacheBuilder                                            : loaded 2 times (x 72B)
Class org.gradle.internal.operations.MultipleBuildOperationFailures                   : loaded 2 times (x 95B)
Class Settings_gradle$1                                                               : loaded 2 times (x 74B)
Class [Lcom.amazon.ion.SymbolToken;                                                   : loaded 2 times (x 69B)
Class kotlin.text.StringsKt__IndentKt                                                 : loaded 2 times (x 71B)
Class kotlin.collections.SetsKt                                                       : loaded 2 times (x 71B)
Class org.gradle.tooling.internal.adapter.MethodInvocation                            : loaded 2 times (x 85B)
Class org.gradle.internal.classpath.ClassPath                                         : loaded 2 times (x 70B)
Class com.google.common.io.Files$FileByteSource                                       : loaded 2 times (x 85B)
Class com.google.common.base.JdkPattern                                               : loaded 2 times (x 75B)
Class kotlin.sequences.TransformingSequence                                           : loaded 2 times (x 75B)
Class org.jetbrains.plugins.gradle.model.ExternalProjectDependency                    : loaded 2 times (x 70B)
Class org.jetbrains.plugins.gradle.tooling.serialization.KotlinDslScriptsModelSerializationService: loaded 2 times (x 81B)
Class kotlin.reflect.KFunction                                                        : loaded 2 times (x 70B)
Class kotlin.collections.ArrayDeque                                                   : loaded 2 times (x 207B)
Class com.google.common.io.CharSource$CharSequenceCharSource                          : loaded 2 times (x 86B)
Class org.objectweb.asm.SymbolTable$Entry                                             : loaded 2 times (x 74B)
Class com.google.common.util.concurrent.AbstractFuture$AtomicHelper                   : loaded 2 times (x 78B)
Class com.google.gson.internal.JsonReaderInternalAccess                               : loaded 2 times (x 72B)
Class com.amazon.ion.system.IonSystemBuilder$Mutable                                  : loaded 2 times (x 75B)
Class com.amazon.ion.impl.bin.IonManagedBinaryWriter$SymbolResolverBuilder            : loaded 2 times (x 70B)
Class org.jetbrains.kotlin.idea.gradleTooling.KotlinGradleModel                       : loaded 2 times (x 70B)
Class org.jetbrains.plugins.gradle.tooling.serialization.ExternalTestsSerializationService$WriteContext: loaded 2 times (x 72B)
Class kotlin.collections.MapsKt__MapsKt                                               : loaded 2 times (x 71B)
Class com.android.builder.model.v2.ide.Variant                                        : loaded 2 times (x 70B)
Class org.objectweb.asm.Edge                                                          : loaded 2 times (x 72B)
Class com.google.common.base.Suppliers$SupplierOfInstance                             : loaded 2 times (x 79B)
Class com.intellij.util.ThrowableConsumer                                             : loaded 2 times (x 70B)
Class com.amazon.ion.impl._Private_RecyclingStack$Recycler                            : loaded 2 times (x 70B)
Class com.amazon.ion.impl.bin.IonManagedBinaryWriter$LocalSymbolTableView             : loaded 2 times (x 107B)
Class com.amazon.ion.impl.bin.IonRawBinaryWriter$ThrowingRunnable                     : loaded 2 times (x 70B)
Class org.gradle.tooling.model.Model                                                  : loaded 2 times (x 70B)
Class com.google.common.cache.LocalCache$ComputingValueReference                      : loaded 2 times (x 96B)
Class org.objectweb.asm.ClassVisitor                                                  : loaded 2 times (x 88B)
Class com.google.common.collect.ImmutableMap$IteratorBasedImmutableMap                : loaded 2 times (x 126B)
Class com.amazon.ion.UnknownSymbolException                                           : loaded 2 times (x 86B)
Class com.android.ide.gradle.model.composites.BuildMap                                : loaded 2 times (x 70B)
Class kotlin.text.MatchResult$Destructured                                            : loaded 2 times (x 72B)
Class kotlin.Metadata                                                                 : loaded 2 times (x 70B)
Class kotlin.UninitializedPropertyAccessException                                     : loaded 2 times (x 82B)
Class com.android.builder.model.v2.ide.Library                                        : loaded 2 times (x 70B)
Class com.android.builder.model.v2.ide.ArtifactDependenciesAdjacencyList              : loaded 2 times (x 70B)
Class com.android.builder.model.v2.models.Versions                                    : loaded 2 times (x 70B)
Class com.google.common.cache.LocalCache$Segment                                      : loaded 2 times (x 154B)
Class org.jetbrains.plugins.gradle.model.IntelliJProjectSettings                      : loaded 2 times (x 70B)
Class org.gradle.tooling.internal.adapter.ProtocolToModelAdapter$MethodInvocationCache: loaded 2 times (x 73B)
Class [Lorg.objectweb.asm.Symbol;                                                     : loaded 2 times (x 69B)
Class com.android.builder.model.v2.models.ndk.NativeModule                            : loaded 2 times (x 70B)
Class com.google.common.collect.AbstractListMultimap                                  : loaded 2 times (x 172B)
Class [Lorg.objectweb.asm.SymbolTable$Entry;                                          : loaded 2 times (x 69B)
Class com.google.common.cache.CacheLoader                                             : loaded 2 times (x 74B)
Class com.android.utils.FileUtils                                                     : loaded 2 times (x 71B)
Class com.google.common.collect.ImmutableBiMap                                        : loaded 2 times (x 143B)
Class org.jetbrains.plugins.gradle.model.ExternalDependency                           : loaded 2 times (x 70B)
Class com.intellij.util.containers.IntObjectHashMap                                   : loaded 2 times (x 72B)
Class org.gradle.internal.installation.GradleInstallation$1                           : loaded 2 times (x 75B)
Class org.gradle.api.internal.classpath.ModuleRegistry                                : loaded 2 times (x 70B)
Class com.google.common.base.Splitter$SplittingIterator                               : loaded 2 times (x 84B)
Class com.android.builder.model.v2.ide.PrivacySandboxSdkInfo                          : loaded 2 times (x 70B)
Class com.google.common.util.concurrent.internal.InternalFutureFailureAccess          : loaded 2 times (x 72B)
Class com.android.ide.common.repository.AgpVersion$PreviewKind$Companion              : loaded 2 times (x 71B)
Class com.android.builder.model.v2.ide.AaptOptions$Namespacing                        : loaded 2 times (x 79B)
Class com.google.common.collect.ImmutableSet$JdkBackedSetBuilderImpl                  : loaded 2 times (x 76B)
Class com.amazon.ion.impl.bin.IonManagedBinaryWriter$SymbolState$1                    : loaded 2 times (x 80B)
Class com.amazon.ion.impl.LocalSymbolTableAsStruct$Factory                            : loaded 2 times (x 79B)
Class [Lcom.amazon.ion.IonType;                                                       : loaded 2 times (x 69B)
Class org.jetbrains.plugins.gradle.model.VersionCatalogsModel                         : loaded 2 times (x 70B)
Class com.intellij.gradle.toolingExtension.impl.model.sourceSetDependencyModel.GradleSourceSetDependencySerialisationService$SourceSetDependencyModelReadContext: loaded 2 times (x 72B)
Class com.intellij.gradle.toolingExtension.impl.model.dependencyModel.DependencyReadContext: loaded 2 times (x 72B)
Class org.gradle.tooling.internal.adapter.ObjectGraphAdapter                          : loaded 2 times (x 70B)
Class com.google.common.collect.ImmutableMultimap$Values                              : loaded 2 times (x 126B)
Class com.android.builder.model.v2.ide.Installation                                   : loaded 2 times (x 70B)
Class com.google.common.util.concurrent.AbstractFuture$UnsafeAtomicHelper             : loaded 2 times (x 78B)
Class com.google.common.cache.LocalCache$LocalManualCache$1                           : loaded 2 times (x 75B)
Class org.gradle.tooling.internal.adapter.TargetTypeProvider                          : loaded 2 times (x 70B)
Class org.jetbrains.plugins.gradle.model.ProjectImportModelProvider                   : loaded 2 times (x 70B)
Class org.jetbrains.plugins.gradle.model.ExternalSourceSet                            : loaded 2 times (x 70B)
Class com.amazon.ion.impl.bin.IonManagedBinaryWriter$SymbolState$2                    : loaded 2 times (x 80B)
Class com.amazon.ion.IonNull                                                          : loaded 2 times (x 70B)
Class com.intellij.gradle.toolingExtension.impl.model.warmUp.GradleTaskWarmUpRequest  : loaded 2 times (x 70B)
Class com.android.ide.gradle.model.LegacyAndroidGradlePluginPropertiesModelParameters : loaded 2 times (x 70B)
Class com.google.common.collect.ImmutableSortedAsList                                 : loaded 2 times (x 221B)
Class kotlin.text.RegexKt                                                             : loaded 2 times (x 71B)
Class kotlin.coroutines.intrinsics.IntrinsicsKt__IntrinsicsKt                         : loaded 2 times (x 71B)
Class com.android.builder.model.v2.models.ModelBuilderParameter                       : loaded 2 times (x 70B)
Class kotlin.ranges.IntProgression$Companion                                          : loaded 2 times (x 71B)
Class org.jetbrains.plugins.gradle.model.GradleExtensions                             : loaded 2 times (x 70B)
Class com.amazon.ion.impl.bin.IonRawBinaryWriter$ContainerInfo                        : loaded 2 times (x 74B)
Class com.amazon.ion.impl.bin.IonManagedBinaryWriter$SymbolState$3                    : loaded 2 times (x 80B)
Class com.amazon.ion.impl.bin.IonRawBinaryWriter$StreamFlushMode                      : loaded 2 times (x 79B)
Class com.amazon.ion.IonBinaryWriter                                                  : loaded 2 times (x 70B)
Class com.intellij.gradle.toolingExtension.impl.model.sourceSetArtifactIndex.GradleSourceSetArtifactBuildRequest: loaded 2 times (x 70B)
Class kotlin.io.FilesKt__UtilsKt                                                      : loaded 2 times (x 71B)
Class com.google.common.collect.Lists$TransformingRandomAccessList                    : loaded 2 times (x 199B)
Class kotlin.collections.CollectionsKt__CollectionsJVMKt                              : loaded 2 times (x 71B)
Class org.gradle.api.internal.classpath.DefaultModuleRegistry                         : loaded 2 times (x 86B)
Class org.jetbrains.plugins.gradle.model.AnnotationProcessingModel                    : loaded 2 times (x 70B)
Class com.google.common.util.concurrent.ListenableFuture                              : loaded 2 times (x 70B)
Class com.google.common.cache.ReferenceEntry                                          : loaded 2 times (x 70B)
Class com.google.common.base.Converter                                                : loaded 2 times (x 90B)
Class com.amazon.ion.system.IonBinaryWriterBuilder                                    : loaded 2 times (x 99B)
Class com.amazon.ion.impl.bin.IonManagedBinaryWriter$SymbolState$4                    : loaded 2 times (x 80B)
Class [Lcom.amazon.ion.util.InputStreamInterceptor;                                   : loaded 2 times (x 69B)
Class org.jetbrains.plugins.gradle.tooling.serialization.internal.IdeaProjectSerializationService$WriteContext$1: loaded 2 times (x 83B)
Class org.jetbrains.plugins.gradle.model.ExternalProject                              : loaded 2 times (x 70B)
Class kotlin.sequences.SequencesKt                                                    : loaded 2 times (x 71B)
Class kotlin.collections.CollectionsKt__IteratorsKt                                   : loaded 2 times (x 71B)
Class [Lcom.android.builder.model.v2.ide.CodeShrinker;                                : loaded 2 times (x 69B)
Class com.google.common.collect.AbstractMapBasedMultimap                              : loaded 2 times (x 139B)
Class com.google.common.util.concurrent.AbstractFuture                                : loaded 2 times (x 106B)
Class com.google.common.base.FunctionalEquivalence                                    : loaded 2 times (x 83B)
Class com.amazon.ion.impl.bin.IonManagedBinaryWriter$UserState$4                      : loaded 2 times (x 85B)
Class org.jetbrains.plugins.gradle.model.UnresolvedExternalDependency                 : loaded 2 times (x 70B)
Class com.amazon.ion.impl.bin.utf8.Pool                                               : loaded 2 times (x 74B)
Class com.amazon.ion.impl._Private_SymtabExtendsCache                                 : loaded 2 times (x 72B)
Class org.jetbrains.plugins.gradle.tooling.serialization.internal.IdeaProjectSerializationService$WriteContext$2: loaded 2 times (x 83B)
Class kotlin.text.StringsKt                                                           : loaded 2 times (x 71B)
Class com.google.common.collect.ImmutableMultiset                                     : loaded 2 times (x 163B)
Class org.objectweb.asm.RecordComponentVisitor                                        : loaded 2 times (x 77B)
Class com.google.common.cache.CacheLoader$SupplierToCacheLoader                       : loaded 2 times (x 75B)
Class com.amazon.ion.impl._Private_IonSymbol                                          : loaded 2 times (x 70B)
Class com.amazon.ion.impl.lite.IonValueLite                                           : loaded 2 times (x 147B)
Class com.amazon.ion.IonContainer                                                     : loaded 2 times (x 70B)
Class com.amazon.ion.impl.bin.PooledBlockAllocatorProvider                            : loaded 2 times (x 73B)
Class org.jetbrains.plugins.gradle.tooling.serialization.AnnotationProcessingModelSerializationService$ReadContext: loaded 2 times (x 72B)
Class org.jetbrains.plugins.gradle.tooling.serialization.internal.IdeaProjectSerializationService$WriteContext$3: loaded 2 times (x 83B)
Class kotlin.coroutines.jvm.internal.RestrictedContinuationImpl                       : loaded 2 times (x 87B)
Class org.gradle.util.internal.DefaultGradleVersion$Stage                             : loaded 2 times (x 75B)
Class com.google.common.collect.Maps$EntryTransformer                                 : loaded 2 times (x 70B)
Class org.jetbrains.kotlin.idea.gradleTooling.AndroidAwareGradleModelProvider         : loaded 2 times (x 79B)
Class org.jetbrains.plugins.gradle.tooling.serialization.internal.IdeaProjectSerializationService$WriteContext$4: loaded 2 times (x 83B)
Class com.intellij.gradle.toolingExtension.impl.model.sourceSetDependencyModel.GradleSourceSetDependencySerialisationService$Companion: loaded 2 times (x 71B)
Class [Lkotlin.Pair;                                                                  : loaded 2 times (x 69B)
Class kotlin.text.StringsKt__StringNumberConversionsKt                                : loaded 2 times (x 71B)
Class kotlin.io.FilesKt__FileReadWriteKt                                              : loaded 2 times (x 71B)
Class com.google.common.collect.UsingToStringOrdering                                 : loaded 2 times (x 114B)
Class kotlin.text.MatchNamedGroupCollection                                           : loaded 2 times (x 70B)
Class kotlin.jvm.internal.markers.KMutableList                                        : loaded 2 times (x 70B)
Class org.gradle.internal.time.MonotonicClock                                         : loaded 2 times (x 77B)
Class org.gradle.internal.service.ServiceLookupException                              : loaded 2 times (x 82B)
Class com.google.common.collect.ImmutableMap$MapViewOfValuesAsSingletonSets           : loaded 2 times (x 126B)
Class com.google.common.collect.Lists$ReverseList                                     : loaded 2 times (x 200B)
Class [Lcom.google.common.cache.LocalCache$EntryFactory;                              : loaded 2 times (x 69B)
Class com.amazon.ion.BufferConfiguration$Builder                                      : loaded 2 times (x 78B)
Class org.jetbrains.plugins.gradle.tooling.serialization.internal.IdeaProjectSerializationService$WriteContext$5: loaded 2 times (x 83B)
Class com.google.common.collect.RegularImmutableMap                                   : loaded 2 times (x 121B)
Class sync_studio_tooling10_9nbz94yvrgsn3ilqv24hah4h4                                 : loaded 2 times (x 179B)
Class kotlin.sequences.SequencesKt___SequencesKt$sortedWith$1                         : loaded 2 times (x 75B)
Class org.gradle.internal.classloader.ClassLoaderFactory                              : loaded 2 times (x 70B)
Class com.android.builder.model.v2.ide.LibraryInfo                                    : loaded 2 times (x 70B)
Class com.google.common.base.CommonPattern                                            : loaded 2 times (x 74B)
Class com.google.common.cache.LocalCache$LocalManualCache                             : loaded 2 times (x 99B)
Class com.google.gson.stream.MalformedJsonException                                   : loaded 2 times (x 82B)
Class com.amazon.ion.impl.bin.IntList                                                 : loaded 2 times (x 77B)
Class com.amazon.ion.impl._Private_RecyclingQueue$ElementIterator                     : loaded 2 times (x 82B)
Class com.amazon.ion.impl.lite._Private_LiteDomTrampoline                             : loaded 2 times (x 71B)
Class com.amazon.ion.IonType                                                          : loaded 2 times (x 79B)
Class org.jetbrains.plugins.gradle.tooling.serialization.internal.IdeaProjectSerializationService$WriteContext$6: loaded 2 times (x 83B)
Class org.jetbrains.plugins.gradle.tooling.util.IntObjectMap                          : loaded 2 times (x 73B)
Class org.gradle.internal.service.CachingServiceLocator                               : loaded 2 times (x 82B)
Class ijKotlinCoroutineJvmDebugInit1_5heortybpb2eo1dafnmtj4ity$_run_closure1          : loaded 2 times (x 139B)
Class com.google.common.collect.Streams                                               : loaded 2 times (x 71B)
Class com.google.common.collect.AbstractMapBasedMultimap$KeySet                       : loaded 2 times (x 137B)
Class com.google.common.math.IntMath                                                  : loaded 2 times (x 71B)
Class com.amazon.ion.impl.lite.ValueFactoryLite                                       : loaded 2 times (x 218B)
Class org.jetbrains.plugins.gradle.model.RepositoryModels                             : loaded 2 times (x 70B)
Class org.jetbrains.plugins.gradle.tooling.serialization.internal.IdeaProjectSerializationService$WriteContext$7: loaded 2 times (x 83B)
Class kotlin.jvm.internal.Intrinsics$Kotlin                                           : loaded 2 times (x 71B)
Class kotlin.collections.AbstractList$SubList                                         : loaded 2 times (x 198B)
Class kotlin.jvm.internal.CallableReference                                           : loaded 2 times (x 106B)
Class org.objectweb.asm.commons.InstructionAdapter                                    : loaded 2 times (x 188B)
Class com.google.common.collect.ImmutableMapEntry                                     : loaded 2 times (x 85B)
Class com.amazon.ion.impl.bin.WriteBuffer                                             : loaded 2 times (x 78B)
Class com.amazon.ion.impl.bin.IonManagedBinaryWriter                                  : loaded 2 times (x 166B)
Class org.jetbrains.plugins.gradle.tooling.serialization.internal.IdeaProjectSerializationService$WriteContext$8: loaded 2 times (x 83B)
Class [Lorg.gradle.api.JavaVersion;                                                   : loaded 2 times (x 69B)
Class kotlin.ranges.IntRange                                                          : loaded 2 times (x 93B)
Class org.gradle.tooling.model.idea.IdeaDependencyScope                               : loaded 2 times (x 70B)
Class org.gradle.internal.time.TimeSource                                             : loaded 2 times (x 70B)
Class org.gradle.tooling.model.kotlin.dsl.KotlinDslScriptsModel                       : loaded 2 times (x 70B)
Class com.google.common.collect.ImmutableMultimap                                     : loaded 2 times (x 147B)
Class com.android.builder.model.v2.ide.TestInfo                                       : loaded 2 times (x 70B)
Class com.google.common.base.Equivalence                                              : loaded 2 times (x 82B)
Class com.android.builder.model.v2.ide.AndroidArtifact                                : loaded 2 times (x 70B)
Class com.google.common.collect.ImmutableMapEntry$NonTerminalImmutableMapEntry        : loaded 2 times (x 85B)
Class com.amazon.ion.impl.lite.IonBlobLite                                            : loaded 2 times (x 219B)
Class com.amazon.ion.impl.LocalSymbolTable                                            : loaded 2 times (x 121B)
Class org.jetbrains.plugins.gradle.tooling.serialization.SerializationService         : loaded 2 times (x 70B)
Class org.gradle.tooling.internal.gradle.GradleBuildIdentity                          : loaded 2 times (x 70B)
Class kotlin.enums.EnumEntries                                                        : loaded 2 times (x 70B)
Class com.google.common.collect.IndexedImmutableSet$1                                 : loaded 2 times (x 213B)
Class com.android.builder.model.v2.ide.JavaCompileOptions                             : loaded 2 times (x 70B)
Class com.google.common.cache.CacheBuilder$OneWeigher                                 : loaded 2 times (x 82B)
Class com.google.common.io.ByteArrayDataOutput                                        : loaded 2 times (x 70B)
Class com.amazon.ion.IonList                                                          : loaded 2 times (x 70B)
Class org.jetbrains.plugins.gradle.tooling.serialization.internal.adapter.Supplier    : loaded 2 times (x 70B)
Class org.gradle.tooling.internal.adapter.ProtocolToModelAdapter$MixInMappingAction   : loaded 2 times (x 80B)
Class org.gradle.internal.exceptions.ResolutionProvider                               : loaded 2 times (x 70B)
Class com.amazon.ion.IonSystem                                                        : loaded 2 times (x 70B)
Class com.amazon.ion.impl.bin.IonManagedBinaryWriter$ImportedSymbolContext            : loaded 2 times (x 72B)
Class kotlin.text.MatchResult$DefaultImpls                                            : loaded 2 times (x 71B)
Class org.gradle.tooling.model.idea.IdeaCompilerOutput                                : loaded 2 times (x 70B)
Class org.gradle.tooling.model.ProjectIdentifier                                      : loaded 2 times (x 70B)
Class org.gradle.internal.classloader.ClasspathUtil                                   : loaded 2 times (x 71B)
Class com.android.builder.model.v2.ide.ComponentInfo                                  : loaded 2 times (x 70B)
Class org.objectweb.asm.tree.MethodNode                                               : loaded 2 times (x 110B)
Class com.google.common.base.Charsets                                                 : loaded 2 times (x 71B)
Class com.google.common.util.concurrent.Uninterruptibles                              : loaded 2 times (x 71B)
Class com.android.builder.model.v2.ide.ProjectType                                    : loaded 2 times (x 79B)
Class com.intellij.gradle.toolingExtension.impl.model.sourceSetModel.GradleSourceSetSerialisationService: loaded 2 times (x 77B)
Class kotlin.io.FileSystemException                                                   : loaded 2 times (x 82B)
Class com.google.common.io.CharSource                                                 : loaded 2 times (x 85B)
Class com.android.builder.model.v2.dsl.BaseConfig                                     : loaded 2 times (x 70B)
Class com.google.common.collect.Maps                                                  : loaded 2 times (x 71B)
Class com.amazon.ion.impl.lite.IonIntLite                                             : loaded 2 times (x 189B)
Class com.amazon.ion.impl._Private_IonReaderBuilder$TwoElementInputStream             : loaded 2 times (x 92B)
Class com.amazon.ion.util._Private_FastAppendable                                     : loaded 2 times (x 70B)
Class [Lcom.amazon.ion.impl.bin.IonRawBinaryWriter$PreallocationMode;                 : loaded 2 times (x 69B)
Class org.gradle.internal.time.TimeSource$1                                           : loaded 2 times (x 77B)
Class kotlin.jvm.internal.DefaultConstructorMarker                                    : loaded 2 times (x 71B)
Class org.gradle.api.specs.Spec                                                       : loaded 2 times (x 70B)
Class [Lcom.google.common.collect.ImmutableEntry;                                     : loaded 2 times (x 69B)
Class com.amazon.ion.impl.lite.IonSexpLite                                            : loaded 2 times (x 490B)
Class com.amazon.ion.impl.lite.IonListLite                                            : loaded 2 times (x 490B)
Class com.amazon.ion.IonFloat                                                         : loaded 2 times (x 70B)
Class com.google.common.cache.LocalCache$LoadingValueReference                        : loaded 2 times (x 96B)
Class com.amazon.ion.impl.LocalSymbolTable$Factory                                    : loaded 2 times (x 77B)
Class com.amazon.ion.impl.bin.IonManagedBinaryWriter$ImportedSymbolResolverMode       : loaded 2 times (x 80B)
Class com.intellij.gradle.toolingExtension.impl.model.buildScriptClasspathModel.GradleBuildScriptClasspathSerializationService: loaded 2 times (x 77B)
Class org.gradle.api.internal.classpath.ManifestUtil                                  : loaded 2 times (x 71B)
Class com.google.common.base.Platform                                                 : loaded 2 times (x 71B)
Class com.amazon.ion.impl.LocalSymbolTableAsStruct                                    : loaded 2 times (x 126B)
Class com.amazon.ion.impl.lite.IonTimestampLite                                       : loaded 2 times (x 192B)
Class org.jetbrains.plugins.gradle.model.FileCollectionDependency                     : loaded 2 times (x 70B)
Class org.gradle.internal.impldep.gnu.trove.TObjectHashingStrategy                    : loaded 2 times (x 70B)
Class com.intellij.gradle.toolingExtension.impl.model.utilDummyModel.DummyModel       : loaded 2 times (x 70B)
Class kotlin.text.StringsKt__RegexExtensionsKt                                        : loaded 2 times (x 71B)
Class kotlin.collections.EmptyIterator                                                : loaded 2 times (x 89B)
Class org.gradle.internal.time.Clock                                                  : loaded 2 times (x 70B)
Class com.android.builder.model.v2.dsl.ProductFlavor                                  : loaded 2 times (x 70B)
Class [Lcom.android.builder.model.v2.ide.TestInfo$Execution;                          : loaded 2 times (x 69B)
Class [Lorg.objectweb.asm.AnnotationWriter;                                           : loaded 2 times (x 69B)
Class com.google.common.collect.Maps$8                                                : loaded 2 times (x 82B)
Class com.amazon.ion.IonString                                                        : loaded 2 times (x 70B)
Class org.jetbrains.plugins.gradle.model.GradleSourceSetDependencyModel               : loaded 2 times (x 70B)
Class kotlin.io.FilePathComponents                                                    : loaded 2 times (x 72B)
Class com.google.common.collect.CompoundOrdering                                      : loaded 2 times (x 115B)
Class kotlin.sequences.SequencesKt__SequencesJVMKt                                    : loaded 2 times (x 71B)
Class kotlin.coroutines.jvm.internal.RestrictedSuspendLambda                          : loaded 2 times (x 91B)
Class org.gradle.tooling.internal.adapter.TypeInspector                               : loaded 2 times (x 73B)
Class org.gradle.tooling.internal.adapter.ProtocolToModelAdapter$NoOpDecoration       : loaded 2 times (x 79B)
Class org.gradle.tooling.model.Element                                                : loaded 2 times (x 70B)
Class kotlin.collections.AbstractList                                                 : loaded 2 times (x 197B)
Class kotlin.collections.AbstractCollection                                           : loaded 2 times (x 117B)
Class ijKotlinCoroutineJvmDebugInit1_5heortybpb2eo1dafnmtj4ity                        : loaded 2 times (x 179B)
Class [Lcom.google.common.collect.Iterators$EmptyModifiableIterator;                  : loaded 2 times (x 69B)
Class org.gradle.tooling.internal.adapter.ProtocolToModelAdapter$InvocationHandlerImpl: loaded 2 times (x 77B)
Class com.google.common.collect.Lists$ReverseList$1                                   : loaded 2 times (x 99B)
Class com.google.common.collect.Sets$SetView                                          : loaded 2 times (x 138B)
Class com.google.common.cache.LocalCache$StrongValueReference                         : loaded 2 times (x 90B)
Class com.google.common.util.concurrent.AbstractFuture$SynchronizedHelper             : loaded 2 times (x 78B)
Class com.amazon.ion.BufferConfiguration                                              : loaded 2 times (x 73B)
Class com.amazon.ion.system.SimpleCatalog                                             : loaded 2 times (x 91B)
Class com.intellij.gradle.toolingExtension.impl.model.taskModel.GradleTaskSerialisationService: loaded 2 times (x 76B)
Class com.android.ide.gradle.model.LegacyV1AgpVersionModel                            : loaded 2 times (x 70B)
Class kotlin.text.StringsKt__StringBuilderJVMKt                                       : loaded 2 times (x 71B)
Class kotlin.text.Regex                                                               : loaded 2 times (x 72B)
Class kotlin.sequences.SequencesKt__SequenceBuilderKt$sequence$$inlined$Sequence$1    : loaded 2 times (x 75B)
Class sync_studio_tooling4_71kpyno2ho9k54nhtzxd0ghuc                                  : loaded 2 times (x 179B)
Class com.google.common.graph.SuccessorsFunction                                      : loaded 2 times (x 70B)
Class [Lcom.google.gson.stream.JsonToken;                                             : loaded 2 times (x 69B)
Class org.objectweb.asm.Type                                                          : loaded 2 times (x 72B)
Class org.jetbrains.plugins.gradle.tooling.util.IntObjectMap$1                        : loaded 2 times (x 77B)
Class org.gradle.internal.impldep.com.google.common.base.Preconditions                : loaded 2 times (x 71B)
Class org.gradle.tooling.model.internal.ImmutableDomainObjectSet                      : loaded 2 times (x 155B)
Class org.gradle.internal.classloader.VisitableURLClassLoader$InstrumentingVisitableURLClassLoader: loaded 2 times (x 123B)
Class com.google.common.io.Files$FileByteSink                                         : loaded 2 times (x 77B)
Class com.android.builder.model.v2.ide.AndroidGradlePluginProjectFlags                : loaded 2 times (x 70B)
Class [Lcom.android.builder.model.v2.ide.AndroidGradlePluginProjectFlags$BooleanFlag; : loaded 2 times (x 69B)
Class com.android.builder.model.v2.ide.BasicVariant                                   : loaded 2 times (x 70B)
Class org.objectweb.asm.ByteVector                                                    : loaded 2 times (x 79B)
Class [Lcom.google.common.cache.CacheBuilder$NullListener;                            : loaded 2 times (x 69B)
Class com.google.common.math.IntMath$1                                                : loaded 2 times (x 71B)
Class [Lcom.amazon.ion.impl.bin.IonRawBinaryWriter$StreamFlushMode;                   : loaded 2 times (x 69B)
Class com.amazon.ion.UnsupportedIonVersionException                                   : loaded 2 times (x 85B)
Class kotlin.comparisons.ComparisonsKt__ComparisonsKt                                 : loaded 2 times (x 71B)
Class kotlin.ranges.RangesKt__RangesKt                                                : loaded 2 times (x 71B)
Class kotlin.collections.SetsKt___SetsKt                                              : loaded 2 times (x 71B)
Class kotlin.sequences.SequencesKt__SequencesKt                                       : loaded 2 times (x 71B)
Class kotlin.coroutines.Continuation                                                  : loaded 2 times (x 70B)
Class org.gradle.internal.classloader.VisitableURLClassLoader$Spec                    : loaded 2 times (x 74B)
Class org.gradle.internal.classpath.DefaultClassPath                                  : loaded 2 times (x 90B)
Class com.google.common.base.AbstractIterator                                         : loaded 2 times (x 80B)
Class com.android.builder.model.v2.ide.BundleInfo                                     : loaded 2 times (x 70B)
Class com.android.builder.model.v2.ide.SourceProvider                                 : loaded 2 times (x 70B)
Class org.objectweb.asm.Symbol                                                        : loaded 2 times (x 73B)
Class com.amazon.ion.impl.bin.IonManagedBinaryWriter$SymbolState                      : loaded 2 times (x 80B)
Class com.amazon.ion.IonStruct                                                        : loaded 2 times (x 70B)
Class org.jetbrains.plugins.gradle.model.GradleBuildScriptClasspathModel              : loaded 2 times (x 70B)
Class kotlin.sequences.FilteringSequence                                              : loaded 2 times (x 75B)
Class kotlin.text.CharsKt__CharJVMKt                                                  : loaded 2 times (x 71B)
Class kotlin.comparisons.ComparisonsKt                                                : loaded 2 times (x 71B)
Class kotlin.comparisons.ComparisonsKt___ComparisonsKt                                : loaded 2 times (x 71B)
Class kotlin.coroutines.jvm.internal.BaseContinuationImpl                             : loaded 2 times (x 87B)
Class kotlin.Result$Companion                                                         : loaded 2 times (x 71B)
Class org.gradle.util.internal.DefaultGradleVersion                                   : loaded 2 times (x 80B)
Class com.google.common.io.Closer                                                     : loaded 2 times (x 78B)
Class com.google.common.base.CharMatcher$Ascii                                        : loaded 2 times (x 112B)
Class org.gradle.tooling.model.build.GradleEnvironment                                : loaded 2 times (x 70B)
Class org.jetbrains.plugins.gradle.tooling.util.IntObjectMap$ObjectFactory            : loaded 2 times (x 70B)
Class com.google.common.collect.RegularImmutableMap$Values                            : loaded 2 times (x 207B)
Class org.gradle.internal.classloader.ClassLoaderSpec                                 : loaded 2 times (x 71B)
Class com.google.common.io.ByteSource$EmptyByteSource                                 : loaded 2 times (x 85B)
Class org.objectweb.asm.AnnotationWriter                                              : loaded 2 times (x 79B)
Class com.google.common.cache.CacheStats                                              : loaded 2 times (x 71B)
Class com.amazon.ion.impl.IonWriterSystemTextMarkup                                   : loaded 2 times (x 192B)
Class com.amazon.ion.impl.bin.BlockAllocator                                          : loaded 2 times (x 80B)
Class kotlin.jvm.internal.FunctionReferenceImpl                                       : loaded 2 times (x 122B)
Class kotlin.collections.CollectionsKt___CollectionsJvmKt                             : loaded 2 times (x 71B)
Class com.google.common.collect.ImmutableMultisetGwtSerializationDependencies         : loaded 2 times (x 125B)
Class com.google.common.io.Closer$Suppressor                                          : loaded 2 times (x 70B)
Class com.google.common.io.LineProcessor                                              : loaded 2 times (x 70B)
Class org.objectweb.asm.RecordComponentWriter                                         : loaded 2 times (x 78B)
Class com.google.common.util.concurrent.AbstractFuture$Listener                       : loaded 2 times (x 72B)
Class [Lcom.android.builder.model.v2.ide.ProjectType;                                 : loaded 2 times (x 69B)
Class com.amazon.ion.IonException                                                     : loaded 2 times (x 84B)
Class Settings_gradle$1$1                                                             : loaded 2 times (x 74B)
Class com.amazon.ion.impl._Private_RecyclingQueue                                     : loaded 2 times (x 80B)
Class com.amazon.ion.system.IonWriterBuilderBase                                      : loaded 2 times (x 83B)
Class kotlin.TuplesKt                                                                 : loaded 2 times (x 71B)
Class kotlin.jvm.internal.markers.KMutableIterable                                    : loaded 2 times (x 70B)
Class kotlin.sequences.SequencesKt___SequencesJvmKt                                   : loaded 2 times (x 71B)
Class org.gradle.tooling.internal.adapter.ProtocolToModelAdapter$DefaultViewBuilder   : loaded 2 times (x 80B)
Class kotlin.Unit                                                                     : loaded 2 times (x 71B)
Class [Lcom.android.builder.model.v2.ide.AaptOptions$Namespacing;                     : loaded 2 times (x 69B)
Class [Lorg.objectweb.asm.Label;                                                      : loaded 2 times (x 69B)
Class com.android.ide.common.gradle.Version$Companion$ParseState                      : loaded 2 times (x 70B)
Class org.objectweb.asm.Attribute                                                     : loaded 2 times (x 77B)
Class com.google.common.base.Supplier                                                 : loaded 2 times (x 70B)
Class kotlin.ranges.RangesKt                                                          : loaded 2 times (x 71B)
Class org.gradle.tooling.internal.adapter.ProtocolToModelAdapter$ViewGraphDetails$1   : loaded 2 times (x 77B)
Class org.gradle.internal.classloader.VisitableURLClassLoader                         : loaded 2 times (x 117B)
Class com.google.common.io.CharSource$AsByteSource                                    : loaded 2 times (x 85B)
Class com.google.common.util.concurrent.AbstractFuture$Waiter                         : loaded 2 times (x 72B)
Class com.android.ide.common.repository.AgpVersion$Companion                          : loaded 2 times (x 71B)
Class Settings_gradle                                                                 : loaded 2 times (x 128B)
Class com.amazon.ion.impl.bin.IonRawBinaryWriter$1                                    : loaded 2 times (x 77B)
Class [Lcom.amazon.ion.SymbolTable;                                                   : loaded 2 times (x 69B)
Class com.amazon.ion.impl.bin.IonBinaryWriterAdapter$Factory                          : loaded 2 times (x 70B)
Class com.amazon.ion.impl.BlockedBuffer$BufferedOutputStream                          : loaded 2 times (x 90B)
Class org.jetbrains.plugins.gradle.tooling.serialization.ExternalTestsSerializationService$ReadContext: loaded 2 times (x 72B)
Class kotlin.sequences.FlatteningSequence$iterator$1                                  : loaded 2 times (x 79B)
Class kotlin.jvm.functions.Function0                                                  : loaded 2 times (x 70B)
Class kotlin.collections.ArraysUtilJVM                                                : loaded 2 times (x 71B)
Class com.amazon.ion.util.GzipStreamInterceptor                                       : loaded 2 times (x 85B)
Class com.amazon.ion.impl.bin.IonManagedBinaryWriter$UserState$3                      : loaded 2 times (x 85B)
Class org.gradle.tooling.model.idea.IdeaDependency                                    : loaded 2 times (x 70B)
Class com.android.builder.model.v2.ide.AaptOptions                                    : loaded 2 times (x 70B)
Class [Lcom.android.builder.model.v2.ide.BytecodeTransformation;                      : loaded 2 times (x 69B)
Class com.google.common.base.Strings                                                  : loaded 2 times (x 71B)
Class com.android.ide.common.gradle.Version$Companion                                 : loaded 2 times (x 71B)
Class com.google.common.collect.Sets                                                  : loaded 2 times (x 71B)
Class org.objectweb.asm.Handler                                                       : loaded 2 times (x 72B)
Class com.google.common.base.Ticker                                                   : loaded 2 times (x 72B)
Class com.google.common.util.concurrent.ExecutionError                                : loaded 2 times (x 82B)
Class com.amazon.ion.impl.bin.AbstractIonWriter$WriteValueOptimization                : loaded 2 times (x 79B)
Class kotlin.collections.AbstractMutableList                                          : loaded 2 times (x 206B)
Class kotlin.jvm.functions.Function1                                                  : loaded 2 times (x 70B)
Class com.android.builder.model.v2.models.ndk.NativeModelBuilderParameter             : loaded 2 times (x 70B)
Class [Lcom.google.common.cache.LocalCache$Segment;                                   : loaded 2 times (x 69B)
Class [Lcom.google.common.cache.LocalCache$Strength;                                  : loaded 2 times (x 69B)
Class com.google.common.cache.CacheBuilder$1                                          : loaded 2 times (x 85B)
Class com.google.common.collect.ImmutableEnumSet                                      : loaded 2 times (x 146B)
Class com.google.common.collect.ImmutableMap                                          : loaded 2 times (x 120B)
Class com.amazon.ion.impl.bin.BlockAllocatorProvider                                  : loaded 2 times (x 72B)
Class org.jetbrains.plugins.gradle.tooling.serialization.internal.IdeaProjectSerializationService$WriteContext: loaded 2 times (x 72B)
Class com.intellij.gradle.toolingExtension.impl.model.sourceSetDependencyModel.GradleSourceSetDependencySerialisationService: loaded 2 times (x 77B)
Class org.jetbrains.plugins.gradle.model.GradleSourceSetModel                         : loaded 2 times (x 70B)
Class kotlin.KotlinNothingValueException                                              : loaded 2 times (x 82B)
Class kotlin.jvm.functions.Function2                                                  : loaded 2 times (x 70B)
Class org.gradle.internal.classpath.DefaultClassPath$ImmutableUniqueList$Builder      : loaded 2 times (x 75B)
Class com.android.builder.model.v2.models.VariantDependenciesAdjacencyList            : loaded 2 times (x 70B)
Class com.google.gson.stream.JsonToken                                                : loaded 2 times (x 79B)
Class com.google.common.cache.LocalCache                                              : loaded 2 times (x 187B)
Class com.google.common.cache.CacheBuilder$2                                          : loaded 2 times (x 79B)
Class org.gradle.internal.classloader.ClassLoaderHierarchy                            : loaded 2 times (x 70B)
Class com.amazon.ion.impl.lite.IonSequenceLite                                        : loaded 2 times (x 432B)
Class com.amazon.ion.impl._Private_Utils$1                                            : loaded 2 times (x 89B)
Class com.amazon.ion.impl.SymbolTableAsStruct                                         : loaded 2 times (x 70B)
Class com.android.ide.gradle.model.dependencies.Coordinates                           : loaded 2 times (x 70B)
Class kotlin.collections.MapsKt___MapsJvmKt                                           : loaded 2 times (x 71B)
Class org.gradle.tooling.internal.adapter.WeakIdentityHashMap$AbsentValueProvider     : loaded 2 times (x 70B)
Class com.google.common.collect.ArrayListMultimap                                     : loaded 2 times (x 172B)
Class com.google.common.cache.CacheBuilder$3                                          : loaded 2 times (x 72B)
Class [Lcom.google.common.collect.AbstractMapEntry;                                   : loaded 2 times (x 69B)
Class com.google.common.collect.ImmutableEntry                                        : loaded 2 times (x 82B)
Class com.amazon.ion.impl.bin.AbstractIonWriter                                       : loaded 2 times (x 161B)
Class org.jetbrains.plugins.gradle.tooling.util.ObjectCollector$Processor             : loaded 2 times (x 70B)
Class kotlin.jvm.functions.Function4                                                  : loaded 2 times (x 70B)
Class kotlin.collections.EmptySet                                                     : loaded 2 times (x 122B)
Class kotlin.annotation.Target                                                        : loaded 2 times (x 70B)
Class kotlin.collections.CollectionsKt___CollectionsKt                                : loaded 2 times (x 71B)
Class kotlin.collections.CollectionsKt__ReversedViewsKt                               : loaded 2 times (x 71B)
Class org.gradle.internal.exceptions.NonGradleCauseExceptionsHolder                   : loaded 2 times (x 70B)
Class org.gradle.tooling.model.idea.IdeaModuleDependency                              : loaded 2 times (x 70B)
Class org.gradle.tooling.internal.adapter.ViewBuilder                                 : loaded 2 times (x 70B)
Class com.google.common.io.CharSource$EmptyCharSource                                 : loaded 2 times (x 86B)
Class com.android.builder.model.v2.ide.AndroidLibraryData                             : loaded 2 times (x 70B)
Class com.android.builder.model.v2.ide.ApiVersion                                     : loaded 2 times (x 70B)
Class com.android.ide.common.gradle.Version                                           : loaded 2 times (x 75B)
Class com.google.common.collect.CollectPreconditions                                  : loaded 2 times (x 71B)
Class com.amazon.ion.system.IonReaderBuilder                                          : loaded 2 times (x 95B)
Class org.jetbrains.plugins.gradle.model.AnnotationProcessingConfig                   : loaded 2 times (x 70B)
Class com.amazon.ion.IonReader                                                        : loaded 2 times (x 70B)
Class kotlin.text.StringsKt___StringsJvmKt                                            : loaded 2 times (x 71B)
Class kotlin.reflect.KDeclarationContainer                                            : loaded 2 times (x 70B)
Class kotlin.annotation.Retention                                                     : loaded 2 times (x 70B)
Class [Lcom.google.common.io.FileWriteMode;                                           : loaded 2 times (x 69B)
Class com.android.builder.model.v2.models.Versions$Version                            : loaded 2 times (x 70B)
Class com.google.common.collect.SortedMapDifference                                   : loaded 2 times (x 70B)
Class com.amazon.ion.IonClob                                                          : loaded 2 times (x 70B)
Class org.jetbrains.plugins.gradle.tooling.ModelBuilderService$Parameter              : loaded 2 times (x 70B)
Class kotlin.io.FilesKt                                                               : loaded 2 times (x 71B)
Class kotlin.collections.MapsKt___MapsKt                                              : loaded 2 times (x 71B)
Class kotlin.collections.ArraysKt___ArraysKt                                          : loaded 2 times (x 71B)
Class com.google.common.io.Files                                                      : loaded 2 times (x 71B)
Class com.google.common.cache.LocalCache$EntryFactory                                 : loaded 2 times (x 83B)
Class com.amazon.ion.impl.lite.IonLobLite                                             : loaded 2 times (x 184B)
Class com.amazon.ion.impl.lite.IonTextLite                                            : loaded 2 times (x 181B)
Class com.amazon.ion.IonNumber                                                        : loaded 2 times (x 70B)
Class org.gradle.internal.impldep.gnu.trove.TObjectIntProcedure                       : loaded 2 times (x 70B)
Class kotlin.collections.MapsKt__MapWithDefaultKt                                     : loaded 2 times (x 71B)
Class org.gradle.tooling.internal.adapter.ProtocolToModelAdapter$ReflectionMethodInvoker: loaded 2 times (x 76B)
Class com.google.common.base.CharMatcher$Whitespace                                   : loaded 2 times (x 112B)
Class com.google.common.base.Splitter$1$1                                             : loaded 2 times (x 86B)
Class [Lcom.android.ide.common.gradle.Separator;                                      : loaded 2 times (x 69B)
Class com.google.common.cache.LocalCache$AbstractReferenceEntry                       : loaded 2 times (x 107B)
Class [Lcom.amazon.ion.impl.bin.IonManagedBinaryWriter$UserState;                     : loaded 2 times (x 69B)
Class com.amazon.ion.impl.bin.utf8.Utf8StringEncoder                                  : loaded 2 times (x 80B)
Class com.amazon.ion.IonBool                                                          : loaded 2 times (x 70B)
Class kotlin.text.StringsKt___StringsKt                                               : loaded 2 times (x 71B)
Class com.google.common.collect.NullsLastOrdering                                     : loaded 2 times (x 115B)
Class kotlin.collections.CollectionsKt__MutableCollectionsJVMKt                       : loaded 2 times (x 71B)
Class kotlin.sequences.SequencesKt__SequenceBuilderKt                                 : loaded 2 times (x 71B)
Class kotlin.enums.EnumEntriesKt                                                      : loaded 2 times (x 71B)
Class com.google.common.collect.ImmutableMapKeySet                                    : loaded 2 times (x 152B)
Class kotlin.io.FilesKt__FileTreeWalkKt                                               : loaded 2 times (x 71B)
Class com.android.builder.model.v2.models.VariantDependencies                         : loaded 2 times (x 70B)
Class org.objectweb.asm.SymbolTable                                                   : loaded 2 times (x 72B)
Class com.google.common.cache.CacheLoader$InvalidCacheLoadException                   : loaded 2 times (x 82B)
Class kotlin.jvm.internal.CollectionToArray                                           : loaded 2 times (x 71B)
Class com.amazon.ion.IonLoader                                                        : loaded 2 times (x 70B)
Class com.intellij.gradle.toolingExtension.model.repositoryModel.ProjectRepositoriesModel: loaded 2 times (x 70B)
Class org.jetbrains.plugins.gradle.model.GradleProperty                               : loaded 2 times (x 70B)
Class org.gradle.internal.classloader.SystemClassLoaderSpec                           : loaded 2 times (x 71B)
Class com.android.builder.model.v2.ide.TestedTargetVariant                            : loaded 2 times (x 70B)
Class com.google.common.cache.LocalCache$StrongEntry                                  : loaded 2 times (x 108B)
Class com.google.common.util.concurrent.AbstractFuture$TrustedFuture                  : loaded 2 times (x 114B)
Class com.google.common.cache.LoadingCache                                            : loaded 2 times (x 70B)
Class com.amazon.ion.impl._Private_Utils                                              : loaded 2 times (x 71B)
Class kotlin.ranges.IntRange$Companion                                                : loaded 2 times (x 71B)
Class kotlin.text.MatcherMatchResult$groups$1                                         : loaded 2 times (x 151B)
Class kotlin.collections.EmptyMap                                                     : loaded 2 times (x 108B)
Class kotlin.reflect.KAnnotatedElement                                                : loaded 2 times (x 70B)
Class kotlin.jvm.internal.markers.KMutableCollection                                  : loaded 2 times (x 70B)
Class kotlin.coroutines.intrinsics.IntrinsicsKt                                       : loaded 2 times (x 71B)
Class org.gradle.internal.exceptions.MultiCauseException                              : loaded 2 times (x 70B)
Class org.gradle.internal.time.CountdownTimer                                         : loaded 2 times (x 70B)
Class kotlin.jvm.internal.Intrinsics                                                  : loaded 2 times (x 71B)
Class com.google.common.io.ByteStreams$LimitedInputStream                             : loaded 2 times (x 92B)
Class org.objectweb.asm.MethodWriter                                                  : loaded 2 times (x 106B)
Class [Lcom.google.common.cache.Weigher;                                              : loaded 2 times (x 69B)
Class com.google.common.collect.RegularImmutableMap$BucketOverflowException           : loaded 2 times (x 82B)
Class com.intellij.gradle.toolingExtension.impl.model.projectModel.GradleExternalProjectSerializationService$ReadContext: loaded 2 times (x 73B)
Class com.intellij.gradle.toolingExtension.impl.model.dependencyModel.DependencyWriteContext: loaded 2 times (x 72B)
Class kotlin.collections.MapsKt                                                       : loaded 2 times (x 71B)
Class kotlin.coroutines.intrinsics.CoroutineSingletons                                : loaded 2 times (x 79B)
Class kotlin.collections.CollectionsKt__IterablesKt                                   : loaded 2 times (x 71B)
Class org.gradle.tooling.model.ProjectModel                                           : loaded 2 times (x 70B)
Class com.google.common.collect.ImmutableMultimap$1                                   : loaded 2 times (x 82B)
Class com.android.ide.common.gradle.Version$Companion$ParseState$EMPTY                : loaded 2 times (x 74B)
Class org.jetbrains.plugins.gradle.model.GradleConfiguration                          : loaded 2 times (x 70B)
Class com.amazon.ion.impl.bin.utf8.Utf8StringEncoderPool                              : loaded 2 times (x 74B)
Class com.amazon.ion.impl._Private_IonSystem                                          : loaded 2 times (x 70B)
Class com.amazon.ion.BufferConfiguration$OversizedValueHandler                        : loaded 2 times (x 70B)
Class kotlin.ranges.OpenEndRange                                                      : loaded 2 times (x 70B)
Class kotlin.sequences.SequenceBuilderIterator                                        : loaded 2 times (x 85B)
Class kotlin.KotlinNullPointerException                                               : loaded 2 times (x 83B)
Class com.google.common.collect.AbstractIterator$State                                : loaded 2 times (x 79B)
Class com.google.common.collect.ImmutableMultimap$2                                   : loaded 2 times (x 81B)
Class com.android.ide.common.repository.AgpVersion$Companion$WhenMappings             : loaded 2 times (x 71B)
Class com.google.common.collect.RegularImmutableBiMap                                 : loaded 2 times (x 149B)
Class com.google.common.cache.LocalCache$ValueReference                               : loaded 2 times (x 70B)
Class kotlin.sequences.FilteringSequence$iterator$1                                   : loaded 2 times (x 79B)
Class com.intellij.gradle.toolingExtension.impl.model.sourceSetModel.GradleSourceSetSerialisationService$Companion: loaded 2 times (x 71B)
Class com.amazon.ion.IonDecimal                                                       : loaded 2 times (x 70B)
Class org.jetbrains.plugins.gradle.model.tests.ExternalTestsModel                     : loaded 2 times (x 70B)
Class kotlin.ranges.RangesKt___RangesKt                                               : loaded 2 times (x 71B)
Class org.gradle.tooling.model.idea.IdeaLanguageLevel                                 : loaded 2 times (x 70B)
Class org.gradle.tooling.internal.adapter.ProtocolToModelAdapter$SafeMethodInvoker    : loaded 2 times (x 76B)
Class org.gradle.tooling.internal.adapter.WeakIdentityHashMap$WeakKey                 : loaded 2 times (x 79B)
Class org.gradle.internal.exceptions.DefaultMultiCauseException                       : loaded 2 times (x 95B)
Class com.google.common.hash.PrimitiveSink                                            : loaded 2 times (x 70B)
Class com.android.builder.model.v2.ide.ProjectInfo                                    : loaded 2 times (x 70B)
Class com.google.common.base.PatternCompiler                                          : loaded 2 times (x 70B)
Class com.google.common.util.concurrent.AbstractFuture$Failure                        : loaded 2 times (x 72B)
Class com.google.common.base.Equivalence$Equals                                       : loaded 2 times (x 82B)
Class com.google.common.collect.Hashing                                               : loaded 2 times (x 71B)
Class com.amazon.ion.impl._Private_IonValue                                           : loaded 2 times (x 70B)
Class com.amazon.ion.impl.bin.IonRawBinaryWriter$StreamCloseMode                      : loaded 2 times (x 79B)
Class com.amazon.ion.impl._Private_IonBinaryWriterBuilder$Mutable                     : loaded 2 times (x 115B)
Class com.intellij.gradle.toolingExtension.impl.model.projectModel.GradleExternalProjectSerializationService: loaded 2 times (x 77B)
Class kotlin.text.CharsKt__CharKt                                                     : loaded 2 times (x 71B)
Class kotlin.collections.ArrayDeque$Companion                                         : loaded 2 times (x 71B)
Class kotlin.collections.ArraysKt                                                     : loaded 2 times (x 71B)
Class org.gradle.tooling.model.HierarchicalElement                                    : loaded 2 times (x 70B)
Class ijJvmDebugger1_65fnlwx6uellm4cl5w6h6zgr9$_run_closure1$_closure2                : loaded 2 times (x 140B)
Class com.google.common.io.CharSink                                                   : loaded 2 times (x 79B)
Class com.android.builder.model.v2.dsl.DependenciesInfo                               : loaded 2 times (x 70B)
Class com.amazon.ion.impl.bin.IonManagedBinaryWriter$UserState$2                      : loaded 2 times (x 85B)
Class org.objectweb.asm.Label                                                         : loaded 2 times (x 73B)
Class org.objectweb.asm.CurrentFrame                                                  : loaded 2 times (x 73B)
Class org.objectweb.asm.ClassTooLargeException                                        : loaded 2 times (x 83B)
Class com.google.common.io.FileWriteMode                                              : loaded 2 times (x 79B)
Class com.google.gson.stream.JsonReader                                               : loaded 2 times (x 97B)
Class org.gradle.internal.classloader.FilteringClassLoader                            : loaded 2 times (x 105B)
Class com.amazon.ion.impl.bin.IonRawBinaryWriter$PatchPoint                           : loaded 2 times (x 73B)
Class com.amazon.ion.IonBlob                                                          : loaded 2 times (x 70B)
Class com.amazon.ion.IonLob                                                           : loaded 2 times (x 70B)
Class com.amazon.ion.IonSequence                                                      : loaded 2 times (x 70B)
Class org.jetbrains.plugins.gradle.tooling.serialization.ExternalTestsSerializationService: loaded 2 times (x 77B)
Class com.google.common.collect.ByFunctionOrdering                                    : loaded 2 times (x 115B)
Class kotlin.collections.SetsKt__SetsKt                                               : loaded 2 times (x 71B)
Class kotlin.coroutines.EmptyCoroutineContext                                         : loaded 2 times (x 77B)
Class org.gradle.internal.time.Time                                                   : loaded 2 times (x 71B)
Class sync_studio_tooling5_f0m8fquo7zqfqo953j80c31ye                                  : loaded 2 times (x 179B)
Class com.google.common.io.ByteSource$AsCharSource                                    : loaded 2 times (x 86B)
Class com.google.common.collect.Maps$IteratorBasedAbstractMap                         : loaded 2 times (x 125B)
Class com.google.common.collect.Table                                                 : loaded 2 times (x 70B)
Class kotlin.NotImplementedError                                                      : loaded 2 times (x 82B)
Class com.android.builder.model.v2.models.ProjectGraph                                : loaded 2 times (x 70B)
Class com.android.ide.common.gradle.Version$Companion$ParseState$NUMERIC              : loaded 2 times (x 74B)
Class kotlin.sequences.FlatteningSequence                                             : loaded 2 times (x 75B)
Class org.objectweb.asm.Frame                                                         : loaded 2 times (x 73B)
Class org.objectweb.asm.MethodVisitor                                                 : loaded 2 times (x 105B)
Class com.google.common.cache.LocalCache$EntryFactory$1                               : loaded 2 times (x 83B)
Class [Lcom.google.common.cache.RemovalListener;                                      : loaded 2 times (x 69B)
Class kotlin.text.MatcherMatchResult                                                  : loaded 2 times (x 80B)
Class kotlin.text.MatchGroupCollection                                                : loaded 2 times (x 70B)
Class com.android.ide.common.repository.AgpVersion$PreviewKind                        : loaded 2 times (x 79B)
Class com.amazon.ion.system.IonTextWriterBuilder                                      : loaded 2 times (x 98B)
Class com.amazon.ion.impl.bin.IonManagedBinaryWriter$ImportedSymbolResolverMode$1$1$1 : loaded 2 times (x 76B)
Class com.amazon.ion.impl._Private_LocalSymbolTableFactory                            : loaded 2 times (x 70B)
Class org.jetbrains.plugins.gradle.tooling.serialization.AnnotationProcessingModelSerializationService: loaded 2 times (x 77B)
Class kotlin.collections.ArraysKt__ArraysJVMKt                                        : loaded 2 times (x 71B)
Class kotlin.text.StringsKt__StringsKt                                                : loaded 2 times (x 71B)
Class com.google.common.cache.LocalCache$EntryFactory$2                               : loaded 2 times (x 83B)
Class com.amazon.ion.impl.lite.IonNullLite                                            : loaded 2 times (x 175B)
Class org.jetbrains.plugins.gradle.model.DependencyAccessorsModel                     : loaded 2 times (x 70B)
Class [Lcom.intellij.openapi.externalSystem.model.project.dependencies.ResolutionState;: loaded 2 times (x 69B)
Class org.gradle.internal.impldep.gnu.trove.TObjectHash                               : loaded 2 times (x 94B)
Class kotlin.text.StringsKt__StringBuilderKt                                          : loaded 2 times (x 71B)
Class kotlin.jvm.internal.CallableReference$NoReceiver                                : loaded 2 times (x 71B)
Class org.gradle.api.internal.classpath.GlobalCacheRootsProvider                      : loaded 2 times (x 70B)
Class com.google.common.collect.CollectCollectors                                     : loaded 2 times (x 71B)
Class org.objectweb.asm.ModuleWriter                                                  : loaded 2 times (x 82B)
Class com.google.common.cache.LocalCache$EntryFactory$3                               : loaded 2 times (x 83B)
Class com.google.common.base.Ticker$1                                                 : loaded 2 times (x 72B)
Class com.google.common.collect.Maps$BiMapConverter                                   : loaded 2 times (x 90B)
Class com.google.common.collect.ImmutableMapEntrySet$RegularEntrySet                  : loaded 2 times (x 152B)
Class com.amazon.ion.impl.lite.IonClobLite                                            : loaded 2 times (x 220B)
Class com.amazon.ion.impl._Private_ValueFactory                                       : loaded 2 times (x 70B)
Class com.amazon.ion.impl.bin.IonRawBinaryWriter$PreallocationMode$1                  : loaded 2 times (x 82B)
Class [Lcom.amazon.ion.impl.bin._Private_IonManagedBinaryWriterBuilder$AllocatorMode; : loaded 2 times (x 69B)
Class org.jetbrains.kotlin.idea.gradleTooling.KotlinMPPGradleModel                    : loaded 2 times (x 70B)
Class com.intellij.gradle.toolingExtension.impl.model.dependencyDownloadPolicyModel.GradleDependencyDownloadPolicy: loaded 2 times (x 70B)
Class kotlin.NoWhenBranchMatchedException                                             : loaded 2 times (x 82B)
Class org.gradle.tooling.model.BuildIdentifier                                        : loaded 2 times (x 70B)
Class ijKotlinCoroutineJvmDebugInit1_5heortybpb2eo1dafnmtj4ity$_run_closure1$_closure2: loaded 2 times (x 139B)
Class com.android.builder.model.v2.ide.VectorDrawablesOptions                         : loaded 2 times (x 70B)
Class com.google.common.cache.LocalCache$EntryFactory$4                               : loaded 2 times (x 83B)
Class com.android.ide.gradle.model.dependencies.DeclaredDependencies                  : loaded 2 times (x 70B)
Class com.google.common.collect.ImmutableSet$Builder                                  : loaded 2 times (x 85B)
Class com.amazon.ion.IonInt                                                           : loaded 2 times (x 70B)
Class com.amazon.ion.impl.bin.IonRawBinaryWriter$PreallocationMode$2                  : loaded 2 times (x 82B)
Class org.jetbrains.kotlin.idea.gradleTooling.PrepareKotlinIdeImportTaskModel         : loaded 2 times (x 70B)
Class com.android.builder.model.v2.ide.Edge                                           : loaded 2 times (x 70B)
Class com.google.common.io.ByteStreams$1                                              : loaded 2 times (x 85B)
Class com.android.builder.model.v2.models.VariantDependenciesFlatList                 : loaded 2 times (x 70B)
Class com.google.common.cache.LocalCache$EntryFactory$5                               : loaded 2 times (x 83B)
Class com.amazon.ion.impl.bin.IonRawBinaryWriter$PreallocationMode$3                  : loaded 2 times (x 82B)
Class com.android.ide.gradle.model.GradlePluginModel                                  : loaded 2 times (x 70B)
Class com.google.common.collect.ReverseOrdering                                       : loaded 2 times (x 115B)
Class org.gradle.tooling.model.build.JavaEnvironment                                  : loaded 2 times (x 70B)
Class org.jetbrains.plugins.gradle.tooling.serialization.internal.IdeaProjectSerializationService$ReadContext: loaded 2 times (x 72B)
Class com.android.builder.model.v2.ide.SourceSetContainer                             : loaded 2 times (x 70B)
Class com.google.common.cache.LocalCache$EntryFactory$6                               : loaded 2 times (x 83B)
Class org.jetbrains.plugins.gradle.model.GradleExtension                              : loaded 2 times (x 70B)
Class com.amazon.ion.impl.lite.IonDecimalLite                                         : loaded 2 times (x 188B)
Class com.amazon.ion.IonBufferConfiguration$Builder                                   : loaded 2 times (x 78B)
Class org.gradle.internal.time.Timer                                                  : loaded 2 times (x 70B)
Class kotlin.jvm.internal.markers.KMappedMarker                                       : loaded 2 times (x 70B)
Class org.gradle.internal.installation.CurrentGradleInstallationLocator               : loaded 2 times (x 71B)
Class com.google.common.io.ByteSource$SlicedByteSource                                : loaded 2 times (x 85B)
Class com.google.common.collect.ImmutableMultimap$Builder                             : loaded 2 times (x 86B)
Class com.android.builder.model.v2.ide.LintOptions                                    : loaded 2 times (x 70B)
Class org.objectweb.asm.ClassReader                                                   : loaded 2 times (x 94B)
Class com.google.common.collect.Maps$KeySet                                           : loaded 2 times (x 137B)
Class com.google.common.cache.LocalCache$EntryFactory$7                               : loaded 2 times (x 83B)
Class com.google.common.collect.ImmutableSet$EmptySetBuilderImpl                      : loaded 2 times (x 76B)
Class com.amazon.ion.impl.bin.IonManagedBinaryWriter$UserState$1                      : loaded 2 times (x 85B)
Class [Lcom.amazon.ion.impl.bin.IonRawBinaryWriter$ContainerType;                     : loaded 2 times (x 69B)
Class org.gradle.tooling.internal.adapter.ProtocolToModelAdapter$ViewGraphDetails     : loaded 2 times (x 72B)
Class org.gradle.tooling.model.idea.IdeaProject                                       : loaded 2 times (x 70B)
Class org.gradle.tooling.model.DomainObjectSet                                        : loaded 2 times (x 70B)
Class org.gradle.internal.service.DefaultServiceLocator                               : loaded 2 times (x 83B)
Class com.google.common.collect.ImmutableMultimap$EntryCollection                     : loaded 2 times (x 128B)
Class com.android.builder.model.v2.ide.BasicArtifact                                  : loaded 2 times (x 70B)
Class com.google.common.cache.LocalCache$EntryFactory$8                               : loaded 2 times (x 83B)
Class com.google.common.collect.RegularImmutableMap$KeySet                            : loaded 2 times (x 152B)
Class com.amazon.ion.impl.bin.utf8.Utf8StringEncoder$Result                           : loaded 2 times (x 74B)
Class com.amazon.ion.impl.bin.utf8.Pool$Allocator                                     : loaded 2 times (x 70B)
Class com.amazon.ion.IonText                                                          : loaded 2 times (x 70B)
Class com.amazon.ion.impl.SymbolTokenImpl                                             : loaded 2 times (x 81B)
Class com.amazon.ion.SubstituteSymbolTableException                                   : loaded 2 times (x 84B)
Class kotlin.coroutines.jvm.internal.SuspendFunction                                  : loaded 2 times (x 70B)
Class org.gradle.util.GradleVersion                                                   : loaded 2 times (x 79B)
Class org.gradle.internal.installation.CurrentGradleInstallation                      : loaded 2 times (x 73B)
Class ijJvmDebugger1_65fnlwx6uellm4cl5w6h6zgr9                                        : loaded 2 times (x 179B)
Class com.google.common.cache.CacheLoader$1                                           : loaded 2 times (x 75B)
Class com.google.common.base.Equivalence$Identity                                     : loaded 2 times (x 82B)
Class com.google.common.base.PairwiseEquivalence                                      : loaded 2 times (x 83B)
Class com.amazon.ion.impl.bin.IonManagedBinaryWriter$ImportDescriptor                 : loaded 2 times (x 76B)
Class com.amazon.ion.SymbolTable                                                      : loaded 2 times (x 70B)
Class org.jetbrains.plugins.gradle.javaModel.JavaGradleManifestModel                  : loaded 2 times (x 70B)
Class org.jetbrains.plugins.gradle.tooling.serialization.GradleExtensionsSerializationService$WriteContext: loaded 2 times (x 72B)
Class com.intellij.gradle.toolingExtension.impl.model.taskModel.GradleTaskSerialisationService$Companion: loaded 2 times (x 71B)
Class kotlin.jvm.internal.StringCompanionObject                                       : loaded 2 times (x 71B)
Class kotlin.coroutines.intrinsics.IntrinsicsKt__IntrinsicsJvmKt                      : loaded 2 times (x 71B)
Class kotlin.coroutines.jvm.internal.CoroutineStackFrame                              : loaded 2 times (x 70B)
Class org.gradle.tooling.internal.adapter.ProtocolToModelAdapter$MethodInvocationCache$MethodInvocationKey: loaded 2 times (x 73B)
Class org.gradle.util.internal.GUtil                                                  : loaded 2 times (x 71B)
Class com.google.common.io.ByteSource                                                 : loaded 2 times (x 84B)
Class com.google.common.util.concurrent.AbstractFuture$SetFuture                      : loaded 2 times (x 75B)
Class com.android.utils.StringHelper                                                  : loaded 2 times (x 71B)
Class com.google.common.cache.AbstractCache$StatsCounter                              : loaded 2 times (x 70B)
Class [Lcom.amazon.ion.impl.bin.IonManagedBinaryWriter$SymbolState;                   : loaded 2 times (x 69B)
Class com.amazon.ion.impl._Private_IonWriterBase                                      : loaded 2 times (x 162B)
Class com.amazon.ion.system.IonSystemBuilder                                          : loaded 2 times (x 75B)
Class com.amazon.ion.IonCatalog                                                       : loaded 2 times (x 70B)
Class com.intellij.gradle.toolingExtension.impl.model.utilTurnOffDefaultTasksModel.TurnOffDefaultTasks: loaded 2 times (x 70B)
Class com.intellij.gradle.toolingExtension.impl.model.sourceSetModel.GradleSourceSetSerialisationService$SourceSetModelReadContext: loaded 2 times (x 72B)
Class kotlin.io.NoSuchFileException                                                   : loaded 2 times (x 82B)
Class kotlin.collections.CollectionsKt                                                : loaded 2 times (x 71B)
Class com.android.builder.model.v2.dsl.BuildType                                      : loaded 2 times (x 70B)
Class org.objectweb.asm.Context                                                       : loaded 2 times (x 72B)
Class com.android.builder.model.v2.ide.ViewBindingOptions                             : loaded 2 times (x 70B)
Class com.intellij.gradle.toolingExtension.impl.model.sourceSetDependencyModel.GradleSourceSetDependencySerialisationService$SourceSetDependencyModelWriteContext: loaded 2 times (x 72B)
Class com.intellij.gradle.toolingExtension.impl.model.sourceSetModel.GradleSourceSetSerialisationService$SourceSetModelWriteContext: loaded 2 times (x 72B)
Class kotlin.ranges.IntProgressionIterator                                            : loaded 2 times (x 82B)
Class kotlin.coroutines.CoroutineContext                                              : loaded 2 times (x 70B)
Class kotlin.coroutines.jvm.internal.DebugProbesKt                                    : loaded 2 times (x 71B)
Class org.gradle.tooling.internal.adapter.WeakIdentityHashMap                         : loaded 2 times (x 76B)
Class org.gradle.tooling.GradleConnectionException                                    : loaded 2 times (x 83B)
Class org.gradle.tooling.internal.adapter.ProtocolToModelAdapter$1                    : loaded 2 times (x 75B)
Class org.gradle.tooling.internal.adapter.ProtocolToModelAdapter$ViewDecoration       : loaded 2 times (x 70B)
Class org.gradle.internal.installation.GradleInstallation                             : loaded 2 times (x 75B)
Class com.google.common.base.Splitter$Strategy                                        : loaded 2 times (x 70B)
Class com.google.common.collect.Iterables                                             : loaded 2 times (x 71B)
Class com.amazon.ion.impl._Private_RecyclingQueue$Recycler                            : loaded 2 times (x 70B)
Class com.amazon.ion.impl.lite.ContainerlessContext                                   : loaded 2 times (x 80B)
Class org.jetbrains.plugins.gradle.tooling.serialization.GradleExtensionsSerializationService$ReadContext: loaded 2 times (x 72B)
Class com.google.common.collect.ForwardingCollection                                  : loaded 2 times (x 130B)
Class com.google.common.collect.LexicographicalOrdering                               : loaded 2 times (x 115B)
Class org.gradle.tooling.internal.adapter.MethodInvoker                               : loaded 2 times (x 70B)
Class com.android.ide.common.gradle.Part                                              : loaded 2 times (x 77B)
Class com.google.common.collect.Lists$RandomAccessReverseList                         : loaded 2 times (x 200B)
Class com.amazon.ion.UnexpectedEofException                                           : loaded 2 times (x 84B)
Class com.amazon.ion.IonSexp                                                          : loaded 2 times (x 70B)
Class com.amazon.ion.ReadOnlyValueException                                           : loaded 2 times (x 84B)
Class com.amazon.ion.impl._Private_LocalSymbolTable                                   : loaded 2 times (x 70B)
Class com.amazon.ion.BufferConfiguration$DataHandler                                  : loaded 2 times (x 70B)
Class com.amazon.ion.impl._Private_IonBinaryWriterBuilder                             : loaded 2 times (x 115B)
Class org.jetbrains.plugins.gradle.tooling.serialization.RepositoriesModelSerializationService$WriteContext: loaded 2 times (x 72B)
Class com.android.ide.gradle.model.LegacyAndroidGradlePluginProperties                : loaded 2 times (x 70B)
Class kotlin.ranges.IntProgression                                                    : loaded 2 times (x 81B)
Class kotlin.jvm.KotlinReflectionNotSupportedError                                    : loaded 2 times (x 82B)
Class org.gradle.tooling.model.gradle.GradleScript                                    : loaded 2 times (x 70B)

---------------  S Y S T E M  ---------------

OS:
 Windows 11 , 64 bit Build 26100 (10.0.26100.9444)
OS uptime: 1 days 2:19 hours
Hyper-V role detected

CPU: total 12 (initial active 12) (6 cores per cpu, 2 threads per core) family 6 model 186 stepping 3 microcode 0x410e, cx8, cmov, fxsr, ht, mmx, 3dnowpref, sse, sse2, sse3, ssse3, sse4.1, sse4.2, popcnt, lzcnt, tsc, tscinvbit, avx, avx2, aes, erms, clmul, bmi1, bmi2, adx, sha, fma, vzeroupper, clflush, clflushopt, clwb, hv, serialize, rdtscp, rdpid, fsrm, f16c, cet_ibt, cet_ss
Processor Information for processor 0
  Max Mhz: 1300, Current Mhz: 1300, Mhz Limit: 1300
Processor Information for processor 1
  Max Mhz: 1300, Current Mhz: 1300, Mhz Limit: 1300
Processor Information for processor 2
  Max Mhz: 1300, Current Mhz: 1300, Mhz Limit: 1300
Processor Information for processor 3
  Max Mhz: 1300, Current Mhz: 1300, Mhz Limit: 1300
Processor Information for processor 4
  Max Mhz: 1300, Current Mhz: 900, Mhz Limit: 897
Processor Information for processor 5
  Max Mhz: 1300, Current Mhz: 900, Mhz Limit: 897
Processor Information for processor 6
  Max Mhz: 1300, Current Mhz: 900, Mhz Limit: 897
Processor Information for processor 7
  Max Mhz: 1300, Current Mhz: 900, Mhz Limit: 897
Processor Information for processor 8
  Max Mhz: 1300, Current Mhz: 900, Mhz Limit: 897
Processor Information for processor 9
  Max Mhz: 1300, Current Mhz: 900, Mhz Limit: 897
Processor Information for processor 10
  Max Mhz: 1300, Current Mhz: 900, Mhz Limit: 897
Processor Information for processor 11
  Max Mhz: 1300, Current Mhz: 900, Mhz Limit: 897

Memory: 4k page, system-wide physical 7879M (445M free)
TotalPageFile size 11975M (AvailPageFile size 239M)
current process WorkingSet (physical memory assigned to process): 639M, peak: 644M
current process commit charge ("private bytes"): 789M, peak: 1116M

vm_info: OpenJDK 64-Bit Server VM (21.0.8+-14196175-b1038.72) for windows-amd64 JRE (21.0.8+-14196175-b1038.72), built on 2025-10-01T10:24:33Z by "builder" with MS VC++ 16.10 / 16.11 (VS2019)

END.
