#
# There is insufficient memory for the Java Runtime Environment to continue.
# Native memory allocation (mmap) failed to map 347078656 bytes. Error detail: G1 virtual space
# Possible reasons:
#   The system is out of physical RAM or swap space
#   This process is running with CompressedOops enabled, and the Java Heap may be blocking the growth of the native heap
# Possible solutions:
#   Reduce memory load on the system
#   Increase physical memory or swap space
#   Check if swap backing store is full
#   Decrease Java heap size (-Xmx/-Xms)
#   Decrease number of Java threads
#   Decrease Java thread stack sizes (-Xss)
#   Set larger code cache with -XX:ReservedCodeCacheSize=
#   JVM is running with Unscaled Compressed Oops mode in which the Java heap is
#     placed in the first 4GB address space. The Java Heap base address is the
#     maximum limit for the native heap growth. Please use -XX:HeapBaseMinAddress
#     to set the Java Heap base and to place the Java Heap above 4GB virtual address.
# This output file may be truncated or incomplete.
#
#  Out of Memory Error (os_windows.cpp:3925), pid=5500, tid=2436
#
# JRE version: OpenJDK Runtime Environment (21.0.8) (build 21.0.8+-14196175-b1038.72)
# Java VM: OpenJDK 64-Bit Server VM (21.0.8+-14196175-b1038.72, mixed mode, tiered, compressed oops, compressed class ptrs, g1 gc, windows-amd64)
# No core dump will be written. Minidumps are not enabled by default on client versions of Windows
#

---------------  S U M M A R Y ------------

Command Line: --add-opens=java.base/java.lang=ALL-UNNAMED --add-opens=java.base/java.lang.invoke=ALL-UNNAMED --add-opens=java.base/java.util=ALL-UNNAMED --add-opens=java.prefs/java.util.prefs=ALL-UNNAMED --add-exports=jdk.compiler/com.sun.tools.javac.api=ALL-UNNAMED --add-exports=jdk.compiler/com.sun.tools.javac.util=ALL-UNNAMED --add-opens=java.base/java.util=ALL-UNNAMED --add-opens=java.prefs/java.util.prefs=ALL-UNNAMED --add-opens=java.base/java.nio.charset=ALL-UNNAMED --add-opens=java.base/java.net=ALL-UNNAMED --add-opens=java.base/java.util.concurrent.atomic=ALL-UNNAMED --add-opens=java.xml/javax.xml.namespace=ALL-UNNAMED -Xmx2048m -Dfile.encoding=UTF-8 -Duser.country=US -Duser.language=en -Duser.variant -javaagent:C:\Users\Mica\.gradle\wrapper\dists\gradle-8.13-bin\5xuhj0ry160q40clulazy9h7d\gradle-8.13\lib\agents\gradle-instrumentation-agent-8.13.jar org.gradle.launcher.daemon.bootstrap.GradleDaemon 8.13

Host: 13th Gen Intel(R) Core(TM) i5-1335U, 12 cores, 7G,  Windows 11 , 64 bit Build 26100 (10.0.26100.9444)
Time: Tue Sep 22 12:37:24 2026 China Standard Time elapsed time: 21.444410 seconds (0d 0h 0m 21s)

---------------  T H R E A D  ---------------

Current thread (0x0000020e1786e900):  VMThread "VM Thread"          [id=2436, stack(0x00000043a0800000,0x00000043a0900000) (1024K)]

Stack: [0x00000043a0800000,0x00000043a0900000]
Native frames: (J=compiled Java code, j=interpreted, Vv=VM code, C=native code)
V  [jvm.dll+0x6d68d9]
V  [jvm.dll+0x866693]
V  [jvm.dll+0x868c4e]
V  [jvm.dll+0x869333]
V  [jvm.dll+0x280566]
V  [jvm.dll+0x6d3195]
V  [jvm.dll+0x6c69ea]
V  [jvm.dll+0x3586db]
V  [jvm.dll+0x360336]
V  [jvm.dll+0x3b23f6]
V  [jvm.dll+0x3b26c8]
V  [jvm.dll+0x32ae6c]
V  [jvm.dll+0x32aef7]
V  [jvm.dll+0x370d3c]
V  [jvm.dll+0x36f4ee]
V  [jvm.dll+0x32a5c1]
V  [jvm.dll+0x36ebf0]
V  [jvm.dll+0x86f0b8]
V  [jvm.dll+0x870434]
V  [jvm.dll+0x870970]
V  [jvm.dll+0x870c03]
V  [jvm.dll+0x80eac8]
V  [jvm.dll+0x6d512d]
C  [ucrtbase.dll+0x2cd30]
C  [KERNEL32.DLL+0x2cd87]
C  [ntdll.dll+0xacaec]

VM_Operation (0x00000043a82f8450): G1CollectForAllocation, mode: safepoint, requested by thread 0x0000020e1da55170


---------------  P R O C E S S  ---------------

Threads class SMR info:
_java_thread_list=0x0000020e1c0272d0, length=176, elements={
0x0000020e7fc6b2e0, 0x0000020e179fa370, 0x0000020e17a12200, 0x0000020e17a12c60,
0x0000020e17a16070, 0x0000020e17a16ad0, 0x0000020e17a17530, 0x0000020e17a28120,
0x0000020e17a333a0, 0x0000020e17a3d920, 0x0000020e17d088f0, 0x0000020e17a3e6c0,
0x0000020e1d89e3b0, 0x0000020e1db726a0, 0x0000020e1da09700, 0x0000020e1d90afc0,
0x0000020e1da9b020, 0x0000020e1da50760, 0x0000020e1d8d5a10, 0x0000020e1d8d6dc0,
0x0000020e1d8d4660, 0x0000020e1d8d4cf0, 0x0000020e1d8d7ae0, 0x0000020e1d8d60a0,
0x0000020e1d8d6730, 0x0000020e1d8d5380, 0x0000020e1ffeb9e0, 0x0000020e1ffecd90,
0x0000020e1ffeb350, 0x0000020e1ffec070, 0x0000020e1ffec700, 0x0000020e1ffeacc0,
0x0000020e1ffee7d0, 0x0000020e1ffefb80, 0x0000020e1fff08a0, 0x0000020e1ffed420,
0x0000020e1fff0210, 0x0000020e1fff0f30, 0x0000020e1ffedab0, 0x0000020e1fff15c0,
0x0000020e1fff22e0, 0x0000020e1fff1c50, 0x0000020e1ffef4f0, 0x0000020e20ba8110,
0x0000020e20baaf00, 0x0000020e20ba94c0, 0x0000020e20baa870, 0x0000020e20ba87a0,
0x0000020e20bab590, 0x0000020e20babc20, 0x0000020e20baa1e0, 0x0000020e20bac2b0,
0x0000020e20ba8e30, 0x0000020e20bac940, 0x0000020e20bacfd0, 0x0000020e20ba9b50,
0x0000020e20baf730, 0x0000020e20badcf0, 0x0000020e20bae380, 0x0000020e1fa99060,
0x0000020e1fa9a410, 0x0000020e1fa9be50, 0x0000020e1fa9c4e0, 0x0000020e1fa9b7c0,
0x0000020e1fa996f0, 0x0000020e1fa99d80, 0x0000020e1fa9cb70, 0x0000020e1fa9aaa0,
0x0000020e1fa9df20, 0x0000020e1fa9d890, 0x0000020e1fa9e5b0, 0x0000020e1fa9d200,
0x0000020e1fa9b130, 0x0000020e1fa9ec40, 0x0000020e1fa9f2d0, 0x0000020e1fa9f960,
0x0000020e1fa9fff0, 0x0000020e1faa0680, 0x0000020e17bee7b0, 0x0000020e17bf0f10,
0x0000020e17beda90, 0x0000020e17bf15a0, 0x0000020e17bee120, 0x0000020e17bf22c0,
0x0000020e17befb60, 0x0000020e17bf01f0, 0x0000020e17beee40, 0x0000020e17bf1c30,
0x0000020e17bf2950, 0x0000020e17bef4d0, 0x0000020e17bf0880, 0x0000020e28181f00,
0x0000020e28183940, 0x0000020e28184660, 0x0000020e28183fd0, 0x0000020e281811e0,
0x0000020e28184cf0, 0x0000020e28181870, 0x0000020e28188170, 0x0000020e28186730,
0x0000020e28186dc0, 0x0000020e28185380, 0x0000020e28187450, 0x0000020e28187ae0,
0x0000020e281860a0, 0x0000020e28188800, 0x0000020e28185a10, 0x0000020e1da55e90,
0x0000020e1da56520, 0x0000020e1da53dc0, 0x0000020e1da578d0, 0x0000020e1da55170,
0x0000020e1da54ae0, 0x0000020e1da57240, 0x0000020e1da54450, 0x0000020e1da585f0,
0x0000020e1da58c80, 0x0000020e1da55800, 0x0000020e1da5ad50, 0x0000020e1da5a6c0,
0x0000020e1da599a0, 0x0000020e1da5a030, 0x0000020e1da5b3e0, 0x0000020e1da59310,
0x0000020e1feae7c0, 0x0000020e1feac6f0, 0x0000020e1feaf4e0, 0x0000020e1feac060,
0x0000020e1feafb70, 0x0000020e1feaee50, 0x0000020e1feacd80, 0x0000020e1feb0200,
0x0000020e1feb0890, 0x0000020e1fead410, 0x0000020e1feae130, 0x0000020e1feb0f20,
0x0000020e1feadaa0, 0x0000020e1feb15b0, 0x0000020e1feb1c40, 0x0000020e1feb3680,
0x0000020e1feb22d0, 0x0000020e1feb2960, 0x0000020e1ff94e20, 0x0000020e1ff94100,
0x0000020e1ff95b40, 0x0000020e1ff933e0, 0x0000020e1ff954b0, 0x0000020e1ff93a70,
0x0000020e1ff92d50, 0x0000020e1ff94790, 0x0000020e1f681590, 0x0000020e1f67fb50,
0x0000020e1f680f00, 0x0000020e1f6801e0, 0x0000020e1f680870, 0x0000020e1f67e7a0,
0x0000020e1f67ee30, 0x0000020e1f67e110, 0x0000020e1f682940, 0x0000020e1f67f4c0,
0x0000020e1f684380, 0x0000020e1f684a10, 0x0000020e1f682fd0, 0x0000020e1f681c20,
0x0000020e1f685730, 0x0000020e1f683cf0, 0x0000020e1f6850a0, 0x0000020e1f6822b0,
0x0000020e1f683660, 0x0000020e1e6304d0, 0x0000020e1e62f120, 0x0000020e1e62f7b0,
0x0000020e1e62fe40, 0x0000020e1e62d6e0, 0x0000020e1e62d050, 0x0000020e1e6311f0
}

Java Threads: ( => current thread )
  0x0000020e7fc6b2e0 JavaThread "main"                              [_thread_blocked, id=22016, stack(0x00000043a0100000,0x00000043a0200000) (1024K)]
  0x0000020e179fa370 JavaThread "Common-Cleaner"             daemon [_thread_blocked, id=12464, stack(0x00000043a0900000,0x00000043a0a00000) (1024K)]
  0x0000020e17a12200 JavaThread "Reference Handler"          daemon [_thread_blocked, id=8560, stack(0x00000043a0a00000,0x00000043a0b00000) (1024K)]
  0x0000020e17a12c60 JavaThread "Finalizer"                  daemon [_thread_blocked, id=16316, stack(0x00000043a0b00000,0x00000043a0c00000) (1024K)]
  0x0000020e17a16070 JavaThread "Signal Dispatcher"          daemon [_thread_blocked, id=19604, stack(0x00000043a0c00000,0x00000043a0d00000) (1024K)]
  0x0000020e17a16ad0 JavaThread "Attach Listener"            daemon [_thread_blocked, id=1944, stack(0x00000043a0d00000,0x00000043a0e00000) (1024K)]
  0x0000020e17a17530 JavaThread "Service Thread"             daemon [_thread_blocked, id=18544, stack(0x00000043a0e00000,0x00000043a0f00000) (1024K)]
  0x0000020e17a28120 JavaThread "Monitor Deflation Thread"   daemon [_thread_blocked, id=1152, stack(0x00000043a0f00000,0x00000043a1000000) (1024K)]
  0x0000020e17a333a0 JavaThread "C2 CompilerThread0"         daemon [_thread_blocked, id=3600, stack(0x00000043a1000000,0x00000043a1100000) (1024K)]
  0x0000020e17a3d920 JavaThread "C1 CompilerThread0"         daemon [_thread_blocked, id=15456, stack(0x00000043a1100000,0x00000043a1200000) (1024K)]
  0x0000020e17d088f0 JavaThread "Notification Thread"        daemon [_thread_blocked, id=12320, stack(0x00000043a1200000,0x00000043a1300000) (1024K)]
  0x0000020e17a3e6c0 JavaThread "C2 CompilerThread1"         daemon [_thread_blocked, id=15180, stack(0x00000043a1300000,0x00000043a1400000) (1024K)]
  0x0000020e1d89e3b0 JavaThread "Daemon health stats"               [_thread_blocked, id=384, stack(0x00000043a1d00000,0x00000043a1e00000) (1024K)]
  0x0000020e1db726a0 JavaThread "Incoming local TCP Connector on port 55823"        [_thread_in_native, id=15104, stack(0x00000043a1e00000,0x00000043a1f00000) (1024K)]
  0x0000020e1da09700 JavaThread "Daemon periodic checks"            [_thread_blocked, id=18228, stack(0x00000043a1400000,0x00000043a1500000) (1024K)]
  0x0000020e1d90afc0 JavaThread "Daemon"                            [_thread_blocked, id=18576, stack(0x00000043a1f00000,0x00000043a2000000) (1024K)]
  0x0000020e1da9b020 JavaThread "Handler for socket connection from /127.0.0.1:55823 to /127.0.0.1:55824"        [_thread_in_native, id=4668, stack(0x00000043a2000000,0x00000043a2100000) (1024K)]
  0x0000020e1da50760 JavaThread "Cancel handler"                    [_thread_blocked, id=6076, stack(0x00000043a2100000,0x00000043a2200000) (1024K)]
  0x0000020e1d8d5a10 JavaThread "Daemon worker"                     [_thread_blocked, id=10320, stack(0x00000043a2200000,0x00000043a2300000) (1024K)]
  0x0000020e1d8d6dc0 JavaThread "Asynchronous log dispatcher for DefaultDaemonConnection: socket connection from /127.0.0.1:55823 to /127.0.0.1:55824"        [_thread_blocked, id=16284, stack(0x00000043a2300000,0x00000043a2400000) (1024K)]
  0x0000020e1d8d4660 JavaThread "Stdin handler"                     [_thread_blocked, id=19308, stack(0x00000043a2400000,0x00000043a2500000) (1024K)]
  0x0000020e1d8d4cf0 JavaThread "Daemon client event forwarder"        [_thread_blocked, id=14480, stack(0x00000043a2500000,0x00000043a2600000) (1024K)]
  0x0000020e1d8d7ae0 JavaThread "Cache worker for journal cache (C:\Users\Mica\.gradle\caches\journal-1)"        [_thread_blocked, id=6312, stack(0x00000043a2900000,0x00000043a2a00000) (1024K)]
  0x0000020e1d8d60a0 JavaThread "File lock request listener"        [_thread_in_native, id=11484, stack(0x00000043a2a00000,0x00000043a2b00000) (1024K)]
  0x0000020e1d8d6730 JavaThread "Cache worker for file hash cache (C:\Users\Mica\.gradle\caches\8.13\fileHashes)"        [_thread_blocked, id=14180, stack(0x00000043a2b00000,0x00000043a2c00000) (1024K)]
  0x0000020e1d8d5380 JavaThread "Cache worker for file hash cache (C:\Users\Mica\OneDrive\Pictures\WAD\finalmadexam\.gradle\8.13\fileHashes)"        [_thread_blocked, id=12724, stack(0x00000043a2d00000,0x00000043a2e00000) (1024K)]
  0x0000020e1ffeb9e0 JavaThread "Cache worker for Build Output Cleanup Cache (C:\Users\Mica\OneDrive\Pictures\WAD\finalmadexam\.gradle\buildOutputCleanup)"        [_thread_blocked, id=6208, stack(0x00000043a2e00000,0x00000043a2f00000) (1024K)]
  0x0000020e1ffecd90 JavaThread "File watcher server"        daemon [_thread_blocked, id=21648, stack(0x00000043a2f00000,0x00000043a3000000) (1024K)]
  0x0000020e1ffeb350 JavaThread "File watcher consumer"      daemon [_thread_blocked, id=15652, stack(0x00000043a3000000,0x00000043a3100000) (1024K)]
  0x0000020e1ffec070 JavaThread "jar transforms"                    [_thread_blocked, id=5136, stack(0x00000043a3100000,0x00000043a3200000) (1024K)]
  0x0000020e1ffec700 JavaThread "jar transforms Thread 2"           [_thread_blocked, id=10932, stack(0x00000043a3200000,0x00000043a3300000) (1024K)]
  0x0000020e1ffeacc0 JavaThread "Cache worker for checksums cache (C:\Users\Mica\OneDrive\Pictures\WAD\finalmadexam\.gradle\8.13\checksums)"        [_thread_blocked, id=4880, stack(0x00000043a3300000,0x00000043a3400000) (1024K)]
  0x0000020e1ffee7d0 JavaThread "Cache worker for file content cache (C:\Users\Mica\.gradle\caches\8.13\fileContent)"        [_thread_blocked, id=7180, stack(0x00000043a3400000,0x00000043a3500000) (1024K)]
  0x0000020e1ffefb80 JavaThread "jar transforms Thread 3"           [_thread_blocked, id=19320, stack(0x00000043a3500000,0x00000043a3600000) (1024K)]
  0x0000020e1fff08a0 JavaThread "Cache worker for cache directory md-supplier (C:\Users\Mica\.gradle\caches\8.13\md-supplier)"        [_thread_blocked, id=19380, stack(0x00000043a3600000,0x00000043a3700000) (1024K)]
  0x0000020e1ffed420 JavaThread "Cache worker for cache directory md-rule (C:\Users\Mica\.gradle\caches\8.13\md-rule)"        [_thread_blocked, id=21168, stack(0x00000043a3700000,0x00000043a3800000) (1024K)]
  0x0000020e1fff0210 JavaThread "Unconstrained build operations"        [_thread_blocked, id=13064, stack(0x00000043a3800000,0x00000043a3900000) (1024K)]
  0x0000020e1fff0f30 JavaThread "Unconstrained build operations Thread 2"        [_thread_blocked, id=17728, stack(0x00000043a3900000,0x00000043a3a00000) (1024K)]
  0x0000020e1ffedab0 JavaThread "Unconstrained build operations Thread 3"        [_thread_blocked, id=7980, stack(0x00000043a3a00000,0x00000043a3b00000) (1024K)]
  0x0000020e1fff15c0 JavaThread "Unconstrained build operations Thread 4"        [_thread_blocked, id=5272, stack(0x00000043a3b00000,0x00000043a3c00000) (1024K)]
  0x0000020e1fff22e0 JavaThread "Unconstrained build operations Thread 5"        [_thread_blocked, id=13360, stack(0x00000043a3c00000,0x00000043a3d00000) (1024K)]
  0x0000020e1fff1c50 JavaThread "Unconstrained build operations Thread 6"        [_thread_blocked, id=8872, stack(0x00000043a3d00000,0x00000043a3e00000) (1024K)]
  0x0000020e1ffef4f0 JavaThread "Unconstrained build operations Thread 7"        [_thread_blocked, id=15608, stack(0x00000043a3e00000,0x00000043a3f00000) (1024K)]
  0x0000020e20ba8110 JavaThread "Unconstrained build operations Thread 8"        [_thread_blocked, id=17016, stack(0x00000043a3f00000,0x00000043a4000000) (1024K)]
  0x0000020e20baaf00 JavaThread "Unconstrained build operations Thread 9"        [_thread_blocked, id=5884, stack(0x00000043a4000000,0x00000043a4100000) (1024K)]
  0x0000020e20ba94c0 JavaThread "Unconstrained build operations Thread 10"        [_thread_blocked, id=18892, stack(0x00000043a4100000,0x00000043a4200000) (1024K)]
  0x0000020e20baa870 JavaThread "jar transforms Thread 4"           [_thread_blocked, id=17380, stack(0x00000043a4200000,0x00000043a4300000) (1024K)]
  0x0000020e20ba87a0 JavaThread "jar transforms Thread 5"           [_thread_blocked, id=11040, stack(0x00000043a4300000,0x00000043a4400000) (1024K)]
  0x0000020e20bab590 JavaThread "Unconstrained build operations Thread 11"        [_thread_blocked, id=13984, stack(0x00000043a4400000,0x00000043a4500000) (1024K)]
  0x0000020e20babc20 JavaThread "Unconstrained build operations Thread 12"        [_thread_blocked, id=18448, stack(0x00000043a4500000,0x00000043a4600000) (1024K)]
  0x0000020e20baa1e0 JavaThread "Unconstrained build operations Thread 13"        [_thread_blocked, id=11736, stack(0x00000043a4600000,0x00000043a4700000) (1024K)]
  0x0000020e20bac2b0 JavaThread "Unconstrained build operations Thread 14"        [_thread_blocked, id=21448, stack(0x00000043a4700000,0x00000043a4800000) (1024K)]
  0x0000020e20ba8e30 JavaThread "Unconstrained build operations Thread 15"        [_thread_blocked, id=12604, stack(0x00000043a4800000,0x00000043a4900000) (1024K)]
  0x0000020e20bac940 JavaThread "jar transforms Thread 6"           [_thread_blocked, id=10548, stack(0x00000043a4900000,0x00000043a4a00000) (1024K)]
  0x0000020e20bacfd0 JavaThread "jar transforms Thread 7"           [_thread_blocked, id=11668, stack(0x00000043a4a00000,0x00000043a4b00000) (1024K)]
  0x0000020e20ba9b50 JavaThread "jar transforms Thread 8"           [_thread_blocked, id=10876, stack(0x00000043a4b00000,0x00000043a4c00000) (1024K)]
  0x0000020e20baf730 JavaThread "Unconstrained build operations Thread 16"        [_thread_blocked, id=20240, stack(0x00000043a4c00000,0x00000043a4d00000) (1024K)]
  0x0000020e20badcf0 JavaThread "Unconstrained build operations Thread 17"        [_thread_blocked, id=8836, stack(0x00000043a4d00000,0x00000043a4e00000) (1024K)]
  0x0000020e20bae380 JavaThread "Unconstrained build operations Thread 18"        [_thread_blocked, id=14648, stack(0x00000043a4e00000,0x00000043a4f00000) (1024K)]
  0x0000020e1fa99060 JavaThread "Unconstrained build operations Thread 19"        [_thread_blocked, id=21256, stack(0x00000043a4f00000,0x00000043a5000000) (1024K)]
  0x0000020e1fa9a410 JavaThread "Unconstrained build operations Thread 20"        [_thread_blocked, id=8580, stack(0x00000043a5000000,0x00000043a5100000) (1024K)]
  0x0000020e1fa9be50 JavaThread "Unconstrained build operations Thread 21"        [_thread_blocked, id=3788, stack(0x00000043a5100000,0x00000043a5200000) (1024K)]
  0x0000020e1fa9c4e0 JavaThread "Unconstrained build operations Thread 22"        [_thread_blocked, id=12900, stack(0x00000043a5200000,0x00000043a5300000) (1024K)]
  0x0000020e1fa9b7c0 JavaThread "Unconstrained build operations Thread 23"        [_thread_blocked, id=18472, stack(0x00000043a5300000,0x00000043a5400000) (1024K)]
  0x0000020e1fa996f0 JavaThread "Unconstrained build operations Thread 24"        [_thread_blocked, id=3316, stack(0x00000043a5400000,0x00000043a5500000) (1024K)]
  0x0000020e1fa99d80 JavaThread "Unconstrained build operations Thread 25"        [_thread_blocked, id=15468, stack(0x00000043a5500000,0x00000043a5600000) (1024K)]
  0x0000020e1fa9cb70 JavaThread "Unconstrained build operations Thread 26"        [_thread_blocked, id=3672, stack(0x00000043a5600000,0x00000043a5700000) (1024K)]
  0x0000020e1fa9aaa0 JavaThread "Unconstrained build operations Thread 27"        [_thread_blocked, id=22040, stack(0x00000043a5700000,0x00000043a5800000) (1024K)]
  0x0000020e1fa9df20 JavaThread "Unconstrained build operations Thread 28"        [_thread_blocked, id=17748, stack(0x00000043a5800000,0x00000043a5900000) (1024K)]
  0x0000020e1fa9d890 JavaThread "Unconstrained build operations Thread 29"        [_thread_blocked, id=13276, stack(0x00000043a5900000,0x00000043a5a00000) (1024K)]
  0x0000020e1fa9e5b0 JavaThread "Unconstrained build operations Thread 30"        [_thread_blocked, id=11084, stack(0x00000043a5a00000,0x00000043a5b00000) (1024K)]
  0x0000020e1fa9d200 JavaThread "Unconstrained build operations Thread 31"        [_thread_blocked, id=18940, stack(0x00000043a5b00000,0x00000043a5c00000) (1024K)]
  0x0000020e1fa9b130 JavaThread "Unconstrained build operations Thread 32"        [_thread_blocked, id=5032, stack(0x00000043a5c00000,0x00000043a5d00000) (1024K)]
  0x0000020e1fa9ec40 JavaThread "Unconstrained build operations Thread 33"        [_thread_blocked, id=20180, stack(0x00000043a5d00000,0x00000043a5e00000) (1024K)]
  0x0000020e1fa9f2d0 JavaThread "Unconstrained build operations Thread 34"        [_thread_blocked, id=16728, stack(0x00000043a5e00000,0x00000043a5f00000) (1024K)]
  0x0000020e1fa9f960 JavaThread "Unconstrained build operations Thread 35"        [_thread_blocked, id=21836, stack(0x00000043a5f00000,0x00000043a6000000) (1024K)]
  0x0000020e1fa9fff0 JavaThread "Unconstrained build operations Thread 36"        [_thread_blocked, id=21128, stack(0x00000043a6000000,0x00000043a6100000) (1024K)]
  0x0000020e1faa0680 JavaThread "Unconstrained build operations Thread 37"        [_thread_blocked, id=12444, stack(0x00000043a6100000,0x00000043a6200000) (1024K)]
  0x0000020e17bee7b0 JavaThread "Unconstrained build operations Thread 38"        [_thread_blocked, id=7848, stack(0x00000043a6200000,0x00000043a6300000) (1024K)]
  0x0000020e17bf0f10 JavaThread "Unconstrained build operations Thread 39"        [_thread_blocked, id=5504, stack(0x00000043a6300000,0x00000043a6400000) (1024K)]
  0x0000020e17beda90 JavaThread "Unconstrained build operations Thread 40"        [_thread_blocked, id=12336, stack(0x00000043a6400000,0x00000043a6500000) (1024K)]
  0x0000020e17bf15a0 JavaThread "Unconstrained build operations Thread 41"        [_thread_blocked, id=1540, stack(0x00000043a6500000,0x00000043a6600000) (1024K)]
  0x0000020e17bee120 JavaThread "Unconstrained build operations Thread 42"        [_thread_blocked, id=18920, stack(0x00000043a6600000,0x00000043a6700000) (1024K)]
  0x0000020e17bf22c0 JavaThread "Unconstrained build operations Thread 43"        [_thread_blocked, id=21044, stack(0x00000043a6700000,0x00000043a6800000) (1024K)]
  0x0000020e17befb60 JavaThread "Unconstrained build operations Thread 44"        [_thread_blocked, id=17448, stack(0x00000043a6800000,0x00000043a6900000) (1024K)]
  0x0000020e17bf01f0 JavaThread "Unconstrained build operations Thread 45"        [_thread_blocked, id=19556, stack(0x00000043a6900000,0x00000043a6a00000) (1024K)]
  0x0000020e17beee40 JavaThread "Unconstrained build operations Thread 46"        [_thread_blocked, id=11528, stack(0x00000043a6a00000,0x00000043a6b00000) (1024K)]
  0x0000020e17bf1c30 JavaThread "Unconstrained build operations Thread 47"        [_thread_blocked, id=13380, stack(0x00000043a6b00000,0x00000043a6c00000) (1024K)]
  0x0000020e17bf2950 JavaThread "Unconstrained build operations Thread 48"        [_thread_blocked, id=10708, stack(0x00000043a6c00000,0x00000043a6d00000) (1024K)]
  0x0000020e17bef4d0 JavaThread "build event listener"              [_thread_blocked, id=8400, stack(0x00000043a6d00000,0x00000043a6e00000) (1024K)]
  0x0000020e17bf0880 JavaThread "Memory manager"                    [_thread_blocked, id=19264, stack(0x00000043a6e00000,0x00000043a6f00000) (1024K)]
  0x0000020e28181f00 JavaThread "included builds"                   [_thread_blocked, id=19660, stack(0x00000043a2c00000,0x00000043a2d00000) (1024K)]
  0x0000020e28183940 JavaThread "Execution worker"                  [_thread_blocked, id=15192, stack(0x00000043a6f00000,0x00000043a7000000) (1024K)]
  0x0000020e28184660 JavaThread "Execution worker Thread 2"         [_thread_blocked, id=7124, stack(0x00000043a7000000,0x00000043a7100000) (1024K)]
  0x0000020e28183fd0 JavaThread "Execution worker Thread 3"         [_thread_blocked, id=16764, stack(0x00000043a7100000,0x00000043a7200000) (1024K)]
  0x0000020e281811e0 JavaThread "Execution worker Thread 4"         [_thread_blocked, id=17632, stack(0x00000043a7200000,0x00000043a7300000) (1024K)]
  0x0000020e28184cf0 JavaThread "Execution worker Thread 5"         [_thread_blocked, id=15952, stack(0x00000043a7300000,0x00000043a7400000) (1024K)]
  0x0000020e28181870 JavaThread "Execution worker Thread 6"         [_thread_blocked, id=13364, stack(0x00000043a7400000,0x00000043a7500000) (1024K)]
  0x0000020e28188170 JavaThread "Execution worker Thread 7"         [_thread_blocked, id=18292, stack(0x00000043a7500000,0x00000043a7600000) (1024K)]
  0x0000020e28186730 JavaThread "Execution worker Thread 8"         [_thread_blocked, id=22252, stack(0x00000043a7600000,0x00000043a7700000) (1024K)]
  0x0000020e28186dc0 JavaThread "Execution worker Thread 9"         [_thread_blocked, id=7356, stack(0x00000043a7700000,0x00000043a7800000) (1024K)]
  0x0000020e28185380 JavaThread "Execution worker Thread 10"        [_thread_blocked, id=3580, stack(0x00000043a7800000,0x00000043a7900000) (1024K)]
  0x0000020e28187450 JavaThread "Execution worker Thread 11"        [_thread_blocked, id=1172, stack(0x00000043a7900000,0x00000043a7a00000) (1024K)]
  0x0000020e28187ae0 JavaThread "Cache worker for execution history cache (C:\Users\Mica\OneDrive\Pictures\WAD\finalmadexam\.gradle\8.13\executionHistory)"        [_thread_blocked, id=7996, stack(0x00000043a7a00000,0x00000043a7b00000) (1024K)]
  0x0000020e281860a0 JavaThread "Unconstrained build operations Thread 49"        [_thread_blocked, id=19024, stack(0x00000043a7b00000,0x00000043a7c00000) (1024K)]
  0x0000020e28188800 JavaThread "Unconstrained build operations Thread 50"        [_thread_blocked, id=10952, stack(0x00000043a7c00000,0x00000043a7d00000) (1024K)]
  0x0000020e28185a10 JavaThread "Unconstrained build operations Thread 51"        [_thread_blocked, id=18908, stack(0x00000043a7d00000,0x00000043a7e00000) (1024K)]
  0x0000020e1da55e90 JavaThread "Unconstrained build operations Thread 52"        [_thread_blocked, id=15536, stack(0x00000043a7e00000,0x00000043a7f00000) (1024K)]
  0x0000020e1da56520 JavaThread "Unconstrained build operations Thread 53"        [_thread_blocked, id=18804, stack(0x00000043a7f00000,0x00000043a8000000) (1024K)]
  0x0000020e1da53dc0 JavaThread "Unconstrained build operations Thread 54"        [_thread_blocked, id=19828, stack(0x00000043a8000000,0x00000043a8100000) (1024K)]
  0x0000020e1da578d0 JavaThread "Unconstrained build operations Thread 55"        [_thread_blocked, id=9632, stack(0x00000043a8100000,0x00000043a8200000) (1024K)]
  0x0000020e1da55170 JavaThread "Unconstrained build operations Thread 56"        [_thread_blocked, id=18648, stack(0x00000043a8200000,0x00000043a8300000) (1024K)]
  0x0000020e1da54ae0 JavaThread "Unconstrained build operations Thread 57"        [_thread_blocked, id=8340, stack(0x00000043a8300000,0x00000043a8400000) (1024K)]
  0x0000020e1da57240 JavaThread "Unconstrained build operations Thread 58"        [_thread_blocked, id=7040, stack(0x00000043a8400000,0x00000043a8500000) (1024K)]
  0x0000020e1da54450 JavaThread "Unconstrained build operations Thread 59"        [_thread_blocked, id=6684, stack(0x00000043a8500000,0x00000043a8600000) (1024K)]
  0x0000020e1da585f0 JavaThread "Unconstrained build operations Thread 60"        [_thread_blocked, id=13304, stack(0x00000043a8600000,0x00000043a8700000) (1024K)]
  0x0000020e1da58c80 JavaThread "Unconstrained build operations Thread 61"        [_thread_blocked, id=2416, stack(0x00000043a8700000,0x00000043a8800000) (1024K)]
  0x0000020e1da55800 JavaThread "Unconstrained build operations Thread 62"        [_thread_blocked, id=19732, stack(0x00000043a8800000,0x00000043a8900000) (1024K)]
  0x0000020e1da5ad50 JavaThread "Unconstrained build operations Thread 63"        [_thread_blocked, id=6080, stack(0x00000043a8900000,0x00000043a8a00000) (1024K)]
  0x0000020e1da5a6c0 JavaThread "Unconstrained build operations Thread 64"        [_thread_blocked, id=19564, stack(0x00000043a8a00000,0x00000043a8b00000) (1024K)]
  0x0000020e1da599a0 JavaThread "Unconstrained build operations Thread 65"        [_thread_blocked, id=3972, stack(0x00000043a8b00000,0x00000043a8c00000) (1024K)]
  0x0000020e1da5a030 JavaThread "Unconstrained build operations Thread 66"        [_thread_blocked, id=13500, stack(0x00000043a8c00000,0x00000043a8d00000) (1024K)]
  0x0000020e1da5b3e0 JavaThread "Unconstrained build operations Thread 67"        [_thread_blocked, id=20644, stack(0x00000043a8d00000,0x00000043a8e00000) (1024K)]
  0x0000020e1da59310 JavaThread "Unconstrained build operations Thread 68"        [_thread_blocked, id=14000, stack(0x00000043a8e00000,0x00000043a8f00000) (1024K)]
  0x0000020e1feae7c0 JavaThread "Unconstrained build operations Thread 69"        [_thread_blocked, id=3840, stack(0x00000043a8f00000,0x00000043a9000000) (1024K)]
  0x0000020e1feac6f0 JavaThread "Unconstrained build operations Thread 70"        [_thread_blocked, id=12888, stack(0x00000043a9000000,0x00000043a9100000) (1024K)]
  0x0000020e1feaf4e0 JavaThread "Unconstrained build operations Thread 71"        [_thread_blocked, id=17680, stack(0x00000043a9100000,0x00000043a9200000) (1024K)]
  0x0000020e1feac060 JavaThread "Unconstrained build operations Thread 72"        [_thread_blocked, id=3568, stack(0x00000043a9200000,0x00000043a9300000) (1024K)]
  0x0000020e1feafb70 JavaThread "Unconstrained build operations Thread 73"        [_thread_blocked, id=12476, stack(0x00000043a9300000,0x00000043a9400000) (1024K)]
  0x0000020e1feaee50 JavaThread "Unconstrained build operations Thread 74"        [_thread_blocked, id=21968, stack(0x00000043a9400000,0x00000043a9500000) (1024K)]
  0x0000020e1feacd80 JavaThread "Unconstrained build operations Thread 75"        [_thread_blocked, id=4684, stack(0x00000043a9500000,0x00000043a9600000) (1024K)]
  0x0000020e1feb0200 JavaThread "Unconstrained build operations Thread 76"        [_thread_blocked, id=3480, stack(0x00000043a9600000,0x00000043a9700000) (1024K)]
  0x0000020e1feb0890 JavaThread "Unconstrained build operations Thread 77"        [_thread_blocked, id=15772, stack(0x00000043a9700000,0x00000043a9800000) (1024K)]
  0x0000020e1fead410 JavaThread "Unconstrained build operations Thread 78"        [_thread_blocked, id=8396, stack(0x00000043a9800000,0x00000043a9900000) (1024K)]
  0x0000020e1feae130 JavaThread "Unconstrained build operations Thread 79"        [_thread_blocked, id=17320, stack(0x00000043a9900000,0x00000043a9a00000) (1024K)]
  0x0000020e1feb0f20 JavaThread "Unconstrained build operations Thread 80"        [_thread_blocked, id=20076, stack(0x00000043a9a00000,0x00000043a9b00000) (1024K)]
  0x0000020e1feadaa0 JavaThread "Unconstrained build operations Thread 81"        [_thread_blocked, id=12248, stack(0x00000043a9b00000,0x00000043a9c00000) (1024K)]
  0x0000020e1feb15b0 JavaThread "Unconstrained build operations Thread 82"        [_thread_blocked, id=3028, stack(0x00000043a9c00000,0x00000043a9d00000) (1024K)]
  0x0000020e1feb1c40 JavaThread "Unconstrained build operations Thread 83"        [_thread_blocked, id=10956, stack(0x00000043a9d00000,0x00000043a9e00000) (1024K)]
  0x0000020e1feb3680 JavaThread "Unconstrained build operations Thread 84"        [_thread_blocked, id=19136, stack(0x00000043a9e00000,0x00000043a9f00000) (1024K)]
  0x0000020e1feb22d0 JavaThread "Unconstrained build operations Thread 85"        [_thread_blocked, id=13252, stack(0x00000043a9f00000,0x00000043aa000000) (1024K)]
  0x0000020e1feb2960 JavaThread "Unconstrained build operations Thread 86"        [_thread_blocked, id=7416, stack(0x00000043aa000000,0x00000043aa100000) (1024K)]
  0x0000020e1ff94e20 JavaThread "Unconstrained build operations Thread 87"        [_thread_blocked, id=13204, stack(0x00000043aa100000,0x00000043aa200000) (1024K)]
  0x0000020e1ff94100 JavaThread "Unconstrained build operations Thread 88"        [_thread_blocked, id=17444, stack(0x00000043aa200000,0x00000043aa300000) (1024K)]
  0x0000020e1ff95b40 JavaThread "Unconstrained build operations Thread 89"        [_thread_blocked, id=3652, stack(0x00000043aa300000,0x00000043aa400000) (1024K)]
  0x0000020e1ff933e0 JavaThread "Unconstrained build operations Thread 90"        [_thread_blocked, id=14376, stack(0x00000043aa400000,0x00000043aa500000) (1024K)]
  0x0000020e1ff954b0 JavaThread "Unconstrained build operations Thread 91"        [_thread_blocked, id=10732, stack(0x00000043aa500000,0x00000043aa600000) (1024K)]
  0x0000020e1ff93a70 JavaThread "Unconstrained build operations Thread 92"        [_thread_blocked, id=13292, stack(0x00000043aa600000,0x00000043aa700000) (1024K)]
  0x0000020e1ff92d50 JavaThread "Unconstrained build operations Thread 93"        [_thread_blocked, id=15356, stack(0x00000043aa700000,0x00000043aa800000) (1024K)]
  0x0000020e1ff94790 JavaThread "Unconstrained build operations Thread 94"        [_thread_blocked, id=21732, stack(0x00000043aa800000,0x00000043aa900000) (1024K)]
  0x0000020e1f681590 JavaThread "Unconstrained build operations Thread 95"        [_thread_blocked, id=17704, stack(0x00000043aa900000,0x00000043aaa00000) (1024K)]
  0x0000020e1f67fb50 JavaThread "Unconstrained build operations Thread 96"        [_thread_blocked, id=7452, stack(0x00000043aaa00000,0x00000043aab00000) (1024K)]
  0x0000020e1f680f00 JavaThread "Unconstrained build operations Thread 97"        [_thread_blocked, id=2628, stack(0x00000043aab00000,0x00000043aac00000) (1024K)]
  0x0000020e1f6801e0 JavaThread "Unconstrained build operations Thread 98"        [_thread_blocked, id=17684, stack(0x00000043aac00000,0x00000043aad00000) (1024K)]
  0x0000020e1f680870 JavaThread "Unconstrained build operations Thread 99"        [_thread_blocked, id=9068, stack(0x00000043aad00000,0x00000043aae00000) (1024K)]
  0x0000020e1f67e7a0 JavaThread "Unconstrained build operations Thread 100"        [_thread_blocked, id=18032, stack(0x00000043aae00000,0x00000043aaf00000) (1024K)]
  0x0000020e1f67ee30 JavaThread "Unconstrained build operations Thread 101"        [_thread_blocked, id=17208, stack(0x00000043aaf00000,0x00000043ab000000) (1024K)]
  0x0000020e1f67e110 JavaThread "Unconstrained build operations Thread 102"        [_thread_blocked, id=11940, stack(0x00000043ab000000,0x00000043ab100000) (1024K)]
  0x0000020e1f682940 JavaThread "Unconstrained build operations Thread 103"        [_thread_blocked, id=14196, stack(0x00000043ab100000,0x00000043ab200000) (1024K)]
  0x0000020e1f67f4c0 JavaThread "Unconstrained build operations Thread 104"        [_thread_blocked, id=9524, stack(0x00000043ab200000,0x00000043ab300000) (1024K)]
  0x0000020e1f684380 JavaThread "Unconstrained build operations Thread 105"        [_thread_blocked, id=8152, stack(0x00000043ab300000,0x00000043ab400000) (1024K)]
  0x0000020e1f684a10 JavaThread "Unconstrained build operations Thread 106"        [_thread_blocked, id=11984, stack(0x00000043ab400000,0x00000043ab500000) (1024K)]
  0x0000020e1f682fd0 JavaThread "Unconstrained build operations Thread 107"        [_thread_blocked, id=8756, stack(0x00000043ab500000,0x00000043ab600000) (1024K)]
  0x0000020e1f681c20 JavaThread "Unconstrained build operations Thread 108"        [_thread_blocked, id=21152, stack(0x00000043ab600000,0x00000043ab700000) (1024K)]
  0x0000020e1f685730 JavaThread "Unconstrained build operations Thread 109"        [_thread_blocked, id=14856, stack(0x00000043ab700000,0x00000043ab800000) (1024K)]
  0x0000020e1f683cf0 JavaThread "Unconstrained build operations Thread 110"        [_thread_blocked, id=21148, stack(0x00000043ab800000,0x00000043ab900000) (1024K)]
  0x0000020e1f6850a0 JavaThread "Unconstrained build operations Thread 111"        [_thread_blocked, id=6808, stack(0x00000043ab900000,0x00000043aba00000) (1024K)]
  0x0000020e1f6822b0 JavaThread "Unconstrained build operations Thread 112"        [_thread_blocked, id=18212, stack(0x00000043aba00000,0x00000043abb00000) (1024K)]
  0x0000020e1f683660 JavaThread "Unconstrained build operations Thread 113"        [_thread_blocked, id=7676, stack(0x00000043abb00000,0x00000043abc00000) (1024K)]
  0x0000020e1e6304d0 JavaThread "Unconstrained build operations Thread 114"        [_thread_blocked, id=752, stack(0x00000043abc00000,0x00000043abd00000) (1024K)]
  0x0000020e1e62f120 JavaThread "Unconstrained build operations Thread 115"        [_thread_blocked, id=20448, stack(0x00000043abd00000,0x00000043abe00000) (1024K)]
  0x0000020e1e62f7b0 JavaThread "Unconstrained build operations Thread 116"        [_thread_blocked, id=21760, stack(0x00000043abe00000,0x00000043abf00000) (1024K)]
  0x0000020e1e62fe40 JavaThread "Unconstrained build operations Thread 117"        [_thread_blocked, id=21296, stack(0x00000043abf00000,0x00000043ac000000) (1024K)]
  0x0000020e1e62d6e0 JavaThread "Unconstrained build operations Thread 118"        [_thread_blocked, id=12400, stack(0x00000043ac000000,0x00000043ac100000) (1024K)]
  0x0000020e1e62d050 JavaThread "Unconstrained build operations Thread 119"        [_thread_blocked, id=3624, stack(0x00000043ac100000,0x00000043ac200000) (1024K)]
  0x0000020e1e6311f0 JavaThread "Unconstrained build operations Thread 120"        [_thread_blocked, id=10976, stack(0x00000043ac200000,0x00000043ac300000) (1024K)]
Total: 176

Other Threads:
=>0x0000020e1786e900 VMThread "VM Thread"                           [id=2436, stack(0x00000043a0800000,0x00000043a0900000) (1024K)]
  0x0000020e177edf10 WatcherThread "VM Periodic Task Thread"        [id=10656, stack(0x00000043a0700000,0x00000043a0800000) (1024K)]
  0x0000020e7fcc48c0 WorkerThread "GC Thread#0"                     [id=17276, stack(0x00000043a0200000,0x00000043a0300000) (1024K)]
  0x0000020e1c6cc210 WorkerThread "GC Thread#1"                     [id=8212, stack(0x00000043a1500000,0x00000043a1600000) (1024K)]
  0x0000020e1c3d5780 WorkerThread "GC Thread#2"                     [id=19952, stack(0x00000043a1600000,0x00000043a1700000) (1024K)]
  0x0000020e1c7288a0 WorkerThread "GC Thread#3"                     [id=3884, stack(0x00000043a1700000,0x00000043a1800000) (1024K)]
  0x0000020e1cb780f0 WorkerThread "GC Thread#4"                     [id=19584, stack(0x00000043a1800000,0x00000043a1900000) (1024K)]
  0x0000020e1d903f60 WorkerThread "GC Thread#5"                     [id=15832, stack(0x00000043a1900000,0x00000043a1a00000) (1024K)]
  0x0000020e1d905b90 WorkerThread "GC Thread#6"                     [id=17400, stack(0x00000043a1a00000,0x00000043a1b00000) (1024K)]
  0x0000020e1d905f30 WorkerThread "GC Thread#7"                     [id=19276, stack(0x00000043a1b00000,0x00000043a1c00000) (1024K)]
  0x0000020e1d9062d0 WorkerThread "GC Thread#8"                     [id=18656, stack(0x00000043a1c00000,0x00000043a1d00000) (1024K)]
  0x0000020e1d9464a0 WorkerThread "GC Thread#9"                     [id=6552, stack(0x00000043a2600000,0x00000043a2700000) (1024K)]
  0x0000020e7fcd57b0 ConcurrentGCThread "G1 Main Marker"            [id=16564, stack(0x00000043a0300000,0x00000043a0400000) (1024K)]
  0x0000020e7fcd7000 WorkerThread "G1 Conc#0"                       [id=11000, stack(0x00000043a0400000,0x00000043a0500000) (1024K)]
  0x0000020e1d947a60 WorkerThread "G1 Conc#1"                       [id=9832, stack(0x00000043a2700000,0x00000043a2800000) (1024K)]
  0x0000020e1d946100 WorkerThread "G1 Conc#2"                       [id=12948, stack(0x00000043a2800000,0x00000043a2900000) (1024K)]
  0x0000020e7fd2e960 ConcurrentGCThread "G1 Refine#0"               [id=15236, stack(0x00000043a0500000,0x00000043a0600000) (1024K)]
  0x0000020e176bdaa0 ConcurrentGCThread "G1 Service"                [id=15620, stack(0x00000043a0600000,0x00000043a0700000) (1024K)]
Total: 18

Threads with active compile tasks:
C2 CompilerThread0  21476 18640       4       com.android.tools.r8.internal.w31::y (491 bytes)
C2 CompilerThread1  21476 18652 %     4       com.android.tools.r8.internal.fk::a @ 737 (1828 bytes)
Total: 2

VM state: at safepoint (normal execution)

VM Mutex/Monitor currently owned by a thread:  ([mutex/lock_event])
[0x00007ffadb4685b8] Threads_lock - owner thread: 0x0000020e1786e900
[0x00007ffadb4686b8] Heap_lock - owner thread: 0x0000020e1da55170

Heap address: 0x0000000080000000, size: 2048 MB, Compressed Oops mode: 32-bit

CDS archive(s) not mapped
Compressed class space mapped at: 0x0000000100000000-0x0000000140000000, reserved size: 1073741824
Narrow klass base: 0x0000000000000000, Narrow klass shift: 3, Narrow klass range: 0x140000000

GC Precious Log:
 CardTable entry size: 512
 Card Set container configuration: InlinePtr #cards 5 size 8 Array Of Cards #cards 12 size 40 Howl #buckets 4 coarsen threshold 1843 Howl Bitmap #cards 512 size 80 coarsen threshold 460 Card regions per heap region 1 cards per card region 2048
 CPUs: 12 total, 12 available
 Memory: 7879M
 Large Page Support: Disabled
 NUMA Support: Disabled
 Compressed Oops: Enabled (32-bit)
 Heap Region Size: 1M
 Heap Min Capacity: 8M
 Heap Initial Capacity: 124M
 Heap Max Capacity: 2G
 Pre-touch: Disabled
 Parallel Workers: 10
 Concurrent Workers: 3
 Concurrent Refinement Workers: 10
 Periodic GC: Disabled

Heap:
 garbage-first heap   total 496640K, used 207527K [0x0000000080000000, 0x0000000100000000)
  region size 1024K, 19 young (19456K), 19 survivors (19456K)
 Metaspace       used 131067K, committed 133376K, reserved 1179648K
  class space    used 18934K, committed 20032K, reserved 1048576K

Heap Regions: E=young(eden), S=young(survivor), O=old, HS=humongous(starts), HC=humongous(continues), CS=collection set, F=free, TAMS=top-at-mark-start, PB=parsable bottom
|   0|0x0000000080000000, 0x0000000080100000, 0x0000000080100000|100%|HS|  |TAMS 0x0000000080100000| PB 0x0000000080000000| Complete 
|   1|0x0000000080100000, 0x0000000080200000, 0x0000000080200000|100%|HC|  |TAMS 0x0000000080200000| PB 0x0000000080100000| Complete 
|   2|0x0000000080200000, 0x0000000080300000, 0x0000000080300000|100%|HC|  |TAMS 0x0000000080300000| PB 0x0000000080200000| Complete 
|   3|0x0000000080300000, 0x0000000080400000, 0x0000000080400000|100%| O|  |TAMS 0x0000000080400000| PB 0x0000000080300000| Untracked 
|   4|0x0000000080400000, 0x0000000080500000, 0x0000000080500000|100%| O|  |TAMS 0x0000000080500000| PB 0x0000000080400000| Untracked 
|   5|0x0000000080500000, 0x0000000080600000, 0x0000000080600000|100%| O|  |TAMS 0x0000000080600000| PB 0x0000000080500000| Untracked 
|   6|0x0000000080600000, 0x0000000080700000, 0x0000000080700000|100%|HS|  |TAMS 0x0000000080700000| PB 0x0000000080600000| Complete 
|   7|0x0000000080700000, 0x0000000080800000, 0x0000000080800000|100%| O|  |TAMS 0x0000000080800000| PB 0x0000000080700000| Untracked 
|   8|0x0000000080800000, 0x0000000080900000, 0x0000000080900000|100%| O|  |TAMS 0x0000000080900000| PB 0x0000000080800000| Untracked 
|   9|0x0000000080900000, 0x0000000080a00000, 0x0000000080a00000|100%| O|  |TAMS 0x0000000080a00000| PB 0x0000000080900000| Untracked 
|  10|0x0000000080a00000, 0x0000000080b00000, 0x0000000080b00000|100%| O|  |TAMS 0x0000000080b00000| PB 0x0000000080a00000| Untracked 
|  11|0x0000000080b00000, 0x0000000080c00000, 0x0000000080c00000|100%| O|  |TAMS 0x0000000080c00000| PB 0x0000000080b00000| Untracked 
|  12|0x0000000080c00000, 0x0000000080d00000, 0x0000000080d00000|100%| O|  |TAMS 0x0000000080d00000| PB 0x0000000080c00000| Untracked 
|  13|0x0000000080d00000, 0x0000000080e00000, 0x0000000080e00000|100%| O|  |TAMS 0x0000000080e00000| PB 0x0000000080d00000| Untracked 
|  14|0x0000000080e00000, 0x0000000080f00000, 0x0000000080f00000|100%| O|  |TAMS 0x0000000080f00000| PB 0x0000000080e00000| Untracked 
|  15|0x0000000080f00000, 0x0000000081000000, 0x0000000081000000|100%| O|  |TAMS 0x0000000081000000| PB 0x0000000080f00000| Untracked 
|  16|0x0000000081000000, 0x0000000081100000, 0x0000000081100000|100%| O|  |TAMS 0x0000000081100000| PB 0x0000000081000000| Untracked 
|  17|0x0000000081100000, 0x0000000081200000, 0x0000000081200000|100%| O|  |TAMS 0x0000000081200000| PB 0x0000000081100000| Untracked 
|  18|0x0000000081200000, 0x0000000081300000, 0x0000000081300000|100%| O|  |TAMS 0x0000000081300000| PB 0x0000000081200000| Untracked 
|  19|0x0000000081300000, 0x0000000081400000, 0x0000000081400000|100%| O|  |TAMS 0x0000000081400000| PB 0x0000000081300000| Untracked 
|  20|0x0000000081400000, 0x0000000081500000, 0x0000000081500000|100%| O|  |TAMS 0x0000000081500000| PB 0x0000000081400000| Untracked 
|  21|0x0000000081500000, 0x0000000081600000, 0x0000000081600000|100%| O|  |TAMS 0x0000000081600000| PB 0x0000000081500000| Untracked 
|  22|0x0000000081600000, 0x0000000081700000, 0x0000000081700000|100%| O|  |TAMS 0x0000000081700000| PB 0x0000000081600000| Untracked 
|  23|0x0000000081700000, 0x0000000081800000, 0x0000000081800000|100%| O|  |TAMS 0x0000000081800000| PB 0x0000000081700000| Untracked 
|  24|0x0000000081800000, 0x0000000081900000, 0x0000000081900000|100%| O|  |TAMS 0x0000000081900000| PB 0x0000000081800000| Untracked 
|  25|0x0000000081900000, 0x0000000081a00000, 0x0000000081a00000|100%| O|  |TAMS 0x0000000081a00000| PB 0x0000000081900000| Untracked 
|  26|0x0000000081a00000, 0x0000000081b00000, 0x0000000081b00000|100%|HS|  |TAMS 0x0000000081b00000| PB 0x0000000081a00000| Complete 
|  27|0x0000000081b00000, 0x0000000081c00000, 0x0000000081c00000|100%|HC|  |TAMS 0x0000000081c00000| PB 0x0000000081b00000| Complete 
|  28|0x0000000081c00000, 0x0000000081d00000, 0x0000000081d00000|100%| O|  |TAMS 0x0000000081d00000| PB 0x0000000081c00000| Untracked 
|  29|0x0000000081d00000, 0x0000000081e00000, 0x0000000081e00000|100%| O|  |TAMS 0x0000000081e00000| PB 0x0000000081d00000| Untracked 
|  30|0x0000000081e00000, 0x0000000081f00000, 0x0000000081f00000|100%| O|  |TAMS 0x0000000081f00000| PB 0x0000000081e00000| Untracked 
|  31|0x0000000081f00000, 0x0000000082000000, 0x0000000082000000|100%| O|  |TAMS 0x0000000082000000| PB 0x0000000081f00000| Untracked 
|  32|0x0000000082000000, 0x0000000082100000, 0x0000000082100000|100%| O|  |TAMS 0x0000000082100000| PB 0x0000000082000000| Untracked 
|  33|0x0000000082100000, 0x0000000082200000, 0x0000000082200000|100%| O|  |TAMS 0x0000000082200000| PB 0x0000000082100000| Untracked 
|  34|0x0000000082200000, 0x0000000082300000, 0x0000000082300000|100%| O|  |TAMS 0x0000000082300000| PB 0x0000000082200000| Untracked 
|  35|0x0000000082300000, 0x0000000082400000, 0x0000000082400000|100%| O|  |TAMS 0x0000000082400000| PB 0x0000000082300000| Untracked 
|  36|0x0000000082400000, 0x0000000082500000, 0x0000000082500000|100%| O|  |TAMS 0x0000000082500000| PB 0x0000000082400000| Untracked 
|  37|0x0000000082500000, 0x0000000082600000, 0x0000000082600000|100%| O|  |TAMS 0x0000000082600000| PB 0x0000000082500000| Untracked 
|  38|0x0000000082600000, 0x0000000082700000, 0x0000000082700000|100%| O|  |TAMS 0x0000000082700000| PB 0x0000000082600000| Untracked 
|  39|0x0000000082700000, 0x0000000082800000, 0x0000000082800000|100%| O|  |TAMS 0x0000000082800000| PB 0x0000000082700000| Untracked 
|  40|0x0000000082800000, 0x0000000082900000, 0x0000000082900000|100%| O|  |TAMS 0x0000000082900000| PB 0x0000000082800000| Untracked 
|  41|0x0000000082900000, 0x0000000082a00000, 0x0000000082a00000|100%| O|  |TAMS 0x0000000082a00000| PB 0x0000000082900000| Untracked 
|  42|0x0000000082a00000, 0x0000000082b00000, 0x0000000082b00000|100%|HS|  |TAMS 0x0000000082b00000| PB 0x0000000082a00000| Complete 
|  43|0x0000000082b00000, 0x0000000082c00000, 0x0000000082c00000|100%|HS|  |TAMS 0x0000000082c00000| PB 0x0000000082b00000| Complete 
|  44|0x0000000082c00000, 0x0000000082d00000, 0x0000000082d00000|100%|HS|  |TAMS 0x0000000082d00000| PB 0x0000000082c00000| Complete 
|  45|0x0000000082d00000, 0x0000000082e00000, 0x0000000082e00000|100%| O|  |TAMS 0x0000000082e00000| PB 0x0000000082d00000| Untracked 
|  46|0x0000000082e00000, 0x0000000082f00000, 0x0000000082f00000|100%|HS|  |TAMS 0x0000000082f00000| PB 0x0000000082e00000| Complete 
|  47|0x0000000082f00000, 0x0000000083000000, 0x0000000083000000|100%| O|  |TAMS 0x0000000083000000| PB 0x0000000082f00000| Untracked 
|  48|0x0000000083000000, 0x0000000083100000, 0x0000000083100000|100%| O|  |TAMS 0x0000000083100000| PB 0x0000000083000000| Untracked 
|  49|0x0000000083100000, 0x0000000083200000, 0x0000000083200000|100%| O|  |TAMS 0x0000000083200000| PB 0x0000000083100000| Untracked 
|  50|0x0000000083200000, 0x0000000083300000, 0x0000000083300000|100%| O|  |TAMS 0x0000000083300000| PB 0x0000000083200000| Untracked 
|  51|0x0000000083300000, 0x0000000083400000, 0x0000000083400000|100%| O|  |TAMS 0x0000000083400000| PB 0x0000000083300000| Untracked 
|  52|0x0000000083400000, 0x0000000083500000, 0x0000000083500000|100%| O|  |TAMS 0x0000000083500000| PB 0x0000000083400000| Untracked 
|  53|0x0000000083500000, 0x0000000083600000, 0x0000000083600000|100%| O|  |TAMS 0x0000000083600000| PB 0x0000000083500000| Untracked 
|  54|0x0000000083600000, 0x0000000083700000, 0x0000000083700000|100%| O|  |TAMS 0x0000000083700000| PB 0x0000000083600000| Untracked 
|  55|0x0000000083700000, 0x0000000083800000, 0x0000000083800000|100%|HS|  |TAMS 0x0000000083800000| PB 0x0000000083700000| Complete 
|  56|0x0000000083800000, 0x0000000083900000, 0x0000000083900000|100%|HS|  |TAMS 0x0000000083900000| PB 0x0000000083800000| Complete 
|  57|0x0000000083900000, 0x0000000083a00000, 0x0000000083a00000|100%| O|  |TAMS 0x0000000083a00000| PB 0x0000000083900000| Untracked 
|  58|0x0000000083a00000, 0x0000000083b00000, 0x0000000083b00000|100%| O|  |TAMS 0x0000000083b00000| PB 0x0000000083a00000| Untracked 
|  59|0x0000000083b00000, 0x0000000083c00000, 0x0000000083c00000|100%| O|  |TAMS 0x0000000083c00000| PB 0x0000000083b00000| Untracked 
|  60|0x0000000083c00000, 0x0000000083d00000, 0x0000000083d00000|100%| O|  |TAMS 0x0000000083d00000| PB 0x0000000083c00000| Untracked 
|  61|0x0000000083d00000, 0x0000000083e00000, 0x0000000083e00000|100%| O|  |TAMS 0x0000000083e00000| PB 0x0000000083d00000| Untracked 
|  62|0x0000000083e00000, 0x0000000083f00000, 0x0000000083f00000|100%| O|  |TAMS 0x0000000083f00000| PB 0x0000000083e00000| Untracked 
|  63|0x0000000083f00000, 0x0000000084000000, 0x0000000084000000|100%|HS|  |TAMS 0x0000000084000000| PB 0x0000000083f00000| Complete 
|  64|0x0000000084000000, 0x0000000084100000, 0x0000000084100000|100%| O|  |TAMS 0x0000000084100000| PB 0x0000000084000000| Untracked 
|  65|0x0000000084100000, 0x0000000084200000, 0x0000000084200000|100%| O|  |TAMS 0x0000000084200000| PB 0x0000000084100000| Untracked 
|  66|0x0000000084200000, 0x0000000084300000, 0x0000000084300000|100%| O|  |TAMS 0x0000000084300000| PB 0x0000000084200000| Untracked 
|  67|0x0000000084300000, 0x0000000084400000, 0x0000000084400000|100%| O|  |TAMS 0x0000000084400000| PB 0x0000000084300000| Untracked 
|  68|0x0000000084400000, 0x0000000084500000, 0x0000000084500000|100%| O|  |TAMS 0x0000000084500000| PB 0x0000000084400000| Untracked 
|  69|0x0000000084500000, 0x0000000084600000, 0x0000000084600000|100%| O|  |TAMS 0x0000000084600000| PB 0x0000000084500000| Untracked 
|  70|0x0000000084600000, 0x0000000084700000, 0x0000000084700000|100%| O|  |TAMS 0x0000000084700000| PB 0x0000000084600000| Untracked 
|  71|0x0000000084700000, 0x0000000084800000, 0x0000000084800000|100%| O|  |TAMS 0x0000000084800000| PB 0x0000000084700000| Untracked 
|  72|0x0000000084800000, 0x0000000084900000, 0x0000000084900000|100%| O|  |TAMS 0x0000000084900000| PB 0x0000000084800000| Untracked 
|  73|0x0000000084900000, 0x0000000084a00000, 0x0000000084a00000|100%| O|  |TAMS 0x0000000084a00000| PB 0x0000000084900000| Untracked 
|  74|0x0000000084a00000, 0x0000000084b00000, 0x0000000084b00000|100%| O|  |TAMS 0x0000000084b00000| PB 0x0000000084a00000| Untracked 
|  75|0x0000000084b00000, 0x0000000084c00000, 0x0000000084c00000|100%| O|  |TAMS 0x0000000084c00000| PB 0x0000000084b00000| Untracked 
|  76|0x0000000084c00000, 0x0000000084d00000, 0x0000000084d00000|100%| O|  |TAMS 0x0000000084d00000| PB 0x0000000084c00000| Untracked 
|  77|0x0000000084d00000, 0x0000000084e00000, 0x0000000084e00000|100%| O|  |TAMS 0x0000000084e00000| PB 0x0000000084d00000| Untracked 
|  78|0x0000000084e00000, 0x0000000084f00000, 0x0000000084f00000|100%| O|  |TAMS 0x0000000084f00000| PB 0x0000000084e00000| Untracked 
|  79|0x0000000084f00000, 0x0000000085000000, 0x0000000085000000|100%| O|  |TAMS 0x0000000085000000| PB 0x0000000084f00000| Untracked 
|  80|0x0000000085000000, 0x0000000085100000, 0x0000000085100000|100%| O|  |TAMS 0x0000000085100000| PB 0x0000000085000000| Untracked 
|  81|0x0000000085100000, 0x0000000085200000, 0x0000000085200000|100%| O|  |TAMS 0x0000000085200000| PB 0x0000000085100000| Untracked 
|  82|0x0000000085200000, 0x0000000085300000, 0x0000000085300000|100%| O|  |TAMS 0x0000000085300000| PB 0x0000000085200000| Untracked 
|  83|0x0000000085300000, 0x0000000085400000, 0x0000000085400000|100%| O|  |TAMS 0x0000000085400000| PB 0x0000000085300000| Untracked 
|  84|0x0000000085400000, 0x0000000085500000, 0x0000000085500000|100%| O|  |TAMS 0x0000000085500000| PB 0x0000000085400000| Untracked 
|  85|0x0000000085500000, 0x0000000085600000, 0x0000000085600000|100%| O|  |TAMS 0x0000000085600000| PB 0x0000000085500000| Untracked 
|  86|0x0000000085600000, 0x0000000085700000, 0x0000000085700000|100%| O|  |TAMS 0x0000000085700000| PB 0x0000000085600000| Untracked 
|  87|0x0000000085700000, 0x0000000085800000, 0x0000000085800000|100%| O|  |TAMS 0x0000000085800000| PB 0x0000000085700000| Untracked 
|  88|0x0000000085800000, 0x0000000085900000, 0x0000000085900000|100%| O|  |TAMS 0x0000000085900000| PB 0x0000000085800000| Untracked 
|  89|0x0000000085900000, 0x0000000085a00000, 0x0000000085a00000|100%| O|  |TAMS 0x0000000085a00000| PB 0x0000000085900000| Untracked 
|  90|0x0000000085a00000, 0x0000000085b00000, 0x0000000085b00000|100%| O|  |TAMS 0x0000000085b00000| PB 0x0000000085a00000| Untracked 
|  91|0x0000000085b00000, 0x0000000085c00000, 0x0000000085c00000|100%| O|  |TAMS 0x0000000085c00000| PB 0x0000000085b00000| Untracked 
|  92|0x0000000085c00000, 0x0000000085d00000, 0x0000000085d00000|100%| O|  |TAMS 0x0000000085d00000| PB 0x0000000085c00000| Untracked 
|  93|0x0000000085d00000, 0x0000000085e00000, 0x0000000085e00000|100%| O|  |TAMS 0x0000000085e00000| PB 0x0000000085d00000| Untracked 
|  94|0x0000000085e00000, 0x0000000085f00000, 0x0000000085f00000|100%| O|  |TAMS 0x0000000085f00000| PB 0x0000000085e00000| Untracked 
|  95|0x0000000085f00000, 0x0000000086000000, 0x0000000086000000|100%| O|  |TAMS 0x0000000086000000| PB 0x0000000085f00000| Untracked 
|  96|0x0000000086000000, 0x0000000086100000, 0x0000000086100000|100%| O|  |TAMS 0x0000000086100000| PB 0x0000000086000000| Untracked 
|  97|0x0000000086100000, 0x0000000086200000, 0x0000000086200000|100%| O|  |TAMS 0x0000000086200000| PB 0x0000000086100000| Untracked 
|  98|0x0000000086200000, 0x0000000086300000, 0x0000000086300000|100%| O|  |TAMS 0x0000000086300000| PB 0x0000000086200000| Untracked 
|  99|0x0000000086300000, 0x0000000086400000, 0x0000000086400000|100%| O|  |TAMS 0x0000000086400000| PB 0x0000000086300000| Untracked 
| 100|0x0000000086400000, 0x0000000086500000, 0x0000000086500000|100%| O|  |TAMS 0x0000000086500000| PB 0x0000000086400000| Untracked 
| 101|0x0000000086500000, 0x0000000086600000, 0x0000000086600000|100%| O|  |TAMS 0x0000000086600000| PB 0x0000000086500000| Untracked 
| 102|0x0000000086600000, 0x0000000086700000, 0x0000000086700000|100%| O|  |TAMS 0x0000000086700000| PB 0x0000000086600000| Untracked 
| 103|0x0000000086700000, 0x0000000086800000, 0x0000000086800000|100%| O|  |TAMS 0x0000000086800000| PB 0x0000000086700000| Untracked 
| 104|0x0000000086800000, 0x0000000086900000, 0x0000000086900000|100%| O|  |TAMS 0x0000000086900000| PB 0x0000000086800000| Untracked 
| 105|0x0000000086900000, 0x0000000086a00000, 0x0000000086a00000|100%| O|  |TAMS 0x0000000086a00000| PB 0x0000000086900000| Untracked 
| 106|0x0000000086a00000, 0x0000000086b00000, 0x0000000086b00000|100%| O|  |TAMS 0x0000000086b00000| PB 0x0000000086a00000| Untracked 
| 107|0x0000000086b00000, 0x0000000086c00000, 0x0000000086c00000|100%| O|  |TAMS 0x0000000086c00000| PB 0x0000000086b00000| Untracked 
| 108|0x0000000086c00000, 0x0000000086d00000, 0x0000000086d00000|100%| O|  |TAMS 0x0000000086d00000| PB 0x0000000086c00000| Untracked 
| 109|0x0000000086d00000, 0x0000000086e00000, 0x0000000086e00000|100%| O|  |TAMS 0x0000000086e00000| PB 0x0000000086d00000| Untracked 
| 110|0x0000000086e00000, 0x0000000086f00000, 0x0000000086f00000|100%| O|  |TAMS 0x0000000086f00000| PB 0x0000000086e00000| Untracked 
| 111|0x0000000086f00000, 0x0000000087000000, 0x0000000087000000|100%| O|  |TAMS 0x0000000087000000| PB 0x0000000086f00000| Untracked 
| 112|0x0000000087000000, 0x0000000087100000, 0x0000000087100000|100%| O|  |TAMS 0x0000000087100000| PB 0x0000000087000000| Untracked 
| 113|0x0000000087100000, 0x0000000087200000, 0x0000000087200000|100%| O|  |TAMS 0x0000000087200000| PB 0x0000000087100000| Untracked 
| 114|0x0000000087200000, 0x0000000087300000, 0x0000000087300000|100%| O|  |TAMS 0x0000000087300000| PB 0x0000000087200000| Untracked 
| 115|0x0000000087300000, 0x0000000087400000, 0x0000000087400000|100%| O|  |TAMS 0x0000000087400000| PB 0x0000000087300000| Untracked 
| 116|0x0000000087400000, 0x0000000087500000, 0x0000000087500000|100%| O|  |TAMS 0x0000000087500000| PB 0x0000000087400000| Untracked 
| 117|0x0000000087500000, 0x0000000087600000, 0x0000000087600000|100%| O|  |TAMS 0x0000000087600000| PB 0x0000000087500000| Untracked 
| 118|0x0000000087600000, 0x0000000087700000, 0x0000000087700000|100%| O|  |TAMS 0x0000000087700000| PB 0x0000000087600000| Untracked 
| 119|0x0000000087700000, 0x0000000087800000, 0x0000000087800000|100%| O|  |TAMS 0x0000000087800000| PB 0x0000000087700000| Untracked 
| 120|0x0000000087800000, 0x0000000087900000, 0x0000000087900000|100%| O|  |TAMS 0x0000000087900000| PB 0x0000000087800000| Untracked 
| 121|0x0000000087900000, 0x0000000087a00000, 0x0000000087a00000|100%| O|  |TAMS 0x0000000087a00000| PB 0x0000000087900000| Untracked 
| 122|0x0000000087a00000, 0x0000000087b00000, 0x0000000087b00000|100%| O|  |TAMS 0x0000000087b00000| PB 0x0000000087a00000| Untracked 
| 123|0x0000000087b00000, 0x0000000087c00000, 0x0000000087c00000|100%| O|  |TAMS 0x0000000087c00000| PB 0x0000000087b00000| Untracked 
| 124|0x0000000087c00000, 0x0000000087d00000, 0x0000000087d00000|100%| O|  |TAMS 0x0000000087d00000| PB 0x0000000087c00000| Untracked 
| 125|0x0000000087d00000, 0x0000000087e00000, 0x0000000087e00000|100%| O|  |TAMS 0x0000000087e00000| PB 0x0000000087d00000| Untracked 
| 126|0x0000000087e00000, 0x0000000087f00000, 0x0000000087f00000|100%| O|  |TAMS 0x0000000087f00000| PB 0x0000000087e00000| Untracked 
| 127|0x0000000087f00000, 0x0000000088000000, 0x0000000088000000|100%| O|  |TAMS 0x0000000088000000| PB 0x0000000087f00000| Untracked 
| 128|0x0000000088000000, 0x0000000088100000, 0x0000000088100000|100%| O|  |TAMS 0x0000000088100000| PB 0x0000000088000000| Untracked 
| 129|0x0000000088100000, 0x0000000088200000, 0x0000000088200000|100%| O|  |TAMS 0x0000000088200000| PB 0x0000000088100000| Untracked 
| 130|0x0000000088200000, 0x0000000088300000, 0x0000000088300000|100%| O|  |TAMS 0x0000000088300000| PB 0x0000000088200000| Untracked 
| 131|0x0000000088300000, 0x0000000088400000, 0x0000000088400000|100%| O|  |TAMS 0x0000000088400000| PB 0x0000000088300000| Untracked 
| 132|0x0000000088400000, 0x0000000088500000, 0x0000000088500000|100%| O|  |TAMS 0x0000000088500000| PB 0x0000000088400000| Untracked 
| 133|0x0000000088500000, 0x0000000088500000, 0x0000000088600000|  0%| F|  |TAMS 0x0000000088500000| PB 0x0000000088500000| Untracked 
| 134|0x0000000088600000, 0x0000000088700000, 0x0000000088700000|100%| O|  |TAMS 0x0000000088700000| PB 0x0000000088600000| Untracked 
| 135|0x0000000088700000, 0x0000000088800000, 0x0000000088800000|100%| O|  |TAMS 0x0000000088800000| PB 0x0000000088700000| Untracked 
| 136|0x0000000088800000, 0x0000000088900000, 0x0000000088900000|100%| O|  |TAMS 0x0000000088900000| PB 0x0000000088800000| Untracked 
| 137|0x0000000088900000, 0x0000000088a00000, 0x0000000088a00000|100%| O|  |TAMS 0x0000000088a00000| PB 0x0000000088900000| Untracked 
| 138|0x0000000088a00000, 0x0000000088b00000, 0x0000000088b00000|100%| O|  |TAMS 0x0000000088b00000| PB 0x0000000088a00000| Untracked 
| 139|0x0000000088b00000, 0x0000000088c00000, 0x0000000088c00000|100%| O|  |TAMS 0x0000000088c00000| PB 0x0000000088b00000| Untracked 
| 140|0x0000000088c00000, 0x0000000088d00000, 0x0000000088d00000|100%| O|  |TAMS 0x0000000088d00000| PB 0x0000000088c00000| Untracked 
| 141|0x0000000088d00000, 0x0000000088e00000, 0x0000000088e00000|100%| O|  |TAMS 0x0000000088e00000| PB 0x0000000088d00000| Untracked 
| 142|0x0000000088e00000, 0x0000000088f00000, 0x0000000088f00000|100%| O|  |TAMS 0x0000000088f00000| PB 0x0000000088e00000| Untracked 
| 143|0x0000000088f00000, 0x0000000089000000, 0x0000000089000000|100%| O|  |TAMS 0x0000000089000000| PB 0x0000000088f00000| Untracked 
| 144|0x0000000089000000, 0x0000000089100000, 0x0000000089100000|100%| O|  |TAMS 0x0000000089100000| PB 0x0000000089000000| Untracked 
| 145|0x0000000089100000, 0x0000000089200000, 0x0000000089200000|100%| O|  |TAMS 0x0000000089200000| PB 0x0000000089100000| Untracked 
| 146|0x0000000089200000, 0x0000000089200000, 0x0000000089300000|  0%| F|  |TAMS 0x0000000089200000| PB 0x0000000089200000| Untracked 
| 147|0x0000000089300000, 0x0000000089400000, 0x0000000089400000|100%| O|  |TAMS 0x0000000089400000| PB 0x0000000089300000| Untracked 
| 148|0x0000000089400000, 0x0000000089500000, 0x0000000089500000|100%| O|  |TAMS 0x0000000089500000| PB 0x0000000089400000| Untracked 
| 149|0x0000000089500000, 0x0000000089600000, 0x0000000089600000|100%| O|  |TAMS 0x0000000089600000| PB 0x0000000089500000| Untracked 
| 150|0x0000000089600000, 0x0000000089700000, 0x0000000089700000|100%| O|  |TAMS 0x0000000089700000| PB 0x0000000089600000| Untracked 
| 151|0x0000000089700000, 0x0000000089800000, 0x0000000089800000|100%| O|  |TAMS 0x0000000089800000| PB 0x0000000089700000| Untracked 
| 152|0x0000000089800000, 0x0000000089900000, 0x0000000089900000|100%| O|  |TAMS 0x0000000089900000| PB 0x0000000089800000| Untracked 
| 153|0x0000000089900000, 0x0000000089a00000, 0x0000000089a00000|100%| O|  |TAMS 0x0000000089a00000| PB 0x0000000089900000| Untracked 
| 154|0x0000000089a00000, 0x0000000089b00000, 0x0000000089b00000|100%| O|  |TAMS 0x0000000089b00000| PB 0x0000000089a00000| Untracked 
| 155|0x0000000089b00000, 0x0000000089c00000, 0x0000000089c00000|100%| O|  |TAMS 0x0000000089c00000| PB 0x0000000089b00000| Untracked 
| 156|0x0000000089c00000, 0x0000000089d00000, 0x0000000089d00000|100%| O|  |TAMS 0x0000000089d00000| PB 0x0000000089c00000| Untracked 
| 157|0x0000000089d00000, 0x0000000089d00000, 0x0000000089e00000|  0%| F|  |TAMS 0x0000000089d00000| PB 0x0000000089d00000| Untracked 
| 158|0x0000000089e00000, 0x0000000089e00000, 0x0000000089f00000|  0%| F|  |TAMS 0x0000000089e00000| PB 0x0000000089e00000| Untracked 
| 159|0x0000000089f00000, 0x000000008a000000, 0x000000008a000000|100%| O|  |TAMS 0x000000008a000000| PB 0x0000000089f00000| Untracked 
| 160|0x000000008a000000, 0x000000008a100000, 0x000000008a100000|100%| O|  |TAMS 0x000000008a100000| PB 0x000000008a000000| Untracked 
| 161|0x000000008a100000, 0x000000008a200000, 0x000000008a200000|100%| O|  |TAMS 0x000000008a200000| PB 0x000000008a100000| Untracked 
| 162|0x000000008a200000, 0x000000008a300000, 0x000000008a300000|100%| O|  |TAMS 0x000000008a300000| PB 0x000000008a200000| Untracked 
| 163|0x000000008a300000, 0x000000008a400000, 0x000000008a400000|100%| O|  |TAMS 0x000000008a400000| PB 0x000000008a300000| Untracked 
| 164|0x000000008a400000, 0x000000008a500000, 0x000000008a500000|100%| O|  |TAMS 0x000000008a500000| PB 0x000000008a400000| Untracked 
| 165|0x000000008a500000, 0x000000008a600000, 0x000000008a600000|100%| O|  |TAMS 0x000000008a600000| PB 0x000000008a500000| Untracked 
| 166|0x000000008a600000, 0x000000008a700000, 0x000000008a700000|100%| O|  |TAMS 0x000000008a700000| PB 0x000000008a600000| Untracked 
| 167|0x000000008a700000, 0x000000008a800000, 0x000000008a800000|100%| O|  |TAMS 0x000000008a800000| PB 0x000000008a700000| Untracked 
| 168|0x000000008a800000, 0x000000008a900000, 0x000000008a900000|100%| O|  |TAMS 0x000000008a900000| PB 0x000000008a800000| Untracked 
| 169|0x000000008a900000, 0x000000008aa00000, 0x000000008aa00000|100%| O|  |TAMS 0x000000008aa00000| PB 0x000000008a900000| Untracked 
| 170|0x000000008aa00000, 0x000000008ab00000, 0x000000008ab00000|100%| O|  |TAMS 0x000000008ab00000| PB 0x000000008aa00000| Untracked 
| 171|0x000000008ab00000, 0x000000008ac00000, 0x000000008ac00000|100%| O|  |TAMS 0x000000008ac00000| PB 0x000000008ab00000| Untracked 
| 172|0x000000008ac00000, 0x000000008ad00000, 0x000000008ad00000|100%| O|  |TAMS 0x000000008ad00000| PB 0x000000008ac00000| Untracked 
| 173|0x000000008ad00000, 0x000000008ae00000, 0x000000008ae00000|100%| O|  |TAMS 0x000000008ae00000| PB 0x000000008ad00000| Untracked 
| 174|0x000000008ae00000, 0x000000008af00000, 0x000000008af00000|100%| O|  |TAMS 0x000000008af00000| PB 0x000000008ae00000| Untracked 
| 175|0x000000008af00000, 0x000000008b000000, 0x000000008b000000|100%| O|  |TAMS 0x000000008b000000| PB 0x000000008af00000| Untracked 
| 176|0x000000008b000000, 0x000000008b100000, 0x000000008b100000|100%| O|  |TAMS 0x000000008b100000| PB 0x000000008b000000| Untracked 
| 177|0x000000008b100000, 0x000000008b200000, 0x000000008b200000|100%| O|  |TAMS 0x000000008b200000| PB 0x000000008b100000| Untracked 
| 178|0x000000008b200000, 0x000000008b300000, 0x000000008b300000|100%| O|  |TAMS 0x000000008b300000| PB 0x000000008b200000| Untracked 
| 179|0x000000008b300000, 0x000000008b400000, 0x000000008b400000|100%| O|  |TAMS 0x000000008b400000| PB 0x000000008b300000| Untracked 
| 180|0x000000008b400000, 0x000000008b500000, 0x000000008b500000|100%| O|  |TAMS 0x000000008b500000| PB 0x000000008b400000| Untracked 
| 181|0x000000008b500000, 0x000000008b500000, 0x000000008b600000|  0%| F|  |TAMS 0x000000008b500000| PB 0x000000008b500000| Untracked 
| 182|0x000000008b600000, 0x000000008b600000, 0x000000008b700000|  0%| F|  |TAMS 0x000000008b600000| PB 0x000000008b600000| Untracked 
| 183|0x000000008b700000, 0x000000008b800000, 0x000000008b800000|100%| O|  |TAMS 0x000000008b800000| PB 0x000000008b700000| Untracked 
| 184|0x000000008b800000, 0x000000008b900000, 0x000000008b900000|100%| O|  |TAMS 0x000000008b900000| PB 0x000000008b800000| Untracked 
| 185|0x000000008b900000, 0x000000008ba00000, 0x000000008ba00000|100%| O|  |TAMS 0x000000008ba00000| PB 0x000000008b900000| Untracked 
| 186|0x000000008ba00000, 0x000000008bb00000, 0x000000008bb00000|100%| O|  |TAMS 0x000000008bb00000| PB 0x000000008ba00000| Untracked 
| 187|0x000000008bb00000, 0x000000008bb5ae40, 0x000000008bc00000| 35%| O|  |TAMS 0x000000008bb5ae40| PB 0x000000008bb00000| Untracked 
| 188|0x000000008bc00000, 0x000000008bc00000, 0x000000008bd00000|  0%| F|  |TAMS 0x000000008bc00000| PB 0x000000008bc00000| Untracked 
| 189|0x000000008bd00000, 0x000000008bd00000, 0x000000008be00000|  0%| F|  |TAMS 0x000000008bd00000| PB 0x000000008bd00000| Untracked 
| 190|0x000000008be00000, 0x000000008be00000, 0x000000008bf00000|  0%| F|  |TAMS 0x000000008be00000| PB 0x000000008be00000| Untracked 
| 191|0x000000008bf00000, 0x000000008bf00000, 0x000000008c000000|  0%| F|  |TAMS 0x000000008bf00000| PB 0x000000008bf00000| Untracked 
| 192|0x000000008c000000, 0x000000008c000000, 0x000000008c100000|  0%| F|  |TAMS 0x000000008c000000| PB 0x000000008c000000| Untracked 
| 193|0x000000008c100000, 0x000000008c100000, 0x000000008c200000|  0%| F|  |TAMS 0x000000008c100000| PB 0x000000008c100000| Untracked 
| 194|0x000000008c200000, 0x000000008c200000, 0x000000008c300000|  0%| F|  |TAMS 0x000000008c200000| PB 0x000000008c200000| Untracked 
| 195|0x000000008c300000, 0x000000008c300000, 0x000000008c400000|  0%| F|  |TAMS 0x000000008c300000| PB 0x000000008c300000| Untracked 
| 196|0x000000008c400000, 0x000000008c400000, 0x000000008c500000|  0%| F|  |TAMS 0x000000008c400000| PB 0x000000008c400000| Untracked 
| 197|0x000000008c500000, 0x000000008c500000, 0x000000008c600000|  0%| F|  |TAMS 0x000000008c500000| PB 0x000000008c500000| Untracked 
| 198|0x000000008c600000, 0x000000008c600000, 0x000000008c700000|  0%| F|  |TAMS 0x000000008c600000| PB 0x000000008c600000| Untracked 
| 199|0x000000008c700000, 0x000000008c700000, 0x000000008c800000|  0%| F|  |TAMS 0x000000008c700000| PB 0x000000008c700000| Untracked 
| 200|0x000000008c800000, 0x000000008c800000, 0x000000008c900000|  0%| F|  |TAMS 0x000000008c800000| PB 0x000000008c800000| Untracked 
| 201|0x000000008c900000, 0x000000008c900000, 0x000000008ca00000|  0%| F|  |TAMS 0x000000008c900000| PB 0x000000008c900000| Untracked 
| 202|0x000000008ca00000, 0x000000008ca00000, 0x000000008cb00000|  0%| F|  |TAMS 0x000000008ca00000| PB 0x000000008ca00000| Untracked 
| 203|0x000000008cb00000, 0x000000008cb00000, 0x000000008cc00000|  0%| F|  |TAMS 0x000000008cb00000| PB 0x000000008cb00000| Untracked 
| 204|0x000000008cc00000, 0x000000008cc00000, 0x000000008cd00000|  0%| F|  |TAMS 0x000000008cc00000| PB 0x000000008cc00000| Untracked 
| 205|0x000000008cd00000, 0x000000008cd4ee48, 0x000000008ce00000| 30%| S|CS|TAMS 0x000000008cd00000| PB 0x000000008cd00000| Complete 
| 206|0x000000008ce00000, 0x000000008cf00000, 0x000000008cf00000|100%| S|CS|TAMS 0x000000008ce00000| PB 0x000000008ce00000| Complete 
| 207|0x000000008cf00000, 0x000000008d000000, 0x000000008d000000|100%| S|CS|TAMS 0x000000008cf00000| PB 0x000000008cf00000| Complete 
| 208|0x000000008d000000, 0x000000008d100000, 0x000000008d100000|100%| S|CS|TAMS 0x000000008d000000| PB 0x000000008d000000| Complete 
| 209|0x000000008d100000, 0x000000008d200000, 0x000000008d200000|100%| S|CS|TAMS 0x000000008d100000| PB 0x000000008d100000| Complete 
| 210|0x000000008d200000, 0x000000008d300000, 0x000000008d300000|100%| S|CS|TAMS 0x000000008d200000| PB 0x000000008d200000| Complete 
| 211|0x000000008d300000, 0x000000008d300000, 0x000000008d400000|  0%| F|  |TAMS 0x000000008d300000| PB 0x000000008d300000| Untracked 
| 212|0x000000008d400000, 0x000000008d400000, 0x000000008d500000|  0%| F|  |TAMS 0x000000008d400000| PB 0x000000008d400000| Untracked 
| 213|0x000000008d500000, 0x000000008d500000, 0x000000008d600000|  0%| F|  |TAMS 0x000000008d500000| PB 0x000000008d500000| Untracked 
| 214|0x000000008d600000, 0x000000008d600000, 0x000000008d700000|  0%| F|  |TAMS 0x000000008d600000| PB 0x000000008d600000| Untracked 
| 215|0x000000008d700000, 0x000000008d700000, 0x000000008d800000|  0%| F|  |TAMS 0x000000008d700000| PB 0x000000008d700000| Untracked 
| 216|0x000000008d800000, 0x000000008d800000, 0x000000008d900000|  0%| F|  |TAMS 0x000000008d800000| PB 0x000000008d800000| Untracked 
| 217|0x000000008d900000, 0x000000008d900000, 0x000000008da00000|  0%| F|  |TAMS 0x000000008d900000| PB 0x000000008d900000| Untracked 
| 218|0x000000008da00000, 0x000000008da00000, 0x000000008db00000|  0%| F|  |TAMS 0x000000008da00000| PB 0x000000008da00000| Untracked 
| 219|0x000000008db00000, 0x000000008db00000, 0x000000008dc00000|  0%| F|  |TAMS 0x000000008db00000| PB 0x000000008db00000| Untracked 
| 220|0x000000008dc00000, 0x000000008dc00000, 0x000000008dd00000|  0%| F|  |TAMS 0x000000008dc00000| PB 0x000000008dc00000| Untracked 
| 221|0x000000008dd00000, 0x000000008dd00000, 0x000000008de00000|  0%| F|  |TAMS 0x000000008dd00000| PB 0x000000008dd00000| Untracked 
| 222|0x000000008de00000, 0x000000008de00000, 0x000000008df00000|  0%| F|  |TAMS 0x000000008de00000| PB 0x000000008de00000| Untracked 
| 223|0x000000008df00000, 0x000000008df00000, 0x000000008e000000|  0%| F|  |TAMS 0x000000008df00000| PB 0x000000008df00000| Untracked 
| 224|0x000000008e000000, 0x000000008e000000, 0x000000008e100000|  0%| F|  |TAMS 0x000000008e000000| PB 0x000000008e000000| Untracked 
| 225|0x000000008e100000, 0x000000008e100000, 0x000000008e200000|  0%| F|  |TAMS 0x000000008e100000| PB 0x000000008e100000| Untracked 
| 226|0x000000008e200000, 0x000000008e200000, 0x000000008e300000|  0%| F|  |TAMS 0x000000008e200000| PB 0x000000008e200000| Untracked 
| 227|0x000000008e300000, 0x000000008e300000, 0x000000008e400000|  0%| F|  |TAMS 0x000000008e300000| PB 0x000000008e300000| Untracked 
| 228|0x000000008e400000, 0x000000008e500000, 0x000000008e500000|100%| S|CS|TAMS 0x000000008e400000| PB 0x000000008e400000| Complete 
| 229|0x000000008e500000, 0x000000008e600000, 0x000000008e600000|100%| S|CS|TAMS 0x000000008e500000| PB 0x000000008e500000| Complete 
| 230|0x000000008e600000, 0x000000008e700000, 0x000000008e700000|100%| S|CS|TAMS 0x000000008e600000| PB 0x000000008e600000| Complete 
| 231|0x000000008e700000, 0x000000008e800000, 0x000000008e800000|100%| S|CS|TAMS 0x000000008e700000| PB 0x000000008e700000| Complete 
| 232|0x000000008e800000, 0x000000008e900000, 0x000000008e900000|100%| S|CS|TAMS 0x000000008e800000| PB 0x000000008e800000| Complete 
| 233|0x000000008e900000, 0x000000008ea00000, 0x000000008ea00000|100%| S|CS|TAMS 0x000000008e900000| PB 0x000000008e900000| Complete 
| 234|0x000000008ea00000, 0x000000008eb00000, 0x000000008eb00000|100%| S|CS|TAMS 0x000000008ea00000| PB 0x000000008ea00000| Complete 
| 235|0x000000008eb00000, 0x000000008ec00000, 0x000000008ec00000|100%| S|CS|TAMS 0x000000008eb00000| PB 0x000000008eb00000| Complete 
| 236|0x000000008ec00000, 0x000000008ed00000, 0x000000008ed00000|100%| S|CS|TAMS 0x000000008ec00000| PB 0x000000008ec00000| Complete 
| 237|0x000000008ed00000, 0x000000008ee00000, 0x000000008ee00000|100%| S|CS|TAMS 0x000000008ed00000| PB 0x000000008ed00000| Complete 
| 238|0x000000008ee00000, 0x000000008ef00000, 0x000000008ef00000|100%| S|CS|TAMS 0x000000008ee00000| PB 0x000000008ee00000| Complete 
| 239|0x000000008ef00000, 0x000000008f000000, 0x000000008f000000|100%| S|CS|TAMS 0x000000008ef00000| PB 0x000000008ef00000| Complete 
| 240|0x000000008f000000, 0x000000008f100000, 0x000000008f100000|100%| S|CS|TAMS 0x000000008f000000| PB 0x000000008f000000| Complete 
| 241|0x000000008f100000, 0x000000008f100000, 0x000000008f200000|  0%| F|  |TAMS 0x000000008f100000| PB 0x000000008f100000| Untracked 
| 242|0x000000008f200000, 0x000000008f200000, 0x000000008f300000|  0%| F|  |TAMS 0x000000008f200000| PB 0x000000008f200000| Untracked 
| 243|0x000000008f300000, 0x000000008f300000, 0x000000008f400000|  0%| F|  |TAMS 0x000000008f300000| PB 0x000000008f300000| Untracked 
| 244|0x000000008f400000, 0x000000008f400000, 0x000000008f500000|  0%| F|  |TAMS 0x000000008f400000| PB 0x000000008f400000| Untracked 
| 245|0x000000008f500000, 0x000000008f500000, 0x000000008f600000|  0%| F|  |TAMS 0x000000008f500000| PB 0x000000008f500000| Untracked 
| 246|0x000000008f600000, 0x000000008f600000, 0x000000008f700000|  0%| F|  |TAMS 0x000000008f600000| PB 0x000000008f600000| Untracked 
| 247|0x000000008f700000, 0x000000008f700000, 0x000000008f800000|  0%| F|  |TAMS 0x000000008f700000| PB 0x000000008f700000| Untracked 
| 248|0x000000008f800000, 0x000000008f800000, 0x000000008f900000|  0%| F|  |TAMS 0x000000008f800000| PB 0x000000008f800000| Untracked 
| 249|0x000000008f900000, 0x000000008f900000, 0x000000008fa00000|  0%| F|  |TAMS 0x000000008f900000| PB 0x000000008f900000| Untracked 
| 250|0x000000008fa00000, 0x000000008fa00000, 0x000000008fb00000|  0%| F|  |TAMS 0x000000008fa00000| PB 0x000000008fa00000| Untracked 
| 251|0x000000008fb00000, 0x000000008fb00000, 0x000000008fc00000|  0%| F|  |TAMS 0x000000008fb00000| PB 0x000000008fb00000| Untracked 
| 252|0x000000008fc00000, 0x000000008fc00000, 0x000000008fd00000|  0%| F|  |TAMS 0x000000008fc00000| PB 0x000000008fc00000| Untracked 
| 253|0x000000008fd00000, 0x000000008fd00000, 0x000000008fe00000|  0%| F|  |TAMS 0x000000008fd00000| PB 0x000000008fd00000| Untracked 
| 254|0x000000008fe00000, 0x000000008fe00000, 0x000000008ff00000|  0%| F|  |TAMS 0x000000008fe00000| PB 0x000000008fe00000| Untracked 
| 255|0x000000008ff00000, 0x000000008ff00000, 0x0000000090000000|  0%| F|  |TAMS 0x000000008ff00000| PB 0x000000008ff00000| Untracked 
| 256|0x0000000090000000, 0x0000000090000000, 0x0000000090100000|  0%| F|  |TAMS 0x0000000090000000| PB 0x0000000090000000| Untracked 
| 257|0x0000000090100000, 0x0000000090100000, 0x0000000090200000|  0%| F|  |TAMS 0x0000000090100000| PB 0x0000000090100000| Untracked 
| 258|0x0000000090200000, 0x0000000090200000, 0x0000000090300000|  0%| F|  |TAMS 0x0000000090200000| PB 0x0000000090200000| Untracked 
| 259|0x0000000090300000, 0x0000000090300000, 0x0000000090400000|  0%| F|  |TAMS 0x0000000090300000| PB 0x0000000090300000| Untracked 
| 260|0x0000000090400000, 0x0000000090400000, 0x0000000090500000|  0%| F|  |TAMS 0x0000000090400000| PB 0x0000000090400000| Untracked 
| 261|0x0000000090500000, 0x0000000090500000, 0x0000000090600000|  0%| F|  |TAMS 0x0000000090500000| PB 0x0000000090500000| Untracked 
| 262|0x0000000090600000, 0x0000000090600000, 0x0000000090700000|  0%| F|  |TAMS 0x0000000090600000| PB 0x0000000090600000| Untracked 
| 263|0x0000000090700000, 0x0000000090700000, 0x0000000090800000|  0%| F|  |TAMS 0x0000000090700000| PB 0x0000000090700000| Untracked 
| 264|0x0000000090800000, 0x0000000090800000, 0x0000000090900000|  0%| F|  |TAMS 0x0000000090800000| PB 0x0000000090800000| Untracked 
| 265|0x0000000090900000, 0x0000000090900000, 0x0000000090a00000|  0%| F|  |TAMS 0x0000000090900000| PB 0x0000000090900000| Untracked 
| 266|0x0000000090a00000, 0x0000000090a00000, 0x0000000090b00000|  0%| F|  |TAMS 0x0000000090a00000| PB 0x0000000090a00000| Untracked 
| 267|0x0000000090b00000, 0x0000000090b00000, 0x0000000090c00000|  0%| F|  |TAMS 0x0000000090b00000| PB 0x0000000090b00000| Untracked 
| 268|0x0000000090c00000, 0x0000000090c00000, 0x0000000090d00000|  0%| F|  |TAMS 0x0000000090c00000| PB 0x0000000090c00000| Untracked 
| 269|0x0000000090d00000, 0x0000000090d00000, 0x0000000090e00000|  0%| F|  |TAMS 0x0000000090d00000| PB 0x0000000090d00000| Untracked 
| 270|0x0000000090e00000, 0x0000000090e00000, 0x0000000090f00000|  0%| F|  |TAMS 0x0000000090e00000| PB 0x0000000090e00000| Untracked 
| 271|0x0000000090f00000, 0x0000000090f00000, 0x0000000091000000|  0%| F|  |TAMS 0x0000000090f00000| PB 0x0000000090f00000| Untracked 
| 272|0x0000000091000000, 0x0000000091000000, 0x0000000091100000|  0%| F|  |TAMS 0x0000000091000000| PB 0x0000000091000000| Untracked 
| 273|0x0000000091100000, 0x0000000091100000, 0x0000000091200000|  0%| F|  |TAMS 0x0000000091100000| PB 0x0000000091100000| Untracked 
| 274|0x0000000091200000, 0x0000000091200000, 0x0000000091300000|  0%| F|  |TAMS 0x0000000091200000| PB 0x0000000091200000| Untracked 
| 275|0x0000000091300000, 0x0000000091300000, 0x0000000091400000|  0%| F|  |TAMS 0x0000000091300000| PB 0x0000000091300000| Untracked 
| 276|0x0000000091400000, 0x0000000091400000, 0x0000000091500000|  0%| F|  |TAMS 0x0000000091400000| PB 0x0000000091400000| Untracked 
| 277|0x0000000091500000, 0x0000000091500000, 0x0000000091600000|  0%| F|  |TAMS 0x0000000091500000| PB 0x0000000091500000| Untracked 
| 278|0x0000000091600000, 0x0000000091600000, 0x0000000091700000|  0%| F|  |TAMS 0x0000000091600000| PB 0x0000000091600000| Untracked 
| 279|0x0000000091700000, 0x0000000091700000, 0x0000000091800000|  0%| F|  |TAMS 0x0000000091700000| PB 0x0000000091700000| Untracked 
| 280|0x0000000091800000, 0x0000000091800000, 0x0000000091900000|  0%| F|  |TAMS 0x0000000091800000| PB 0x0000000091800000| Untracked 
| 281|0x0000000091900000, 0x0000000091900000, 0x0000000091a00000|  0%| F|  |TAMS 0x0000000091900000| PB 0x0000000091900000| Untracked 
| 282|0x0000000091a00000, 0x0000000091a00000, 0x0000000091b00000|  0%| F|  |TAMS 0x0000000091a00000| PB 0x0000000091a00000| Untracked 
| 283|0x0000000091b00000, 0x0000000091b00000, 0x0000000091c00000|  0%| F|  |TAMS 0x0000000091b00000| PB 0x0000000091b00000| Untracked 
| 284|0x0000000091c00000, 0x0000000091c00000, 0x0000000091d00000|  0%| F|  |TAMS 0x0000000091c00000| PB 0x0000000091c00000| Untracked 
| 285|0x0000000091d00000, 0x0000000091d00000, 0x0000000091e00000|  0%| F|  |TAMS 0x0000000091d00000| PB 0x0000000091d00000| Untracked 
| 286|0x0000000091e00000, 0x0000000091e00000, 0x0000000091f00000|  0%| F|  |TAMS 0x0000000091e00000| PB 0x0000000091e00000| Untracked 
| 287|0x0000000091f00000, 0x0000000091f00000, 0x0000000092000000|  0%| F|  |TAMS 0x0000000091f00000| PB 0x0000000091f00000| Untracked 
| 288|0x0000000092000000, 0x0000000092000000, 0x0000000092100000|  0%| F|  |TAMS 0x0000000092000000| PB 0x0000000092000000| Untracked 
| 289|0x0000000092100000, 0x0000000092100000, 0x0000000092200000|  0%| F|  |TAMS 0x0000000092100000| PB 0x0000000092100000| Untracked 
| 290|0x0000000092200000, 0x0000000092200000, 0x0000000092300000|  0%| F|  |TAMS 0x0000000092200000| PB 0x0000000092200000| Untracked 
| 291|0x0000000092300000, 0x0000000092300000, 0x0000000092400000|  0%| F|  |TAMS 0x0000000092300000| PB 0x0000000092300000| Untracked 
| 292|0x0000000092400000, 0x0000000092400000, 0x0000000092500000|  0%| F|  |TAMS 0x0000000092400000| PB 0x0000000092400000| Untracked 
| 293|0x0000000092500000, 0x0000000092500000, 0x0000000092600000|  0%| F|  |TAMS 0x0000000092500000| PB 0x0000000092500000| Untracked 
| 294|0x0000000092600000, 0x0000000092600000, 0x0000000092700000|  0%| F|  |TAMS 0x0000000092600000| PB 0x0000000092600000| Untracked 
| 295|0x0000000092700000, 0x0000000092700000, 0x0000000092800000|  0%| F|  |TAMS 0x0000000092700000| PB 0x0000000092700000| Untracked 
| 296|0x0000000092800000, 0x0000000092800000, 0x0000000092900000|  0%| F|  |TAMS 0x0000000092800000| PB 0x0000000092800000| Untracked 
| 297|0x0000000092900000, 0x0000000092900000, 0x0000000092a00000|  0%| F|  |TAMS 0x0000000092900000| PB 0x0000000092900000| Untracked 
| 298|0x0000000092a00000, 0x0000000092a00000, 0x0000000092b00000|  0%| F|  |TAMS 0x0000000092a00000| PB 0x0000000092a00000| Untracked 
| 299|0x0000000092b00000, 0x0000000092b00000, 0x0000000092c00000|  0%| F|  |TAMS 0x0000000092b00000| PB 0x0000000092b00000| Untracked 
| 300|0x0000000092c00000, 0x0000000092c00000, 0x0000000092d00000|  0%| F|  |TAMS 0x0000000092c00000| PB 0x0000000092c00000| Untracked 
| 301|0x0000000092d00000, 0x0000000092d00000, 0x0000000092e00000|  0%| F|  |TAMS 0x0000000092d00000| PB 0x0000000092d00000| Untracked 
| 302|0x0000000092e00000, 0x0000000092e00000, 0x0000000092f00000|  0%| F|  |TAMS 0x0000000092e00000| PB 0x0000000092e00000| Untracked 
| 303|0x0000000092f00000, 0x0000000092f00000, 0x0000000093000000|  0%| F|  |TAMS 0x0000000092f00000| PB 0x0000000092f00000| Untracked 
| 304|0x0000000093000000, 0x0000000093000000, 0x0000000093100000|  0%| F|  |TAMS 0x0000000093000000| PB 0x0000000093000000| Untracked 
| 305|0x0000000093100000, 0x0000000093100000, 0x0000000093200000|  0%| F|  |TAMS 0x0000000093100000| PB 0x0000000093100000| Untracked 
| 306|0x0000000093200000, 0x0000000093200000, 0x0000000093300000|  0%| F|  |TAMS 0x0000000093200000| PB 0x0000000093200000| Untracked 
| 307|0x0000000093300000, 0x0000000093300000, 0x0000000093400000|  0%| F|  |TAMS 0x0000000093300000| PB 0x0000000093300000| Untracked 
| 308|0x0000000093400000, 0x0000000093400000, 0x0000000093500000|  0%| F|  |TAMS 0x0000000093400000| PB 0x0000000093400000| Untracked 
| 309|0x0000000093500000, 0x0000000093500000, 0x0000000093600000|  0%| F|  |TAMS 0x0000000093500000| PB 0x0000000093500000| Untracked 
| 310|0x0000000093600000, 0x0000000093600000, 0x0000000093700000|  0%| F|  |TAMS 0x0000000093600000| PB 0x0000000093600000| Untracked 
| 311|0x0000000093700000, 0x0000000093700000, 0x0000000093800000|  0%| F|  |TAMS 0x0000000093700000| PB 0x0000000093700000| Untracked 
| 312|0x0000000093800000, 0x0000000093800000, 0x0000000093900000|  0%| F|  |TAMS 0x0000000093800000| PB 0x0000000093800000| Untracked 
| 313|0x0000000093900000, 0x0000000093900000, 0x0000000093a00000|  0%| F|  |TAMS 0x0000000093900000| PB 0x0000000093900000| Untracked 
| 314|0x0000000093a00000, 0x0000000093a00000, 0x0000000093b00000|  0%| F|  |TAMS 0x0000000093a00000| PB 0x0000000093a00000| Untracked 
| 315|0x0000000093b00000, 0x0000000093b00000, 0x0000000093c00000|  0%| F|  |TAMS 0x0000000093b00000| PB 0x0000000093b00000| Untracked 
| 316|0x0000000093c00000, 0x0000000093c00000, 0x0000000093d00000|  0%| F|  |TAMS 0x0000000093c00000| PB 0x0000000093c00000| Untracked 
| 317|0x0000000093d00000, 0x0000000093d00000, 0x0000000093e00000|  0%| F|  |TAMS 0x0000000093d00000| PB 0x0000000093d00000| Untracked 
| 318|0x0000000093e00000, 0x0000000093e00000, 0x0000000093f00000|  0%| F|  |TAMS 0x0000000093e00000| PB 0x0000000093e00000| Untracked 
| 319|0x0000000093f00000, 0x0000000093f00000, 0x0000000094000000|  0%| F|  |TAMS 0x0000000093f00000| PB 0x0000000093f00000| Untracked 
| 320|0x0000000094000000, 0x0000000094000000, 0x0000000094100000|  0%| F|  |TAMS 0x0000000094000000| PB 0x0000000094000000| Untracked 
| 321|0x0000000094100000, 0x0000000094100000, 0x0000000094200000|  0%| F|  |TAMS 0x0000000094100000| PB 0x0000000094100000| Untracked 
| 322|0x0000000094200000, 0x0000000094200000, 0x0000000094300000|  0%| F|  |TAMS 0x0000000094200000| PB 0x0000000094200000| Untracked 
| 323|0x0000000094300000, 0x0000000094300000, 0x0000000094400000|  0%| F|  |TAMS 0x0000000094300000| PB 0x0000000094300000| Untracked 
| 324|0x0000000094400000, 0x0000000094400000, 0x0000000094500000|  0%| F|  |TAMS 0x0000000094400000| PB 0x0000000094400000| Untracked 
| 325|0x0000000094500000, 0x0000000094500000, 0x0000000094600000|  0%| F|  |TAMS 0x0000000094500000| PB 0x0000000094500000| Untracked 
| 326|0x0000000094600000, 0x0000000094600000, 0x0000000094700000|  0%| F|  |TAMS 0x0000000094600000| PB 0x0000000094600000| Untracked 
| 327|0x0000000094700000, 0x0000000094700000, 0x0000000094800000|  0%| F|  |TAMS 0x0000000094700000| PB 0x0000000094700000| Untracked 
| 328|0x0000000094800000, 0x0000000094800000, 0x0000000094900000|  0%| F|  |TAMS 0x0000000094800000| PB 0x0000000094800000| Untracked 
| 329|0x0000000094900000, 0x0000000094900000, 0x0000000094a00000|  0%| F|  |TAMS 0x0000000094900000| PB 0x0000000094900000| Untracked 
| 330|0x0000000094a00000, 0x0000000094a00000, 0x0000000094b00000|  0%| F|  |TAMS 0x0000000094a00000| PB 0x0000000094a00000| Untracked 
| 331|0x0000000094b00000, 0x0000000094b00000, 0x0000000094c00000|  0%| F|  |TAMS 0x0000000094b00000| PB 0x0000000094b00000| Untracked 
| 332|0x0000000094c00000, 0x0000000094c00000, 0x0000000094d00000|  0%| F|  |TAMS 0x0000000094c00000| PB 0x0000000094c00000| Untracked 
| 333|0x0000000094d00000, 0x0000000094d00000, 0x0000000094e00000|  0%| F|  |TAMS 0x0000000094d00000| PB 0x0000000094d00000| Untracked 
| 334|0x0000000094e00000, 0x0000000094e00000, 0x0000000094f00000|  0%| F|  |TAMS 0x0000000094e00000| PB 0x0000000094e00000| Untracked 
| 335|0x0000000094f00000, 0x0000000094f00000, 0x0000000095000000|  0%| F|  |TAMS 0x0000000094f00000| PB 0x0000000094f00000| Untracked 
| 336|0x0000000095000000, 0x0000000095000000, 0x0000000095100000|  0%| F|  |TAMS 0x0000000095000000| PB 0x0000000095000000| Untracked 
| 337|0x0000000095100000, 0x0000000095100000, 0x0000000095200000|  0%| F|  |TAMS 0x0000000095100000| PB 0x0000000095100000| Untracked 
| 338|0x0000000095200000, 0x0000000095200000, 0x0000000095300000|  0%| F|  |TAMS 0x0000000095200000| PB 0x0000000095200000| Untracked 
| 339|0x0000000095300000, 0x0000000095300000, 0x0000000095400000|  0%| F|  |TAMS 0x0000000095300000| PB 0x0000000095300000| Untracked 
| 340|0x0000000095400000, 0x0000000095400000, 0x0000000095500000|  0%| F|  |TAMS 0x0000000095400000| PB 0x0000000095400000| Untracked 
| 341|0x0000000095500000, 0x0000000095500000, 0x0000000095600000|  0%| F|  |TAMS 0x0000000095500000| PB 0x0000000095500000| Untracked 
| 342|0x0000000095600000, 0x0000000095600000, 0x0000000095700000|  0%| F|  |TAMS 0x0000000095600000| PB 0x0000000095600000| Untracked 
| 343|0x0000000095700000, 0x0000000095700000, 0x0000000095800000|  0%| F|  |TAMS 0x0000000095700000| PB 0x0000000095700000| Untracked 
| 344|0x0000000095800000, 0x0000000095800000, 0x0000000095900000|  0%| F|  |TAMS 0x0000000095800000| PB 0x0000000095800000| Untracked 
| 345|0x0000000095900000, 0x0000000095900000, 0x0000000095a00000|  0%| F|  |TAMS 0x0000000095900000| PB 0x0000000095900000| Untracked 
| 346|0x0000000095a00000, 0x0000000095a00000, 0x0000000095b00000|  0%| F|  |TAMS 0x0000000095a00000| PB 0x0000000095a00000| Untracked 
| 347|0x0000000095b00000, 0x0000000095b00000, 0x0000000095c00000|  0%| F|  |TAMS 0x0000000095b00000| PB 0x0000000095b00000| Untracked 
| 348|0x0000000095c00000, 0x0000000095c00000, 0x0000000095d00000|  0%| F|  |TAMS 0x0000000095c00000| PB 0x0000000095c00000| Untracked 
| 349|0x0000000095d00000, 0x0000000095d00000, 0x0000000095e00000|  0%| F|  |TAMS 0x0000000095d00000| PB 0x0000000095d00000| Untracked 
| 350|0x0000000095e00000, 0x0000000095e00000, 0x0000000095f00000|  0%| F|  |TAMS 0x0000000095e00000| PB 0x0000000095e00000| Untracked 
| 351|0x0000000095f00000, 0x0000000095f00000, 0x0000000096000000|  0%| F|  |TAMS 0x0000000095f00000| PB 0x0000000095f00000| Untracked 
| 352|0x0000000096000000, 0x0000000096000000, 0x0000000096100000|  0%| F|  |TAMS 0x0000000096000000| PB 0x0000000096000000| Untracked 
| 353|0x0000000096100000, 0x0000000096100000, 0x0000000096200000|  0%| F|  |TAMS 0x0000000096100000| PB 0x0000000096100000| Untracked 
| 354|0x0000000096200000, 0x0000000096200000, 0x0000000096300000|  0%| F|  |TAMS 0x0000000096200000| PB 0x0000000096200000| Untracked 
| 355|0x0000000096300000, 0x0000000096300000, 0x0000000096400000|  0%| F|  |TAMS 0x0000000096300000| PB 0x0000000096300000| Untracked 
| 356|0x0000000096400000, 0x0000000096400000, 0x0000000096500000|  0%| F|  |TAMS 0x0000000096400000| PB 0x0000000096400000| Untracked 
| 357|0x0000000096500000, 0x0000000096500000, 0x0000000096600000|  0%| F|  |TAMS 0x0000000096500000| PB 0x0000000096500000| Untracked 
| 358|0x0000000096600000, 0x0000000096600000, 0x0000000096700000|  0%| F|  |TAMS 0x0000000096600000| PB 0x0000000096600000| Untracked 
| 359|0x0000000096700000, 0x0000000096700000, 0x0000000096800000|  0%| F|  |TAMS 0x0000000096700000| PB 0x0000000096700000| Untracked 
| 360|0x0000000096800000, 0x0000000096800000, 0x0000000096900000|  0%| F|  |TAMS 0x0000000096800000| PB 0x0000000096800000| Untracked 
| 361|0x0000000096900000, 0x0000000096900000, 0x0000000096a00000|  0%| F|  |TAMS 0x0000000096900000| PB 0x0000000096900000| Untracked 
| 362|0x0000000096a00000, 0x0000000096a00000, 0x0000000096b00000|  0%| F|  |TAMS 0x0000000096a00000| PB 0x0000000096a00000| Untracked 
| 363|0x0000000096b00000, 0x0000000096b00000, 0x0000000096c00000|  0%| F|  |TAMS 0x0000000096b00000| PB 0x0000000096b00000| Untracked 
| 364|0x0000000096c00000, 0x0000000096c00000, 0x0000000096d00000|  0%| F|  |TAMS 0x0000000096c00000| PB 0x0000000096c00000| Untracked 
| 365|0x0000000096d00000, 0x0000000096d00000, 0x0000000096e00000|  0%| F|  |TAMS 0x0000000096d00000| PB 0x0000000096d00000| Untracked 
| 366|0x0000000096e00000, 0x0000000096e00000, 0x0000000096f00000|  0%| F|  |TAMS 0x0000000096e00000| PB 0x0000000096e00000| Untracked 
| 367|0x0000000096f00000, 0x0000000096f00000, 0x0000000097000000|  0%| F|  |TAMS 0x0000000096f00000| PB 0x0000000096f00000| Untracked 
| 368|0x0000000097000000, 0x0000000097000000, 0x0000000097100000|  0%| F|  |TAMS 0x0000000097000000| PB 0x0000000097000000| Untracked 
| 369|0x0000000097100000, 0x0000000097100000, 0x0000000097200000|  0%| F|  |TAMS 0x0000000097100000| PB 0x0000000097100000| Untracked 
| 370|0x0000000097200000, 0x0000000097200000, 0x0000000097300000|  0%| F|  |TAMS 0x0000000097200000| PB 0x0000000097200000| Untracked 
| 371|0x0000000097300000, 0x0000000097300000, 0x0000000097400000|  0%| F|  |TAMS 0x0000000097300000| PB 0x0000000097300000| Untracked 
| 372|0x0000000097400000, 0x0000000097400000, 0x0000000097500000|  0%| F|  |TAMS 0x0000000097400000| PB 0x0000000097400000| Untracked 
| 373|0x0000000097500000, 0x0000000097500000, 0x0000000097600000|  0%| F|  |TAMS 0x0000000097500000| PB 0x0000000097500000| Untracked 
| 374|0x0000000097600000, 0x0000000097600000, 0x0000000097700000|  0%| F|  |TAMS 0x0000000097600000| PB 0x0000000097600000| Untracked 
| 375|0x0000000097700000, 0x0000000097700000, 0x0000000097800000|  0%| F|  |TAMS 0x0000000097700000| PB 0x0000000097700000| Untracked 
| 376|0x0000000097800000, 0x0000000097800000, 0x0000000097900000|  0%| F|  |TAMS 0x0000000097800000| PB 0x0000000097800000| Untracked 
| 377|0x0000000097900000, 0x0000000097900000, 0x0000000097a00000|  0%| F|  |TAMS 0x0000000097900000| PB 0x0000000097900000| Untracked 
| 378|0x0000000097a00000, 0x0000000097a00000, 0x0000000097b00000|  0%| F|  |TAMS 0x0000000097a00000| PB 0x0000000097a00000| Untracked 
| 379|0x0000000097b00000, 0x0000000097b00000, 0x0000000097c00000|  0%| F|  |TAMS 0x0000000097b00000| PB 0x0000000097b00000| Untracked 
| 380|0x0000000097c00000, 0x0000000097c00000, 0x0000000097d00000|  0%| F|  |TAMS 0x0000000097c00000| PB 0x0000000097c00000| Untracked 
| 381|0x0000000097d00000, 0x0000000097d00000, 0x0000000097e00000|  0%| F|  |TAMS 0x0000000097d00000| PB 0x0000000097d00000| Untracked 
| 382|0x0000000097e00000, 0x0000000097e00000, 0x0000000097f00000|  0%| F|  |TAMS 0x0000000097e00000| PB 0x0000000097e00000| Untracked 
| 383|0x0000000097f00000, 0x0000000097f00000, 0x0000000098000000|  0%| F|  |TAMS 0x0000000097f00000| PB 0x0000000097f00000| Untracked 
| 384|0x0000000098000000, 0x0000000098000000, 0x0000000098100000|  0%| F|  |TAMS 0x0000000098000000| PB 0x0000000098000000| Untracked 
| 385|0x0000000098100000, 0x0000000098100000, 0x0000000098200000|  0%| F|  |TAMS 0x0000000098100000| PB 0x0000000098100000| Untracked 
| 386|0x0000000098200000, 0x0000000098200000, 0x0000000098300000|  0%| F|  |TAMS 0x0000000098200000| PB 0x0000000098200000| Untracked 
| 387|0x0000000098300000, 0x0000000098300000, 0x0000000098400000|  0%| F|  |TAMS 0x0000000098300000| PB 0x0000000098300000| Untracked 
| 388|0x0000000098400000, 0x0000000098400000, 0x0000000098500000|  0%| F|  |TAMS 0x0000000098400000| PB 0x0000000098400000| Untracked 
| 389|0x0000000098500000, 0x0000000098500000, 0x0000000098600000|  0%| F|  |TAMS 0x0000000098500000| PB 0x0000000098500000| Untracked 
| 390|0x0000000098600000, 0x0000000098600000, 0x0000000098700000|  0%| F|  |TAMS 0x0000000098600000| PB 0x0000000098600000| Untracked 
| 391|0x0000000098700000, 0x0000000098700000, 0x0000000098800000|  0%| F|  |TAMS 0x0000000098700000| PB 0x0000000098700000| Untracked 
| 392|0x0000000098800000, 0x0000000098800000, 0x0000000098900000|  0%| F|  |TAMS 0x0000000098800000| PB 0x0000000098800000| Untracked 
| 393|0x0000000098900000, 0x0000000098900000, 0x0000000098a00000|  0%| F|  |TAMS 0x0000000098900000| PB 0x0000000098900000| Untracked 
| 394|0x0000000098a00000, 0x0000000098a00000, 0x0000000098b00000|  0%| F|  |TAMS 0x0000000098a00000| PB 0x0000000098a00000| Untracked 
| 395|0x0000000098b00000, 0x0000000098b00000, 0x0000000098c00000|  0%| F|  |TAMS 0x0000000098b00000| PB 0x0000000098b00000| Untracked 
| 396|0x0000000098c00000, 0x0000000098c00000, 0x0000000098d00000|  0%| F|  |TAMS 0x0000000098c00000| PB 0x0000000098c00000| Untracked 
| 397|0x0000000098d00000, 0x0000000098d00000, 0x0000000098e00000|  0%| F|  |TAMS 0x0000000098d00000| PB 0x0000000098d00000| Untracked 
| 398|0x0000000098e00000, 0x0000000098e00000, 0x0000000098f00000|  0%| F|  |TAMS 0x0000000098e00000| PB 0x0000000098e00000| Untracked 
| 399|0x0000000098f00000, 0x0000000098f00000, 0x0000000099000000|  0%| F|  |TAMS 0x0000000098f00000| PB 0x0000000098f00000| Untracked 
| 400|0x0000000099000000, 0x0000000099000000, 0x0000000099100000|  0%| F|  |TAMS 0x0000000099000000| PB 0x0000000099000000| Untracked 
| 401|0x0000000099100000, 0x0000000099100000, 0x0000000099200000|  0%| F|  |TAMS 0x0000000099100000| PB 0x0000000099100000| Untracked 
| 402|0x0000000099200000, 0x0000000099200000, 0x0000000099300000|  0%| F|  |TAMS 0x0000000099200000| PB 0x0000000099200000| Untracked 
| 403|0x0000000099300000, 0x0000000099300000, 0x0000000099400000|  0%| F|  |TAMS 0x0000000099300000| PB 0x0000000099300000| Untracked 
| 404|0x0000000099400000, 0x0000000099400000, 0x0000000099500000|  0%| F|  |TAMS 0x0000000099400000| PB 0x0000000099400000| Untracked 
| 405|0x0000000099500000, 0x0000000099500000, 0x0000000099600000|  0%| F|  |TAMS 0x0000000099500000| PB 0x0000000099500000| Untracked 
| 406|0x0000000099600000, 0x0000000099600000, 0x0000000099700000|  0%| F|  |TAMS 0x0000000099600000| PB 0x0000000099600000| Untracked 
| 407|0x0000000099700000, 0x0000000099700000, 0x0000000099800000|  0%| F|  |TAMS 0x0000000099700000| PB 0x0000000099700000| Untracked 
| 408|0x0000000099800000, 0x0000000099800000, 0x0000000099900000|  0%| F|  |TAMS 0x0000000099800000| PB 0x0000000099800000| Untracked 
| 409|0x0000000099900000, 0x0000000099900000, 0x0000000099a00000|  0%| F|  |TAMS 0x0000000099900000| PB 0x0000000099900000| Untracked 
| 410|0x0000000099a00000, 0x0000000099a00000, 0x0000000099b00000|  0%| F|  |TAMS 0x0000000099a00000| PB 0x0000000099a00000| Untracked 
| 411|0x0000000099b00000, 0x0000000099b00000, 0x0000000099c00000|  0%| F|  |TAMS 0x0000000099b00000| PB 0x0000000099b00000| Untracked 
| 412|0x0000000099c00000, 0x0000000099c00000, 0x0000000099d00000|  0%| F|  |TAMS 0x0000000099c00000| PB 0x0000000099c00000| Untracked 
| 413|0x0000000099d00000, 0x0000000099d00000, 0x0000000099e00000|  0%| F|  |TAMS 0x0000000099d00000| PB 0x0000000099d00000| Untracked 
| 414|0x0000000099e00000, 0x0000000099e00000, 0x0000000099f00000|  0%| F|  |TAMS 0x0000000099e00000| PB 0x0000000099e00000| Untracked 
| 415|0x0000000099f00000, 0x0000000099f00000, 0x000000009a000000|  0%| F|  |TAMS 0x0000000099f00000| PB 0x0000000099f00000| Untracked 
| 416|0x000000009a000000, 0x000000009a000000, 0x000000009a100000|  0%| F|  |TAMS 0x000000009a000000| PB 0x000000009a000000| Untracked 
| 417|0x000000009a100000, 0x000000009a100000, 0x000000009a200000|  0%| F|  |TAMS 0x000000009a100000| PB 0x000000009a100000| Untracked 
| 418|0x000000009a200000, 0x000000009a200000, 0x000000009a300000|  0%| F|  |TAMS 0x000000009a200000| PB 0x000000009a200000| Untracked 
| 419|0x000000009a300000, 0x000000009a300000, 0x000000009a400000|  0%| F|  |TAMS 0x000000009a300000| PB 0x000000009a300000| Untracked 
| 420|0x000000009a400000, 0x000000009a400000, 0x000000009a500000|  0%| F|  |TAMS 0x000000009a400000| PB 0x000000009a400000| Untracked 
| 421|0x000000009a500000, 0x000000009a500000, 0x000000009a600000|  0%| F|  |TAMS 0x000000009a500000| PB 0x000000009a500000| Untracked 
| 422|0x000000009a600000, 0x000000009a600000, 0x000000009a700000|  0%| F|  |TAMS 0x000000009a600000| PB 0x000000009a600000| Untracked 
| 423|0x000000009a700000, 0x000000009a700000, 0x000000009a800000|  0%| F|  |TAMS 0x000000009a700000| PB 0x000000009a700000| Untracked 
| 424|0x000000009a800000, 0x000000009a800000, 0x000000009a900000|  0%| F|  |TAMS 0x000000009a800000| PB 0x000000009a800000| Untracked 
| 425|0x000000009a900000, 0x000000009a900000, 0x000000009aa00000|  0%| F|  |TAMS 0x000000009a900000| PB 0x000000009a900000| Untracked 
| 426|0x000000009aa00000, 0x000000009aa00000, 0x000000009ab00000|  0%| F|  |TAMS 0x000000009aa00000| PB 0x000000009aa00000| Untracked 
| 427|0x000000009ab00000, 0x000000009ab00000, 0x000000009ac00000|  0%| F|  |TAMS 0x000000009ab00000| PB 0x000000009ab00000| Untracked 
| 428|0x000000009ac00000, 0x000000009ac00000, 0x000000009ad00000|  0%| F|  |TAMS 0x000000009ac00000| PB 0x000000009ac00000| Untracked 
| 429|0x000000009ad00000, 0x000000009ad00000, 0x000000009ae00000|  0%| F|  |TAMS 0x000000009ad00000| PB 0x000000009ad00000| Untracked 
| 430|0x000000009ae00000, 0x000000009ae00000, 0x000000009af00000|  0%| F|  |TAMS 0x000000009ae00000| PB 0x000000009ae00000| Untracked 
| 431|0x000000009af00000, 0x000000009af00000, 0x000000009b000000|  0%| F|  |TAMS 0x000000009af00000| PB 0x000000009af00000| Untracked 
| 432|0x000000009b000000, 0x000000009b000000, 0x000000009b100000|  0%| F|  |TAMS 0x000000009b000000| PB 0x000000009b000000| Untracked 
| 433|0x000000009b100000, 0x000000009b100000, 0x000000009b200000|  0%| F|  |TAMS 0x000000009b100000| PB 0x000000009b100000| Untracked 
| 434|0x000000009b200000, 0x000000009b200000, 0x000000009b300000|  0%| F|  |TAMS 0x000000009b200000| PB 0x000000009b200000| Untracked 
| 435|0x000000009b300000, 0x000000009b300000, 0x000000009b400000|  0%| F|  |TAMS 0x000000009b300000| PB 0x000000009b300000| Untracked 
| 436|0x000000009b400000, 0x000000009b400000, 0x000000009b500000|  0%| F|  |TAMS 0x000000009b400000| PB 0x000000009b400000| Untracked 
| 437|0x000000009b500000, 0x000000009b500000, 0x000000009b600000|  0%| F|  |TAMS 0x000000009b500000| PB 0x000000009b500000| Untracked 
| 438|0x000000009b600000, 0x000000009b600000, 0x000000009b700000|  0%| F|  |TAMS 0x000000009b600000| PB 0x000000009b600000| Untracked 
| 439|0x000000009b700000, 0x000000009b700000, 0x000000009b800000|  0%| F|  |TAMS 0x000000009b700000| PB 0x000000009b700000| Untracked 
| 440|0x000000009b800000, 0x000000009b800000, 0x000000009b900000|  0%| F|  |TAMS 0x000000009b800000| PB 0x000000009b800000| Untracked 
| 441|0x000000009b900000, 0x000000009b900000, 0x000000009ba00000|  0%| F|  |TAMS 0x000000009b900000| PB 0x000000009b900000| Untracked 
| 442|0x000000009ba00000, 0x000000009ba00000, 0x000000009bb00000|  0%| F|  |TAMS 0x000000009ba00000| PB 0x000000009ba00000| Untracked 
| 443|0x000000009bb00000, 0x000000009bb00000, 0x000000009bc00000|  0%| F|  |TAMS 0x000000009bb00000| PB 0x000000009bb00000| Untracked 
| 444|0x000000009bc00000, 0x000000009bc00000, 0x000000009bd00000|  0%| F|  |TAMS 0x000000009bc00000| PB 0x000000009bc00000| Untracked 
| 445|0x000000009bd00000, 0x000000009bd00000, 0x000000009be00000|  0%| F|  |TAMS 0x000000009bd00000| PB 0x000000009bd00000| Untracked 
| 446|0x000000009be00000, 0x000000009be00000, 0x000000009bf00000|  0%| F|  |TAMS 0x000000009be00000| PB 0x000000009be00000| Untracked 
| 447|0x000000009bf00000, 0x000000009bf00000, 0x000000009c000000|  0%| F|  |TAMS 0x000000009bf00000| PB 0x000000009bf00000| Untracked 
| 448|0x000000009c000000, 0x000000009c000000, 0x000000009c100000|  0%| F|  |TAMS 0x000000009c000000| PB 0x000000009c000000| Untracked 
| 449|0x000000009c100000, 0x000000009c100000, 0x000000009c200000|  0%| F|  |TAMS 0x000000009c100000| PB 0x000000009c100000| Untracked 
| 450|0x000000009c200000, 0x000000009c200000, 0x000000009c300000|  0%| F|  |TAMS 0x000000009c200000| PB 0x000000009c200000| Untracked 
| 451|0x000000009c300000, 0x000000009c300000, 0x000000009c400000|  0%| F|  |TAMS 0x000000009c300000| PB 0x000000009c300000| Untracked 
| 452|0x000000009c400000, 0x000000009c400000, 0x000000009c500000|  0%| F|  |TAMS 0x000000009c400000| PB 0x000000009c400000| Untracked 
| 453|0x000000009c500000, 0x000000009c500000, 0x000000009c600000|  0%| F|  |TAMS 0x000000009c500000| PB 0x000000009c500000| Untracked 
| 454|0x000000009c600000, 0x000000009c600000, 0x000000009c700000|  0%| F|  |TAMS 0x000000009c600000| PB 0x000000009c600000| Untracked 
| 455|0x000000009c700000, 0x000000009c700000, 0x000000009c800000|  0%| F|  |TAMS 0x000000009c700000| PB 0x000000009c700000| Untracked 
| 456|0x000000009c800000, 0x000000009c800000, 0x000000009c900000|  0%| F|  |TAMS 0x000000009c800000| PB 0x000000009c800000| Untracked 
| 457|0x000000009c900000, 0x000000009c900000, 0x000000009ca00000|  0%| F|  |TAMS 0x000000009c900000| PB 0x000000009c900000| Untracked 
| 458|0x000000009ca00000, 0x000000009ca00000, 0x000000009cb00000|  0%| F|  |TAMS 0x000000009ca00000| PB 0x000000009ca00000| Untracked 
| 459|0x000000009cb00000, 0x000000009cb00000, 0x000000009cc00000|  0%| F|  |TAMS 0x000000009cb00000| PB 0x000000009cb00000| Untracked 
| 460|0x000000009cc00000, 0x000000009cc00000, 0x000000009cd00000|  0%| F|  |TAMS 0x000000009cc00000| PB 0x000000009cc00000| Untracked 
| 461|0x000000009cd00000, 0x000000009cd00000, 0x000000009ce00000|  0%| F|  |TAMS 0x000000009cd00000| PB 0x000000009cd00000| Untracked 
| 462|0x000000009ce00000, 0x000000009ce00000, 0x000000009cf00000|  0%| F|  |TAMS 0x000000009ce00000| PB 0x000000009ce00000| Untracked 
| 463|0x000000009cf00000, 0x000000009cf00000, 0x000000009d000000|  0%| F|  |TAMS 0x000000009cf00000| PB 0x000000009cf00000| Untracked 
| 464|0x000000009d000000, 0x000000009d000000, 0x000000009d100000|  0%| F|  |TAMS 0x000000009d000000| PB 0x000000009d000000| Untracked 
| 465|0x000000009d100000, 0x000000009d100000, 0x000000009d200000|  0%| F|  |TAMS 0x000000009d100000| PB 0x000000009d100000| Untracked 
| 466|0x000000009d200000, 0x000000009d200000, 0x000000009d300000|  0%| F|  |TAMS 0x000000009d200000| PB 0x000000009d200000| Untracked 
| 467|0x000000009d300000, 0x000000009d300000, 0x000000009d400000|  0%| F|  |TAMS 0x000000009d300000| PB 0x000000009d300000| Untracked 
| 468|0x000000009d400000, 0x000000009d400000, 0x000000009d500000|  0%| F|  |TAMS 0x000000009d400000| PB 0x000000009d400000| Untracked 
| 469|0x000000009d500000, 0x000000009d500000, 0x000000009d600000|  0%| F|  |TAMS 0x000000009d500000| PB 0x000000009d500000| Untracked 
| 470|0x000000009d600000, 0x000000009d600000, 0x000000009d700000|  0%| F|  |TAMS 0x000000009d600000| PB 0x000000009d600000| Untracked 
| 471|0x000000009d700000, 0x000000009d700000, 0x000000009d800000|  0%| F|  |TAMS 0x000000009d700000| PB 0x000000009d700000| Untracked 
| 472|0x000000009d800000, 0x000000009d800000, 0x000000009d900000|  0%| F|  |TAMS 0x000000009d800000| PB 0x000000009d800000| Untracked 
| 473|0x000000009d900000, 0x000000009d900000, 0x000000009da00000|  0%| F|  |TAMS 0x000000009d900000| PB 0x000000009d900000| Untracked 
| 474|0x000000009da00000, 0x000000009da00000, 0x000000009db00000|  0%| F|  |TAMS 0x000000009da00000| PB 0x000000009da00000| Untracked 
| 475|0x000000009db00000, 0x000000009db00000, 0x000000009dc00000|  0%| F|  |TAMS 0x000000009db00000| PB 0x000000009db00000| Untracked 
| 476|0x000000009dc00000, 0x000000009dc00000, 0x000000009dd00000|  0%| F|  |TAMS 0x000000009dc00000| PB 0x000000009dc00000| Untracked 
| 477|0x000000009dd00000, 0x000000009dd00000, 0x000000009de00000|  0%| F|  |TAMS 0x000000009dd00000| PB 0x000000009dd00000| Untracked 
| 478|0x000000009de00000, 0x000000009de00000, 0x000000009df00000|  0%| F|  |TAMS 0x000000009de00000| PB 0x000000009de00000| Untracked 
| 479|0x000000009df00000, 0x000000009df00000, 0x000000009e000000|  0%| F|  |TAMS 0x000000009df00000| PB 0x000000009df00000| Untracked 
|2043|0x00000000ffb00000, 0x00000000ffb00000, 0x00000000ffc00000|  0%| F|  |TAMS 0x00000000ffb00000| PB 0x00000000ffb00000| Untracked 
|2044|0x00000000ffc00000, 0x00000000ffd00000, 0x00000000ffd00000|100%| O|  |TAMS 0x00000000ffd00000| PB 0x00000000ffc00000| Untracked 
|2045|0x00000000ffd00000, 0x00000000ffe00000, 0x00000000ffe00000|100%| O|  |TAMS 0x00000000ffe00000| PB 0x00000000ffd00000| Untracked 
|2046|0x00000000ffe00000, 0x00000000fff00000, 0x00000000fff00000|100%| O|  |TAMS 0x00000000fff00000| PB 0x00000000ffe00000| Untracked 
|2047|0x00000000fff00000, 0x00000000fff00000, 0x0000000100000000|  0%| F|  |TAMS 0x00000000fff00000| PB 0x00000000fff00000| Untracked 

Card table byte_map: [0x0000020e127c0000,0x0000020e12bc0000] _byte_map_base: 0x0000020e123c0000

Marking Bits: (CMBitMap*) 0x0000020e7fcc4ed0
 Bits: [0x0000020e12bc0000, 0x0000020e14bc0000)

Polling page: 0x0000020e7dd60000

Metaspace:

Usage:
  Non-class:    109.51 MB used.
      Class:     18.49 MB used.
       Both:    128.00 MB used.

Virtual space:
  Non-class space:      128.00 MB reserved,     110.69 MB ( 86%) committed,  2 nodes.
      Class space:        1.00 GB reserved,      19.56 MB (  2%) committed,  1 nodes.
             Both:        1.12 GB reserved,     130.25 MB ( 11%) committed. 

Chunk freelists:
   Non-Class:  1.38 MB
       Class:  12.47 MB
        Both:  13.84 MB

MaxMetaspaceSize: unlimited
CompressedClassSpaceSize: 1.00 GB
Initial GC threshold: 21.00 MB
Current GC threshold: 216.88 MB
CDS: off
 - commit_granule_bytes: 65536.
 - commit_granule_words: 8192.
 - virtual_space_node_default_size: 8388608.
 - enlarge_chunks_in_place: 1.
 - use_allocation_guard: 0.


Internal statistics:

num_allocs_failed_limit: 9.
num_arena_births: 4400.
num_arena_deaths: 66.
num_vsnodes_births: 3.
num_vsnodes_deaths: 0.
num_space_committed: 2084.
num_space_uncommitted: 0.
num_chunks_returned_to_freelist: 105.
num_chunks_taken_from_freelist: 9983.
num_chunk_merges: 43.
num_chunk_splits: 6561.
num_chunks_enlarged: 4239.
num_inconsistent_stats: 0.

CodeHeap 'non-profiled nmethods': size=120000Kb used=8946Kb max_used=9061Kb free=111053Kb
 bounds [0x0000020e0ab60000, 0x0000020e0b470000, 0x0000020e12090000]
CodeHeap 'profiled nmethods': size=120000Kb used=31863Kb max_used=31863Kb free=88136Kb
 bounds [0x0000020e03090000, 0x0000020e04fb0000, 0x0000020e0a5c0000]
CodeHeap 'non-nmethods': size=5760Kb used=2915Kb max_used=2977Kb free=2844Kb
 bounds [0x0000020e0a5c0000, 0x0000020e0a8c0000, 0x0000020e0ab60000]
CodeCache: size=245760Kb, used=43724Kb, max_used=43901Kb, free=202033Kb
 total_blobs=16566, nmethods=15551, adapters=917, full_count=0
Compilation: enabled, stopped_count=0, restarted_count=0

Compilation events (20 events):
Event: 21.299 Thread 0x0000020e17a3d920 18706       3       com.android.tools.r8.internal.w1::b (79 bytes)
Event: 21.300 Thread 0x0000020e17a3d920 nmethod 18706 0x0000020e04faa010 code [0x0000020e04faa220, 0x0000020e04faa850]
Event: 21.300 Thread 0x0000020e17a3e6c0 nmethod 18665 0x0000020e0abbd310 code [0x0000020e0abbd4e0, 0x0000020e0abbdad8]
Event: 21.300 Thread 0x0000020e17a3e6c0 18551       4       java.util.IdentityHashMap$KeySet::toArray (139 bytes)
Event: 21.301 Thread 0x0000020e17a3d920 18707       3       com.android.tools.r8.internal.cm1::a (252 bytes)
Event: 21.302 Thread 0x0000020e17a3d920 nmethod 18707 0x0000020e04faaa90 code [0x0000020e04faad60, 0x0000020e04fabae8]
Event: 21.303 Thread 0x0000020e17a3d920 18708       2       com.android.tools.r8.internal.jc::w (5 bytes)
Event: 21.303 Thread 0x0000020e17a3d920 nmethod 18708 0x0000020e04fac010 code [0x0000020e04fac1a0, 0x0000020e04fac2e0]
Event: 21.306 Thread 0x0000020e17a3d920 18710       3       com.android.tools.r8.internal.mh0::<init> (16 bytes)
Event: 21.306 Thread 0x0000020e17a3d920 nmethod 18710 0x0000020e04fac390 code [0x0000020e04fac540, 0x0000020e04fac688]
Event: 21.307 Thread 0x0000020e17a3d920 18711       3       com.android.tools.r8.internal.s91::a (11 bytes)
Event: 21.307 Thread 0x0000020e17a3d920 nmethod 18711 0x0000020e04fac790 code [0x0000020e04fac940, 0x0000020e04facbd8]
Event: 21.307 Thread 0x0000020e17a3d920 18712       1       com.android.tools.r8.internal.yh2::s2 (3 bytes)
Event: 21.307 Thread 0x0000020e17a3d920 nmethod 18712 0x0000020e0b149310 code [0x0000020e0b1494a0, 0x0000020e0b149568]
Event: 21.312 Thread 0x0000020e17a3d920 18713       2       com.android.tools.r8.internal.pl::a (34 bytes)
Event: 21.312 Thread 0x0000020e17a3e6c0 nmethod 18551 0x0000020e0ac0b810 code [0x0000020e0ac0b9e0, 0x0000020e0ac0c068]
Event: 21.313 Thread 0x0000020e17a3e6c0 18652 %     4       com.android.tools.r8.internal.fk::a @ 737 (1828 bytes)
Event: 21.313 Thread 0x0000020e17a3d920 nmethod 18713 0x0000020e04facd90 code [0x0000020e04facf80, 0x0000020e04fad238]
Event: 21.316 Thread 0x0000020e17a3d920 18714       2       com.android.tools.r8.internal.di1::h (80 bytes)
Event: 21.317 Thread 0x0000020e17a3d920 nmethod 18714 0x0000020e04fad410 code [0x0000020e04fad600, 0x0000020e04fad9f8]

GC Heap History (20 events):
Event: 16.606 GC heap after
{Heap after GC invocations=45 (full 0):
 garbage-first heap   total 256000K, used 161388K [0x0000000080000000, 0x0000000100000000)
  region size 1024K, 7 young (7168K), 7 survivors (7168K)
 Metaspace       used 120764K, committed 123008K, reserved 1179648K
  class space    used 17455K, committed 18560K, reserved 1048576K
}
Event: 16.807 GC heap before
{Heap before GC invocations=45 (full 0):
 garbage-first heap   total 256000K, used 227948K [0x0000000080000000, 0x0000000100000000)
  region size 1024K, 72 young (73728K), 7 survivors (7168K)
 Metaspace       used 121798K, committed 124032K, reserved 1179648K
  class space    used 17658K, committed 18752K, reserved 1048576K
}
Event: 16.825 GC heap after
{Heap after GC invocations=46 (full 0):
 garbage-first heap   total 496640K, used 173229K [0x0000000080000000, 0x0000000100000000)
  region size 1024K, 9 young (9216K), 9 survivors (9216K)
 Metaspace       used 121798K, committed 124032K, reserved 1179648K
  class space    used 17658K, committed 18752K, reserved 1048576K
}
Event: 17.692 GC heap before
{Heap before GC invocations=46 (full 0):
 garbage-first heap   total 496640K, used 390317K [0x0000000080000000, 0x0000000100000000)
  region size 1024K, 222 young (227328K), 9 survivors (9216K)
 Metaspace       used 127097K, committed 129344K, reserved 1179648K
  class space    used 18590K, committed 19712K, reserved 1048576K
}
Event: 17.719 GC heap after
{Heap after GC invocations=47 (full 0):
 garbage-first heap   total 496640K, used 190297K [0x0000000080000000, 0x0000000100000000)
  region size 1024K, 26 young (26624K), 26 survivors (26624K)
 Metaspace       used 127097K, committed 129344K, reserved 1179648K
  class space    used 18590K, committed 19712K, reserved 1048576K
}
Event: 18.307 GC heap before
{Heap before GC invocations=47 (full 0):
 garbage-first heap   total 496640K, used 402265K [0x0000000080000000, 0x0000000100000000)
  region size 1024K, 234 young (239616K), 26 survivors (26624K)
 Metaspace       used 128759K, committed 131072K, reserved 1179648K
  class space    used 18744K, committed 19840K, reserved 1048576K
}
Event: 18.325 GC heap after
{Heap after GC invocations=48 (full 0):
 garbage-first heap   total 496640K, used 194979K [0x0000000080000000, 0x0000000100000000)
  region size 1024K, 5 young (5120K), 5 survivors (5120K)
 Metaspace       used 128759K, committed 131072K, reserved 1179648K
  class space    used 18744K, committed 19840K, reserved 1048576K
}
Event: 18.800 GC heap before
{Heap before GC invocations=48 (full 0):
 garbage-first heap   total 496640K, used 424355K [0x0000000080000000, 0x0000000100000000)
  region size 1024K, 230 young (235520K), 5 survivors (5120K)
 Metaspace       used 130285K, committed 132544K, reserved 1179648K
  class space    used 18940K, committed 20032K, reserved 1048576K
}
Event: 18.806 GC heap after
{Heap after GC invocations=49 (full 0):
 garbage-first heap   total 496640K, used 193536K [0x0000000080000000, 0x0000000100000000)
  region size 1024K, 3 young (3072K), 3 survivors (3072K)
 Metaspace       used 130285K, committed 132544K, reserved 1179648K
  class space    used 18940K, committed 20032K, reserved 1048576K
}
Event: 19.308 GC heap before
{Heap before GC invocations=49 (full 0):
 garbage-first heap   total 496640K, used 450560K [0x0000000080000000, 0x0000000100000000)
  region size 1024K, 255 young (261120K), 3 survivors (3072K)
 Metaspace       used 130628K, committed 132864K, reserved 1179648K
  class space    used 18949K, committed 20032K, reserved 1048576K
}
Event: 19.325 GC heap after
{Heap after GC invocations=50 (full 0):
 garbage-first heap   total 496640K, used 209474K [0x0000000080000000, 0x0000000100000000)
  region size 1024K, 19 young (19456K), 19 survivors (19456K)
 Metaspace       used 130628K, committed 132864K, reserved 1179648K
  class space    used 18949K, committed 20032K, reserved 1048576K
}
Event: 19.792 GC heap before
{Heap before GC invocations=50 (full 0):
 garbage-first heap   total 496640K, used 449090K [0x0000000080000000, 0x0000000100000000)
  region size 1024K, 254 young (260096K), 19 survivors (19456K)
 Metaspace       used 130859K, committed 133056K, reserved 1179648K
  class space    used 18952K, committed 20032K, reserved 1048576K
}
Event: 19.805 GC heap after
{Heap after GC invocations=51 (full 0):
 garbage-first heap   total 496640K, used 209773K [0x0000000080000000, 0x0000000100000000)
  region size 1024K, 17 young (17408K), 17 survivors (17408K)
 Metaspace       used 130859K, committed 133056K, reserved 1179648K
  class space    used 18952K, committed 20032K, reserved 1048576K
}
Event: 20.379 GC heap before
{Heap before GC invocations=51 (full 0):
 garbage-first heap   total 496640K, used 451437K [0x0000000080000000, 0x0000000100000000)
  region size 1024K, 254 young (260096K), 17 survivors (17408K)
 Metaspace       used 130929K, committed 133248K, reserved 1179648K
  class space    used 18934K, committed 20032K, reserved 1048576K
}
Event: 20.395 GC heap after
{Heap after GC invocations=52 (full 0):
 garbage-first heap   total 496640K, used 210254K [0x0000000080000000, 0x0000000100000000)
  region size 1024K, 18 young (18432K), 18 survivors (18432K)
 Metaspace       used 130929K, committed 133248K, reserved 1179648K
  class space    used 18934K, committed 20032K, reserved 1048576K
}
Event: 20.807 GC heap before
{Heap before GC invocations=53 (full 0):
 garbage-first heap   total 496640K, used 449870K [0x0000000080000000, 0x0000000100000000)
  region size 1024K, 253 young (259072K), 18 survivors (18432K)
 Metaspace       used 131016K, committed 133312K, reserved 1179648K
  class space    used 18934K, committed 20032K, reserved 1048576K
}
Event: 20.818 GC heap after
{Heap after GC invocations=54 (full 0):
 garbage-first heap   total 496640K, used 209234K [0x0000000080000000, 0x0000000100000000)
  region size 1024K, 17 young (17408K), 17 survivors (17408K)
 Metaspace       used 131016K, committed 133312K, reserved 1179648K
  class space    used 18934K, committed 20032K, reserved 1048576K
}
Event: 21.081 GC heap before
{Heap before GC invocations=54 (full 0):
 garbage-first heap   total 496640K, used 450898K [0x0000000080000000, 0x0000000100000000)
  region size 1024K, 254 young (260096K), 17 survivors (17408K)
 Metaspace       used 131041K, committed 133376K, reserved 1179648K
  class space    used 18934K, committed 20032K, reserved 1048576K
}
Event: 21.093 GC heap after
{Heap after GC invocations=55 (full 0):
 garbage-first heap   total 496640K, used 206187K [0x0000000080000000, 0x0000000100000000)
  region size 1024K, 17 young (17408K), 17 survivors (17408K)
 Metaspace       used 131041K, committed 133376K, reserved 1179648K
  class space    used 18934K, committed 20032K, reserved 1048576K
}
Event: 21.326 GC heap before
{Heap before GC invocations=55 (full 0):
 garbage-first heap   total 496640K, used 451947K [0x0000000080000000, 0x0000000100000000)
  region size 1024K, 258 young (264192K), 17 survivors (17408K)
 Metaspace       used 131067K, committed 133376K, reserved 1179648K
  class space    used 18934K, committed 20032K, reserved 1048576K
}

Dll operation events (3 events):
Event: 0.009 Loaded shared library C:\android2\jbr\bin\java.dll
Event: 0.014 Loaded shared library C:\android2\jbr\bin\zip.dll
Event: 0.593 Loaded shared library C:\android2\jbr\bin\verify.dll

Deoptimization events (20 events):
Event: 21.147 Thread 0x0000020e1da53dc0 Uncommon trap: trap_request=0xffffff6e fr.pc=0x0000020e0b2e8244 relative=0x0000000000000b64
Event: 21.147 Thread 0x0000020e1da53dc0 Uncommon trap: reason=loop_limit_check action=maybe_recompile pc=0x0000020e0b2e8244 method=com.android.tools.r8.internal.s0.putAll(Ljava/util/Map;)V @ 31 c2
Event: 21.147 Thread 0x0000020e1da53dc0 DEOPT PACKING pc=0x0000020e0b2e8244 sp=0x00000043a80f8f20
Event: 21.147 Thread 0x0000020e1da53dc0 DEOPT UNPACKING pc=0x0000020e0a6146a2 sp=0x00000043a80f8f30 mode 2
Event: 21.170 Thread 0x0000020e281860a0 DEOPT PACKING pc=0x0000020e04c02742 sp=0x00000043a7bf9720
Event: 21.170 Thread 0x0000020e281860a0 DEOPT UNPACKING pc=0x0000020e0a614e42 sp=0x00000043a7bf8dd0 mode 0
Event: 21.194 Thread 0x0000020e1feae7c0 Uncommon trap: trap_request=0xffffff6e fr.pc=0x0000020e0b14a60c relative=0x0000000000000cec
Event: 21.194 Thread 0x0000020e1feae7c0 Uncommon trap: reason=loop_limit_check action=maybe_recompile pc=0x0000020e0b14a60c method=com.android.tools.r8.internal.tf1.a()I @ 64 c2
Event: 21.194 Thread 0x0000020e1feae7c0 DEOPT PACKING pc=0x0000020e0b14a60c sp=0x00000043a8ff8f50
Event: 21.194 Thread 0x0000020e1feae7c0 DEOPT UNPACKING pc=0x0000020e0a6146a2 sp=0x00000043a8ff8c80 mode 2
Event: 21.235 Thread 0x0000020e1da58c80 Uncommon trap: trap_request=0xffffff6e fr.pc=0x0000020e0b358300 relative=0x0000000000000aa0
Event: 21.235 Thread 0x0000020e1da58c80 Uncommon trap: reason=loop_limit_check action=maybe_recompile pc=0x0000020e0b358300 method=com.android.tools.r8.internal.tf1.a()I @ 64 c2
Event: 21.235 Thread 0x0000020e1da58c80 DEOPT PACKING pc=0x0000020e0b358300 sp=0x00000043a87f90d0
Event: 21.235 Thread 0x0000020e1da58c80 DEOPT UNPACKING pc=0x0000020e0a6146a2 sp=0x00000043a87f8fc0 mode 2
Event: 21.236 Thread 0x0000020e28185a10 DEOPT PACKING pc=0x0000020e04c02742 sp=0x00000043a7df9b20
Event: 21.236 Thread 0x0000020e28185a10 DEOPT UNPACKING pc=0x0000020e0a614e42 sp=0x00000043a7df91d0 mode 0
Event: 21.239 Thread 0x0000020e1feae7c0 DEOPT PACKING pc=0x0000020e04e6db19 sp=0x00000043a8ff9380
Event: 21.239 Thread 0x0000020e1feae7c0 DEOPT UNPACKING pc=0x0000020e0a614e42 sp=0x00000043a8ff8a38 mode 0
Event: 21.300 Thread 0x0000020e28185a10 DEOPT PACKING pc=0x0000020e04c02742 sp=0x00000043a7df9b20
Event: 21.300 Thread 0x0000020e28185a10 DEOPT UNPACKING pc=0x0000020e0a614e42 sp=0x00000043a7df91d0 mode 0

Classes loaded (20 events):
Event: 17.131 Loading class java/util/stream/SliceOps$1
Event: 17.132 Loading class java/util/stream/SliceOps$1 done
Event: 17.136 Loading class java/util/stream/SliceOps$1$1
Event: 17.136 Loading class java/util/stream/SliceOps$1$1 done
Event: 17.150 Loading class java/util/PriorityQueue
Event: 17.151 Loading class java/util/PriorityQueue done
Event: 17.169 Loading class java/util/IdentityHashMap$ValueIterator
Event: 17.169 Loading class java/util/IdentityHashMap$ValueIterator done
Event: 18.361 Loading class java/util/concurrent/ConcurrentHashMap$TreeNode
Event: 18.361 Loading class java/util/concurrent/ConcurrentHashMap$TreeNode done
Event: 18.362 Loading class java/util/concurrent/ConcurrentHashMap$TreeBin
Event: 18.363 Loading class java/util/concurrent/ConcurrentHashMap$TreeBin done
Event: 18.604 Loading class java/nio/ShortBuffer
Event: 18.605 Loading class java/nio/ShortBuffer done
Event: 18.667 Loading class java/nio/ByteBufferAsShortBufferL
Event: 18.668 Loading class java/nio/ByteBufferAsShortBufferL done
Event: 18.720 Loading class java/util/zip/Adler32
Event: 18.721 Loading class java/util/zip/Adler32 done
Event: 18.731 Loading class java/nio/file/Files$2
Event: 18.732 Loading class java/nio/file/Files$2 done

Classes unloaded (20 events):
Event: 20.052 Thread 0x0000020e1786e900 Unloading class 0x0000000101228800 'java/lang/invoke/LambdaForm$DMH+0x0000000101228800'
Event: 20.052 Thread 0x0000020e1786e900 Unloading class 0x0000000101228400 'java/lang/invoke/LambdaForm$DMH+0x0000000101228400'
Event: 20.052 Thread 0x0000020e1786e900 Unloading class 0x00000001011cf000 'java/lang/invoke/LambdaForm$DMH+0x00000001011cf000'
Event: 20.052 Thread 0x0000020e1786e900 Unloading class 0x00000001011cf400 'java/lang/invoke/LambdaForm$DMH+0x00000001011cf400'
Event: 20.052 Thread 0x0000020e1786e900 Unloading class 0x00000001011cf800 'java/lang/invoke/LambdaForm$DMH+0x00000001011cf800'
Event: 20.052 Thread 0x0000020e1786e900 Unloading class 0x00000001011cec00 'java/lang/invoke/LambdaForm$DMH+0x00000001011cec00'
Event: 20.052 Thread 0x0000020e1786e900 Unloading class 0x00000001011ce800 'java/lang/invoke/LambdaForm$DMH+0x00000001011ce800'
Event: 20.052 Thread 0x0000020e1786e900 Unloading class 0x00000001011cdc00 'java/lang/invoke/LambdaForm$DMH+0x00000001011cdc00'
Event: 20.052 Thread 0x0000020e1786e900 Unloading class 0x00000001011cd800 'java/lang/invoke/LambdaForm$DMH+0x00000001011cd800'
Event: 20.052 Thread 0x0000020e1786e900 Unloading class 0x00000001011cd400 'java/lang/invoke/LambdaForm$DMH+0x00000001011cd400'
Event: 20.052 Thread 0x0000020e1786e900 Unloading class 0x00000001011cc400 'java/lang/invoke/LambdaForm$DMH+0x00000001011cc400'
Event: 20.052 Thread 0x0000020e1786e900 Unloading class 0x00000001011cc800 'java/lang/invoke/LambdaForm$DMH+0x00000001011cc800'
Event: 20.052 Thread 0x0000020e1786e900 Unloading class 0x00000001011ccc00 'java/lang/invoke/LambdaForm$DMH+0x00000001011ccc00'
Event: 20.052 Thread 0x0000020e1786e900 Unloading class 0x00000001011cd000 'java/lang/invoke/LambdaForm$DMH+0x00000001011cd000'
Event: 20.052 Thread 0x0000020e1786e900 Unloading class 0x0000000101155800 'java/lang/invoke/LambdaForm$DMH+0x0000000101155800'
Event: 20.052 Thread 0x0000020e1786e900 Unloading class 0x0000000101155400 'java/lang/invoke/LambdaForm$DMH+0x0000000101155400'
Event: 20.052 Thread 0x0000020e1786e900 Unloading class 0x0000000101155000 'java/lang/invoke/LambdaForm$DMH+0x0000000101155000'
Event: 20.052 Thread 0x0000020e1786e900 Unloading class 0x0000000101154800 'java/lang/invoke/LambdaForm$DMH+0x0000000101154800'
Event: 20.052 Thread 0x0000020e1786e900 Unloading class 0x0000000101154c00 'java/lang/invoke/LambdaForm$DMH+0x0000000101154c00'
Event: 20.052 Thread 0x0000020e1786e900 Unloading class 0x0000000101154400 'java/lang/invoke/LambdaForm$DMH+0x0000000101154400'

Classes redefined (0 events):
No events

Internal exceptions (20 events):
Event: 17.032 Thread 0x0000020e28185a10 Exception <a 'java/lang/NoSuchMethodError'{0x000000009a07ee98}: 'void java.lang.invoke.DirectMethodHandle$Holder.invokeSpecial(java.lang.Object, java.lang.Object, int, java.lang.Object)'> (0x000000009a07ee98) 
thrown [s\src\hotspot\share\interpreter\linkResolver.cpp, line 784]
Event: 17.032 Thread 0x0000020e281860a0 Exception <a 'java/lang/NoSuchMethodError'{0x000000009a747a08}: 'void java.lang.invoke.DirectMethodHandle$Holder.invokeSpecial(java.lang.Object, java.lang.Object, int, java.lang.Object)'> (0x000000009a747a08) 
thrown [s\src\hotspot\share\interpreter\linkResolver.cpp, line 784]
Event: 17.032 Thread 0x0000020e1feae7c0 Exception <a 'java/lang/NoSuchMethodError'{0x000000009a9ab7f8}: 'void java.lang.invoke.DirectMethodHandle$Holder.invokeSpecial(java.lang.Object, java.lang.Object, int, java.lang.Object)'> (0x000000009a9ab7f8) 
thrown [s\src\hotspot\share\interpreter\linkResolver.cpp, line 784]
Event: 17.114 Thread 0x0000020e1da55170 Exception <a 'java/lang/NoSuchMethodError'{0x0000000098e9e128}: 'java.lang.Object java.lang.invoke.DirectMethodHandle$Holder.invokeInterface(java.lang.Object, java.lang.Object, int)'> (0x0000000098e9e128) 
thrown [s\src\hotspot\share\interpreter\linkResolver.cpp, line 784]
Event: 17.177 Thread 0x0000020e1da54450 Exception <a 'java/lang/NoSuchMethodError'{0x0000000098014f60}: 'void java.lang.invoke.DirectMethodHandle$Holder.invokeVirtual(java.lang.Object, java.lang.Object, int)'> (0x0000000098014f60) 
thrown [s\src\hotspot\share\interpreter\linkResolver.cpp, line 784]
Event: 17.177 Thread 0x0000020e281860a0 Exception <a 'java/lang/NoSuchMethodError'{0x00000000981e3090}: 'void java.lang.invoke.DirectMethodHandle$Holder.invokeVirtual(java.lang.Object, java.lang.Object, int)'> (0x00000000981e3090) 
thrown [s\src\hotspot\share\interpreter\linkResolver.cpp, line 784]
Event: 17.190 Thread 0x0000020e1da53dc0 Exception <a 'java/lang/NoSuchMethodError'{0x0000000097f72600}: 'int java.lang.invoke.DirectMethodHandle$Holder.invokeSpecial(java.lang.Object, java.lang.Object, java.lang.Object, int, java.lang.Object)'> (0x0000000097f72600) 
thrown [s\src\hotspot\share\interpreter\linkResolver.cpp, line 784]
Event: 17.190 Thread 0x0000020e1feae7c0 Exception <a 'java/lang/NoSuchMethodError'{0x00000000981b10b0}: 'int java.lang.invoke.DirectMethodHandle$Holder.invokeSpecial(java.lang.Object, java.lang.Object, java.lang.Object, int, java.lang.Object)'> (0x00000000981b10b0) 
thrown [s\src\hotspot\share\interpreter\linkResolver.cpp, line 784]
Event: 17.190 Thread 0x0000020e1da55e90 Exception <a 'java/lang/NoSuchMethodError'{0x0000000097fa0fe0}: 'int java.lang.invoke.DirectMethodHandle$Holder.invokeSpecial(java.lang.Object, java.lang.Object, java.lang.Object, int, java.lang.Object)'> (0x0000000097fa0fe0) 
thrown [s\src\hotspot\share\interpreter\linkResolver.cpp, line 784]
Event: 17.190 Thread 0x0000020e28185a10 Exception <a 'java/lang/NoSuchMethodError'{0x0000000097f43ef8}: 'int java.lang.invoke.DirectMethodHandle$Holder.invokeSpecial(java.lang.Object, java.lang.Object, java.lang.Object, int, java.lang.Object)'> (0x0000000097f43ef8) 
thrown [s\src\hotspot\share\interpreter\linkResolver.cpp, line 784]
Event: 17.190 Thread 0x0000020e1da58c80 Exception <a 'java/lang/NoSuchMethodError'{0x0000000097f23758}: 'int java.lang.invoke.DirectMethodHandle$Holder.invokeSpecial(java.lang.Object, java.lang.Object, java.lang.Object, int, java.lang.Object)'> (0x0000000097f23758) 
thrown [s\src\hotspot\share\interpreter\linkResolver.cpp, line 784]
Event: 17.245 Thread 0x0000020e1da53dc0 Exception <a 'java/lang/NoSuchMethodError'{0x00000000976fb0a8}: 'int java.lang.invoke.DirectMethodHandle$Holder.invokeInterface(java.lang.Object, java.lang.Object, int)'> (0x00000000976fb0a8) 
thrown [s\src\hotspot\share\interpreter\linkResolver.cpp, line 784]
Event: 17.266 Thread 0x0000020e1da53dc0 Exception <a 'java/lang/NoSuchMethodError'{0x0000000097198880}: 'void java.lang.invoke.DirectMethodHandle$Holder.invokeStatic(java.lang.Object, int)'> (0x0000000097198880) 
thrown [s\src\hotspot\share\interpreter\linkResolver.cpp, line 784]
Event: 17.842 Thread 0x0000020e1da57240 Exception <a 'java/lang/IncompatibleClassChangeError'{0x000000009bf7d9c8}: Found class java.lang.Object, but interface was expected> (0x000000009bf7d9c8) 
thrown [s\src\hotspot\share\interpreter\linkResolver.cpp, line 851]
Event: 18.257 Thread 0x0000020e1feae7c0 Exception <a 'java/lang/NoSuchMethodError'{0x00000000929fb560}: 'void java.lang.invoke.DirectMethodHandle$Holder.invokeSpecial(java.lang.Object, java.lang.Object, java.lang.Object, int, java.lang.Object, java.lang.Object, java.lang.Object, java.lang.Object)'> (0x00000000929fb560) 
thrown [s\src\hotspot\share\interpreter\linkResolver.cpp, line 784]
Event: 18.261 Thread 0x0000020e1feae7c0 Exception <a 'java/lang/NoSuchMethodError'{0x000000009275ab78}: 'void java.lang.invoke.DirectMethodHandle$Holder.invokeStatic(java.lang.Object, java.lang.Object, java.lang.Object, java.lang.Object, java.lang.Object, java.lang.Object, java.lang.Object, java.lang.Object)'> (0x000000009275ab78) 
thrown [s\src\hotspot\share\interpreter\linkResolver.cpp, line 784]
Event: 18.745 Thread 0x0000020e1feae7c0 Exception <a 'sun/nio/fs/WindowsException'{0x0000000092bb0468}> (0x0000000092bb0468) 
thrown [s\src\hotspot\share\prims\jni.cpp, line 537]
Event: 18.868 Thread 0x0000020e28185a10 Exception <a 'java/lang/IncompatibleClassChangeError'{0x000000009cbdde10}: Found class java.lang.Object, but interface was expected> (0x000000009cbdde10) 
thrown [s\src\hotspot\share\interpreter\linkResolver.cpp, line 851]
Event: 18.923 Thread 0x0000020e28185a10 Exception <a 'sun/nio/fs/WindowsException'{0x000000009aa7d910}> (0x000000009aa7d910) 
thrown [s\src\hotspot\share\prims\jni.cpp, line 537]
Event: 20.541 Thread 0x0000020e1da59310 Exception <a 'sun/nio/fs/WindowsException'{0x000000009cbbd7a0}> (0x000000009cbbd7a0) 
thrown [s\src\hotspot\share\prims\jni.cpp, line 537]

ZGC Phase Switch (0 events):
No events

VM Operations (20 events):
Event: 18.806 Executing VM operation: G1CollectForAllocation (G1 Evacuation Pause) done
Event: 19.047 Executing VM operation: ICBufferFull
Event: 19.047 Executing VM operation: ICBufferFull done
Event: 19.306 Executing VM operation: G1CollectForAllocation (G1 Evacuation Pause)
Event: 19.325 Executing VM operation: G1CollectForAllocation (G1 Evacuation Pause) done
Event: 19.725 Executing VM operation: ICBufferFull
Event: 19.726 Executing VM operation: ICBufferFull done
Event: 19.792 Executing VM operation: G1CollectForAllocation (G1 Evacuation Pause)
Event: 19.805 Executing VM operation: G1CollectForAllocation (G1 Evacuation Pause) done
Event: 20.051 Executing VM operation: G1PauseRemark
Event: 20.231 Executing VM operation: G1PauseRemark done
Event: 20.378 Executing VM operation: G1CollectForAllocation (G1 Evacuation Pause)
Event: 20.395 Executing VM operation: G1CollectForAllocation (G1 Evacuation Pause) done
Event: 20.710 Executing VM operation: G1PauseCleanup
Event: 20.711 Executing VM operation: G1PauseCleanup done
Event: 20.807 Executing VM operation: G1CollectForAllocation (G1 Evacuation Pause)
Event: 20.818 Executing VM operation: G1CollectForAllocation (G1 Evacuation Pause) done
Event: 21.081 Executing VM operation: G1CollectForAllocation (G1 Evacuation Pause)
Event: 21.093 Executing VM operation: G1CollectForAllocation (G1 Evacuation Pause) done
Event: 21.326 Executing VM operation: G1CollectForAllocation (G1 Evacuation Pause)

Memory protections (0 events):
No events

Nmethod flushes (20 events):
Event: 20.203 Thread 0x0000020e1786e900 flushing  nmethod 0x0000020e03b91910
Event: 20.203 Thread 0x0000020e1786e900 flushing  nmethod 0x0000020e03c48210
Event: 20.203 Thread 0x0000020e1786e900 flushing  nmethod 0x0000020e03de5d10
Event: 20.203 Thread 0x0000020e1786e900 flushing  nmethod 0x0000020e03fe5a10
Event: 20.203 Thread 0x0000020e1786e900 flushing  nmethod 0x0000020e03fe5d90
Event: 20.203 Thread 0x0000020e1786e900 flushing  nmethod 0x0000020e03fe8f10
Event: 20.203 Thread 0x0000020e1786e900 flushing  nmethod 0x0000020e041c4990
Event: 20.204 Thread 0x0000020e1786e900 flushing  nmethod 0x0000020e0428e090
Event: 20.204 Thread 0x0000020e1786e900 flushing  nmethod 0x0000020e0431ae90
Event: 20.204 Thread 0x0000020e1786e900 flushing  nmethod 0x0000020e045a7410
Event: 20.204 Thread 0x0000020e1786e900 flushing  nmethod 0x0000020e045a7b90
Event: 20.204 Thread 0x0000020e1786e900 flushing  nmethod 0x0000020e045a9210
Event: 20.204 Thread 0x0000020e1786e900 flushing  nmethod 0x0000020e045a9d90
Event: 20.204 Thread 0x0000020e1786e900 flushing  nmethod 0x0000020e045ac110
Event: 20.204 Thread 0x0000020e1786e900 flushing  nmethod 0x0000020e045ac490
Event: 20.204 Thread 0x0000020e1786e900 flushing  nmethod 0x0000020e045acb90
Event: 20.204 Thread 0x0000020e1786e900 flushing  nmethod 0x0000020e045ad390
Event: 20.204 Thread 0x0000020e1786e900 flushing  nmethod 0x0000020e045ad790
Event: 20.204 Thread 0x0000020e1786e900 flushing  nmethod 0x0000020e045adf10
Event: 20.204 Thread 0x0000020e1786e900 flushing  nmethod 0x0000020e045aeb10

Events (20 events):
Event: 13.824 Thread 0x0000020e28184660 Thread added: 0x0000020e1f67ee30
Event: 13.825 Thread 0x0000020e28184660 Thread added: 0x0000020e1f67e110
Event: 13.825 Thread 0x0000020e28184660 Thread added: 0x0000020e1f682940
Event: 13.825 Thread 0x0000020e28184660 Thread added: 0x0000020e1f67f4c0
Event: 13.906 Thread 0x0000020e28181870 Thread added: 0x0000020e1f684380
Event: 13.937 Thread 0x0000020e28181870 Thread added: 0x0000020e1f684a10
Event: 13.937 Thread 0x0000020e28181870 Thread added: 0x0000020e1f682fd0
Event: 13.937 Thread 0x0000020e28181870 Thread added: 0x0000020e1f681c20
Event: 13.938 Thread 0x0000020e28181870 Thread added: 0x0000020e1f685730
Event: 13.938 Thread 0x0000020e28181870 Thread added: 0x0000020e1f683cf0
Event: 13.938 Thread 0x0000020e28181870 Thread added: 0x0000020e1f6850a0
Event: 13.939 Thread 0x0000020e28181870 Thread added: 0x0000020e1f6822b0
Event: 13.939 Thread 0x0000020e28181870 Thread added: 0x0000020e1f683660
Event: 13.939 Thread 0x0000020e28181870 Thread added: 0x0000020e1e6304d0
Event: 13.939 Thread 0x0000020e28181870 Thread added: 0x0000020e1e62f120
Event: 13.940 Thread 0x0000020e28181870 Thread added: 0x0000020e1e62f7b0
Event: 14.305 Thread 0x0000020e28181870 Thread added: 0x0000020e1e62fe40
Event: 14.305 Thread 0x0000020e28181870 Thread added: 0x0000020e1e62d6e0
Event: 14.306 Thread 0x0000020e28181870 Thread added: 0x0000020e1e62d050
Event: 14.306 Thread 0x0000020e28181870 Thread added: 0x0000020e1e6311f0


Dynamic libraries:
0x00007ff6638a0000 - 0x00007ff6638aa000 	C:\android2\jbr\bin\java.exe
0x00007ffb76d20000 - 0x00007ffb76f87000 	C:\WINDOWS\SYSTEM32\ntdll.dll
0x00007ffb76c10000 - 0x00007ffb76cdb000 	C:\WINDOWS\System32\KERNEL32.DLL
0x00007ffb73fe0000 - 0x00007ffb743e2000 	C:\WINDOWS\System32\KERNELBASE.dll
0x00007ffb744e0000 - 0x00007ffb7462c000 	C:\WINDOWS\System32\ucrtbase.dll
0x00007ffb5dc90000 - 0x00007ffb5dcab000 	C:\android2\jbr\bin\VCRUNTIME140.dll
0x00007ffb5d7b0000 - 0x00007ffb5d7c8000 	C:\android2\jbr\bin\jli.dll
0x00007ffb75810000 - 0x00007ffb759df000 	C:\WINDOWS\System32\USER32.dll
0x00007ffb54a10000 - 0x00007ffb54ca0000 	C:\WINDOWS\WinSxS\amd64_microsoft.windows.common-controls_6595b64144ccf1df_6.0.26100.9278_none_3e0d1ba8e3303201\COMCTL32.dll
0x00007ffb743f0000 - 0x00007ffb74417000 	C:\WINDOWS\System32\win32u.dll
0x00007ffb75bd0000 - 0x00007ffb75c79000 	C:\WINDOWS\System32\msvcrt.dll
0x00007ffb75ca0000 - 0x00007ffb75ccb000 	C:\WINDOWS\System32\GDI32.dll
0x00007ffb74910000 - 0x00007ffb74a39000 	C:\WINDOWS\System32\gdi32full.dll
0x00007ffb747d0000 - 0x00007ffb74873000 	C:\WINDOWS\System32\msvcp_win.dll
0x00007ffb74a40000 - 0x00007ffb74a71000 	C:\WINDOWS\System32\IMM32.DLL
0x00007ffb6e660000 - 0x00007ffb6e66c000 	C:\android2\jbr\bin\vcruntime140_1.dll
0x00007ffb05570000 - 0x00007ffb055fd000 	C:\android2\jbr\bin\msvcp140.dll
0x00007ffada8b0000 - 0x00007ffadb546000 	C:\android2\jbr\bin\server\jvm.dll
0x00007ffb75e80000 - 0x00007ffb75f3c000 	C:\WINDOWS\System32\ADVAPI32.dll
0x00007ffb763c0000 - 0x00007ffb76469000 	C:\WINDOWS\System32\sechost.dll
0x00007ffb76800000 - 0x00007ffb76918000 	C:\WINDOWS\System32\RPCRT4.dll
0x00007ffb76590000 - 0x00007ffb76610000 	C:\WINDOWS\System32\WS2_32.dll
0x00007ffb73d80000 - 0x00007ffb73dde000 	C:\WINDOWS\SYSTEM32\POWRPROF.dll
0x00007ffb6a4c0000 - 0x00007ffb6a4f6000 	C:\WINDOWS\SYSTEM32\WINMM.dll
0x00007ffb547d0000 - 0x00007ffb547db000 	C:\WINDOWS\SYSTEM32\VERSION.dll
0x00007ffb73d60000 - 0x00007ffb73d75000 	C:\WINDOWS\SYSTEM32\UMPDC.dll
0x00007ffb72b50000 - 0x00007ffb72b6b000 	C:\WINDOWS\SYSTEM32\kernel.appcore.dll
0x00007ffb6a440000 - 0x00007ffb6a44a000 	C:\android2\jbr\bin\jimage.dll
0x00007ffb714c0000 - 0x00007ffb7170c000 	C:\WINDOWS\SYSTEM32\DBGHELP.DLL
0x00007ffb75f50000 - 0x00007ffb762d5000 	C:\WINDOWS\System32\combase.dll
0x00007ffb762e0000 - 0x00007ffb763b9000 	C:\WINDOWS\System32\OLEAUT32.dll
0x00007ffb4dca0000 - 0x00007ffb4dcdb000 	C:\WINDOWS\SYSTEM32\dbgcore.DLL
0x00007ffb73f20000 - 0x00007ffb73fcc000 	C:\WINDOWS\System32\bcryptPrimitives.dll
0x00007ffb5d7a0000 - 0x00007ffb5d7ae000 	C:\android2\jbr\bin\instrument.dll
0x00007ffb5d730000 - 0x00007ffb5d750000 	C:\android2\jbr\bin\java.dll
0x00007ffb5d710000 - 0x00007ffb5d728000 	C:\android2\jbr\bin\zip.dll
0x00007ffb75000000 - 0x00007ffb75798000 	C:\WINDOWS\System32\SHELL32.dll
0x00007ffb71950000 - 0x00007ffb721fe000 	C:\WINDOWS\SYSTEM32\windows.storage.dll
0x00007ffb76aa0000 - 0x00007ffb76b9b000 	C:\WINDOWS\System32\SHCORE.dll
0x00007ffb76ba0000 - 0x00007ffb76c06000 	C:\WINDOWS\System32\shlwapi.dll
0x00007ffb73e40000 - 0x00007ffb73e69000 	C:\WINDOWS\SYSTEM32\profapi.dll
0x00007ffb69ed0000 - 0x00007ffb69ee0000 	C:\android2\jbr\bin\net.dll
0x00007ffb6dd40000 - 0x00007ffb6de6a000 	C:\WINDOWS\SYSTEM32\WINHTTP.dll
0x00007ffb731b0000 - 0x00007ffb7321c000 	C:\WINDOWS\system32\mswsock.dll
0x00007ffb5d4a0000 - 0x00007ffb5d4b6000 	C:\android2\jbr\bin\nio.dll
0x00007ffb5e3d0000 - 0x00007ffb5e3e0000 	C:\android2\jbr\bin\verify.dll
0x00007ffb59950000 - 0x00007ffb59977000 	C:\Users\Mica\.gradle\native\1def1411415f61bf3af743bc5b6707747c0891f09f0c88961ee8f79bc544acac\windows-amd64\native-platform.dll
0x00007ffb15cc0000 - 0x00007ffb15d38000 	C:\Users\Mica\.gradle\native\0.2.7\x86_64-windows-gnu\gradle-fileevents.dll
0x00007ffb628d0000 - 0x00007ffb628d9000 	C:\android2\jbr\bin\management.dll
0x00007ffb61770000 - 0x00007ffb6177b000 	C:\android2\jbr\bin\management_ext.dll
0x00007ffb75cd0000 - 0x00007ffb75cd8000 	C:\WINDOWS\System32\PSAPI.DLL
0x00007ffb725d0000 - 0x00007ffb72603000 	C:\WINDOWS\SYSTEM32\IPHLPAPI.DLL
0x00007ffb75c80000 - 0x00007ffb75c8a000 	C:\WINDOWS\System32\NSI.dll
0x00007ffb62960000 - 0x00007ffb62969000 	C:\android2\jbr\bin\extnet.dll
0x00007ffb734a0000 - 0x00007ffb734bb000 	C:\WINDOWS\SYSTEM32\CRYPTSP.dll
0x00007ffb72b70000 - 0x00007ffb72ba9000 	C:\WINDOWS\system32\rsaenh.dll
0x00007ffb73260000 - 0x00007ffb73294000 	C:\WINDOWS\SYSTEM32\USERENV.dll
0x00007ffb73e10000 - 0x00007ffb73e3a000 	C:\WINDOWS\SYSTEM32\bcrypt.dll
0x00007ffb734c0000 - 0x00007ffb734cc000 	C:\WINDOWS\SYSTEM32\CRYPTBASE.dll
0x00007ffb27970000 - 0x00007ffb27978000 	C:\WINDOWS\system32\wshunix.dll

JVMTI agents:
C:\Users\Mica\.gradle\wrapper\dists\gradle-8.13-bin\5xuhj0ry160q40clulazy9h7d\gradle-8.13\lib\agents\gradle-instrumentation-agent-8.13.jar path:C:\android2\jbr\bin\instrument.dll, loaded, initialized, instrumentlib options:none

dbghelp: loaded successfully - version: 4.0.5 - missing functions: none
symbol engine: initialized successfully - sym options: 0x614 - pdb path: .;C:\android2\jbr\bin;C:\WINDOWS\SYSTEM32;C:\WINDOWS\WinSxS\amd64_microsoft.windows.common-controls_6595b64144ccf1df_6.0.26100.9278_none_3e0d1ba8e3303201;C:\android2\jbr\bin\server;C:\Users\Mica\.gradle\native\1def1411415f61bf3af743bc5b6707747c0891f09f0c88961ee8f79bc544acac\windows-amd64;C:\Users\Mica\.gradle\native\0.2.7\x86_64-windows-gnu

VM Arguments:
jvm_args: --add-opens=java.base/java.lang=ALL-UNNAMED --add-opens=java.base/java.lang.invoke=ALL-UNNAMED --add-opens=java.base/java.util=ALL-UNNAMED --add-opens=java.prefs/java.util.prefs=ALL-UNNAMED --add-exports=jdk.compiler/com.sun.tools.javac.api=ALL-UNNAMED --add-exports=jdk.compiler/com.sun.tools.javac.util=ALL-UNNAMED --add-opens=java.base/java.util=ALL-UNNAMED --add-opens=java.prefs/java.util.prefs=ALL-UNNAMED --add-opens=java.base/java.nio.charset=ALL-UNNAMED --add-opens=java.base/java.net=ALL-UNNAMED --add-opens=java.base/java.util.concurrent.atomic=ALL-UNNAMED --add-opens=java.xml/javax.xml.namespace=ALL-UNNAMED -Xmx2048m -Dfile.encoding=UTF-8 -Duser.country=US -Duser.language=en -Duser.variant -javaagent:C:\Users\Mica\.gradle\wrapper\dists\gradle-8.13-bin\5xuhj0ry160q40clulazy9h7d\gradle-8.13\lib\agents\gradle-instrumentation-agent-8.13.jar 
java_command: org.gradle.launcher.daemon.bootstrap.GradleDaemon 8.13
java_class_path (initial): C:\Users\Mica\.gradle\wrapper\dists\gradle-8.13-bin\5xuhj0ry160q40clulazy9h7d\gradle-8.13\lib\gradle-daemon-main-8.13.jar
Launcher Type: SUN_STANDARD

[Global flags]
     intx CICompilerCount                          = 4                                         {product} {ergonomic}
     uint ConcGCThreads                            = 3                                         {product} {ergonomic}
     uint G1ConcRefinementThreads                  = 10                                        {product} {ergonomic}
   size_t G1HeapRegionSize                         = 1048576                                   {product} {ergonomic}
    uintx GCDrainStackTargetSize                   = 64                                        {product} {ergonomic}
   size_t InitialHeapSize                          = 130023424                                 {product} {ergonomic}
   size_t MarkStackSize                            = 4194304                                   {product} {ergonomic}
   size_t MaxHeapSize                              = 2147483648                                {product} {command line}
   size_t MaxNewSize                               = 1287651328                                {product} {ergonomic}
   size_t MinHeapDeltaBytes                        = 1048576                                   {product} {ergonomic}
   size_t MinHeapSize                              = 8388608                                   {product} {ergonomic}
    uintx NonNMethodCodeHeapSize                   = 5839372                                {pd product} {ergonomic}
    uintx NonProfiledCodeHeapSize                  = 122909434                              {pd product} {ergonomic}
    uintx ProfiledCodeHeapSize                     = 122909434                              {pd product} {ergonomic}
    uintx ReservedCodeCacheSize                    = 251658240                              {pd product} {ergonomic}
     bool SegmentedCodeCache                       = true                                      {product} {ergonomic}
   size_t SoftMaxHeapSize                          = 2147483648                             {manageable} {ergonomic}
     bool UseCompressedOops                        = true                           {product lp64_product} {ergonomic}
     bool UseG1GC                                  = true                                      {product} {ergonomic}
     bool UseLargePagesIndividualAllocation        = false                                  {pd product} {ergonomic}

Logging:
Log output configuration:
 #0: stdout all=warning uptime,level,tags foldmultilines=false
 #1: stderr all=off uptime,level,tags foldmultilines=false

Environment Variables:
PATH=C:\Program Files (x86)\Common Files\Intel\Shared Files\fortran\bin\Intel64;C:\Program Files (x86)\Common Files\Intel\Shared Libraries\redist\intel64_win\mpirt;C:\Program Files (x86)\Common Files\Intel\Shared Libraries\redist\intel64_win\compiler;C:\WINDOWS\system32;C:\WINDOWS;C:\WINDOWS\System32\Wbem;C:\WINDOWS\System32\WindowsPowerShell\v1.0\;C:\WINDOWS\System32\OpenSSH\;C:\MinGW\bin;C:\Program Files\Java;C:\Program Files\Java\jdk1.8.0_351\bin;C:\MinGW;C:\jdk-25_windows-x64_bin;C:\Program Files\Git\cmd;C:\Program Files\Microsoft SQL Server\110\Tools\Binn\;D:\CybersecPrac\Python\Scripts\;D:\CybersecPrac\Python\;C:\Users\Mica\AppData\Local\Programs\Python\Launcher\;C:\Program Files\MySQL\MySQL Shell 8.0\bin\;C:\Users\Mica\AppData\Local\Microsoft\WindowsApps;C:\Users\Mica\AppData\Local\Programs\Microsoft VS Code\bin;C:\MinGW;C:\jdk-25_windows-x64_bin\jdk-25;C:\Users\Mica\AppData\Local\GitHubDesktop\bin;C:\Users\Mica\.local\bin;
USERNAME=Mica
OS=Windows_NT
PROCESSOR_IDENTIFIER=Intel64 Family 6 Model 186 Stepping 3, GenuineIntel
TMP=C:\Users\Mica\AppData\Local\Temp
TEMP=C:\Users\Mica\AppData\Local\Temp




Periodic native trim disabled

JNI global refs:
JNI global refs: 29, weak refs: 261

JNI global refs memory usage: 835, weak refs: 3361

Process memory usage:
Resident Set Size: 681920K (8% of 8069112K total physical memory with 462420K free physical memory)

OOME stack traces (most recent first):
Classloader memory used:
Loader org.gradle.internal.classloader.VisitableURLClassLoader$InstrumentingVisitableURLClassLoader: 44371K
Loader org.gradle.internal.classloader.VisitableURLClassLoader                         : 43979K
Loader bootstrap                                                                       : 28366K
Loader org.gradle.initialization.MixInLegacyTypesClassLoader                           : 12941K
Loader jdk.internal.loader.ClassLoaders$PlatformClassLoader                            : 509K
Loader jdk.internal.reflect.DelegatingClassLoader                                      : 338K
Loader jdk.internal.loader.ClassLoaders$AppClassLoader                                 : 235K
Loader org.gradle.internal.classloader.VisitableURLClassLoader                         : 160K
Loader org.gradle.groovy.scripts.internal.DefaultScriptCompilationHandler$ScriptClassLoader: 136K
Loader org.codehaus.groovy.runtime.callsite.CallSiteClassLoader                        : 27512B

Classes loaded by more than one classloader:
Class Program                                                                         : loaded 5 times (x 72B)
Class Build_gradle                                                                    : loaded 3 times (x 130B)
Class Build_gradle$1                                                                  : loaded 3 times (x 74B)
Class ijKotlinCoroutineJvmDebugInit1_5heortybpb2eo1dafnmtj4ity$_run_closure1          : loaded 2 times (x 139B)
Class org.gradle.internal.classloader.FilteringClassLoader                            : loaded 2 times (x 105B)
Class com.google.common.base.CharMatcher$IsEither                                     : loaded 2 times (x 111B)
Class org.gradle.internal.classloader.ClassLoaderHierarchy                            : loaded 2 times (x 70B)
Class com.google.common.collect.ImmutableEnumSet                                      : loaded 2 times (x 146B)
Class com.google.common.util.concurrent.ExecutionError                                : loaded 2 times (x 82B)
Class com.google.common.collect.ImmutableList$1                                       : loaded 2 times (x 97B)
Class org.gradle.api.internal.classpath.ManifestUtil                                  : loaded 2 times (x 71B)
Class com.google.common.io.ByteArrayDataOutput                                        : loaded 2 times (x 70B)
Class com.google.common.collect.RegularImmutableMap                                   : loaded 2 times (x 121B)
Class com.google.common.collect.ImmutableMap$MapViewOfValuesAsSingletonSets           : loaded 2 times (x 126B)
Class [Lorg.objectweb.asm.Symbol;                                                     : loaded 2 times (x 69B)
Class org.objectweb.asm.ClassVisitor                                                  : loaded 2 times (x 88B)
Class com.google.common.collect.UnmodifiableListIterator                              : loaded 2 times (x 95B)
Class com.google.common.base.Platform$JdkPatternCompiler                              : loaded 2 times (x 75B)
Class org.objectweb.asm.MethodTooLargeException                                       : loaded 2 times (x 83B)
Class [Lcom.google.common.cache.CacheBuilder$OneWeigher;                              : loaded 2 times (x 69B)
Class com.google.common.base.Suppliers                                                : loaded 2 times (x 71B)
Class org.gradle.internal.classloader.DefaultClassLoaderFactory                       : loaded 2 times (x 82B)
Class org.gradle.internal.classloader.ClassLoaderVisitor                              : loaded 2 times (x 76B)
Class [Lcom.google.common.collect.ImmutableMapEntry;                                  : loaded 2 times (x 69B)
Class org.gradle.api.internal.classpath.EffectiveClassPath                            : loaded 2 times (x 90B)
Class com.google.common.collect.ListMultimap                                          : loaded 2 times (x 70B)
Class com.google.common.collect.ImmutableEnumMap                                      : loaded 2 times (x 126B)
Class com.google.common.collect.Sets$1                                                : loaded 2 times (x 139B)
Class org.objectweb.asm.AnnotationVisitor                                             : loaded 2 times (x 78B)
Class org.gradle.api.internal.DefaultClassPathProvider                                : loaded 2 times (x 76B)
Class com.google.common.collect.Sets$2                                                : loaded 2 times (x 139B)
Class [Lorg.gradle.api.internal.ClassPathProvider;                                    : loaded 2 times (x 69B)
Class org.gradle.api.internal.ClassPathProvider                                       : loaded 2 times (x 70B)
Class com.google.common.collect.Sets$3                                                : loaded 2 times (x 139B)
Class com.google.common.util.concurrent.AbstractFuture$SafeAtomicHelper               : loaded 2 times (x 79B)
Class com.google.common.cache.LocalCache$LocalLoadingCache                            : loaded 2 times (x 134B)
Class org.gradle.internal.service.UnknownServiceException                             : loaded 2 times (x 83B)
Class com.google.common.io.ByteArrayDataInput                                         : loaded 2 times (x 70B)
Class com.google.common.collect.Sets$4                                                : loaded 2 times (x 139B)
Class org.objectweb.asm.ModuleVisitor                                                 : loaded 2 times (x 81B)
Class com.google.common.cache.LocalCache$Strength$1                                   : loaded 2 times (x 81B)
Class com.google.common.util.concurrent.SettableFuture                                : loaded 2 times (x 114B)
Class com.google.common.cache.LocalCache$Strength$2                                   : loaded 2 times (x 81B)
Class com.google.common.io.ByteStreams                                                : loaded 2 times (x 71B)
Class com.google.common.cache.LocalCache$Strength$3                                   : loaded 2 times (x 81B)
Class com.google.common.collect.MapDifference                                         : loaded 2 times (x 70B)
Class org.objectweb.asm.FieldWriter                                                   : loaded 2 times (x 78B)
Class com.google.common.cache.CacheBuilder$NullListener                               : loaded 2 times (x 82B)
Class org.gradle.internal.classpath.TransformedClassPath                              : loaded 2 times (x 96B)
Class org.gradle.internal.classloader.InstrumentingClassLoader                        : loaded 2 times (x 70B)
Class com.google.common.cache.CacheLoader$FunctionToCacheLoader                       : loaded 2 times (x 75B)
Class com.google.common.collect.Iterators$ArrayItr                                    : loaded 2 times (x 97B)
Class com.google.common.collect.ImmutableCollection$Builder                           : loaded 2 times (x 76B)
Class com.google.common.base.Joiner                                                   : loaded 2 times (x 79B)
Class com.google.common.base.MoreObjects                                              : loaded 2 times (x 71B)
Class com.google.common.collect.Platform                                              : loaded 2 times (x 71B)
Class [Lorg.objectweb.asm.Type;                                                       : loaded 2 times (x 69B)
Class com.google.common.collect.UnmodifiableIterator                                  : loaded 2 times (x 80B)
Class org.gradle.internal.service.ServiceLocator                                      : loaded 2 times (x 70B)
Class com.google.common.base.Ascii                                                    : loaded 2 times (x 71B)
Class com.google.common.collect.SingletonImmutableBiMap                               : loaded 2 times (x 143B)
Class com.google.common.cache.LocalCache$1                                            : loaded 2 times (x 89B)
Class com.google.common.collect.AbstractMapEntry                                      : loaded 2 times (x 81B)
Class com.google.common.collect.Sets$ImprovedAbstractSet                              : loaded 2 times (x 135B)
Class com.google.common.collect.ImmutableList$Builder                                 : loaded 2 times (x 77B)
Class com.google.common.collect.AbstractMultimap                                      : loaded 2 times (x 123B)
Class com.google.common.cache.LocalCache$2                                            : loaded 2 times (x 142B)
Class com.google.common.util.concurrent.AbstractFuture$UnsafeAtomicHelper$1           : loaded 2 times (x 76B)
Class com.google.common.collect.RegularImmutableAsList                                : loaded 2 times (x 217B)
Class com.google.common.util.concurrent.AbstractFuture$Trusted                        : loaded 2 times (x 70B)
Class com.google.common.collect.Iterators                                             : loaded 2 times (x 71B)
Class com.google.common.collect.Lists$StringAsImmutableList                           : loaded 2 times (x 207B)
Class com.google.common.util.concurrent.UncheckedExecutionException                   : loaded 2 times (x 82B)
Class org.gradle.kotlin.dsl.VersionCatalogAccessorsKt                                 : loaded 2 times (x 71B)
Class org.gradle.internal.InternalTransformer                                         : loaded 2 times (x 70B)
Class com.google.common.collect.AbstractMapBasedMultimap$KeySet$1                     : loaded 2 times (x 82B)
Class org.objectweb.asm.ClassWriter                                                   : loaded 2 times (x 106B)
Class com.google.common.cache.CacheLoader$UnsupportedLoadingOperationException        : loaded 2 times (x 82B)
Class com.google.common.base.CharMatcher$And                                          : loaded 2 times (x 112B)
Class org.gradle.internal.classloader.ClasspathUtil$1                                 : loaded 2 times (x 76B)
Class org.objectweb.asm.FieldVisitor                                                  : loaded 2 times (x 77B)
Class com.google.common.collect.IndexedImmutableSet                                   : loaded 2 times (x 152B)
Class com.google.common.collect.ImmutableMap$1                                        : loaded 2 times (x 81B)
Class com.google.common.collect.BiMap                                                 : loaded 2 times (x 70B)
Class org.gradle.api.internal.classpath.DefaultModuleRegistry$DefaultModule           : loaded 2 times (x 86B)
Class com.google.common.primitives.Ints                                               : loaded 2 times (x 71B)
Class com.google.common.collect.AbstractIterator                                      : loaded 2 times (x 82B)
Class com.google.common.collect.ObjectArrays                                          : loaded 2 times (x 71B)
Class com.google.common.collect.Multiset                                              : loaded 2 times (x 70B)
Class com.google.common.collect.RegularImmutableMap$KeySet                            : loaded 2 times (x 152B)
Class com.google.common.collect.AbstractIndexedListIterator                           : loaded 2 times (x 96B)
Class com.google.common.math.MathPreconditions                                        : loaded 2 times (x 71B)
Class com.google.common.collect.ImmutableMapEntrySet                                  : loaded 2 times (x 152B)
Class org.gradle.api.internal.classpath.Module                                        : loaded 2 times (x 70B)
Class com.google.common.cache.Weigher                                                 : loaded 2 times (x 70B)
Class org.gradle.api.internal.classpath.UnknownModuleException                        : loaded 2 times (x 82B)
Class com.google.common.base.Stopwatch                                                : loaded 2 times (x 72B)
Class com.google.common.cache.LocalCache$Strength                                     : loaded 2 times (x 81B)
Class com.google.common.cache.Cache                                                   : loaded 2 times (x 70B)
Class com.google.common.base.NullnessCasts                                            : loaded 2 times (x 71B)
Class com.google.common.util.concurrent.AbstractFuture$Cancellation                   : loaded 2 times (x 72B)
Class com.google.common.collect.ImmutableMap$Builder                                  : loaded 2 times (x 82B)
Class com.google.common.cache.RemovalListener                                         : loaded 2 times (x 70B)
Class org.gradle.api.internal.DefaultClassPathRegistry                                : loaded 2 times (x 76B)
Class com.google.common.primitives.IntsMethodsForWeb                                  : loaded 2 times (x 71B)
Class com.google.common.collect.Multimap                                              : loaded 2 times (x 70B)
Class org.gradle.api.internal.ClassPathRegistry                                       : loaded 2 times (x 70B)
Class org.gradle.internal.classpath.DefaultClassPath$ImmutableUniqueList              : loaded 2 times (x 199B)
Class com.google.common.base.Equivalence$Identity                                     : loaded 2 times (x 82B)
Class com.google.common.cache.CacheBuilder                                            : loaded 2 times (x 72B)
Class com.google.common.collect.SingletonImmutableList                                : loaded 2 times (x 207B)
Class Settings_gradle$1                                                               : loaded 2 times (x 74B)
Class ijJvmDebugger1_65fnlwx6uellm4cl5w6h6zgr9$_run_closure1                          : loaded 2 times (x 139B)
Class org.gradle.internal.classpath.ClassPath                                         : loaded 2 times (x 70B)
Class org.gradle.api.UncheckedIOException                                             : loaded 2 times (x 82B)
Class com.google.common.base.JdkPattern                                               : loaded 2 times (x 75B)
Class com.google.common.collect.ImmutableList$ReverseImmutableList                    : loaded 2 times (x 209B)
Class org.objectweb.asm.SymbolTable$Entry                                             : loaded 2 times (x 74B)
Class com.google.common.util.concurrent.AbstractFuture$AtomicHelper                   : loaded 2 times (x 78B)
Class org.objectweb.asm.Edge                                                          : loaded 2 times (x 72B)
Class com.google.common.base.Suppliers$SupplierOfInstance                             : loaded 2 times (x 79B)
Class com.google.common.collect.Iterators$1                                           : loaded 2 times (x 81B)
Class com.google.common.cache.LocalCache$ComputingValueReference                      : loaded 2 times (x 96B)
Class com.google.common.collect.SingletonImmutableSet                                 : loaded 2 times (x 146B)
Class com.google.common.collect.ImmutableMap$IteratorBasedImmutableMap                : loaded 2 times (x 126B)
Class com.google.common.cache.LocalCache$Segment                                      : loaded 2 times (x 154B)
Class com.google.common.collect.AbstractListMultimap                                  : loaded 2 times (x 172B)
Class [Lorg.objectweb.asm.SymbolTable$Entry;                                          : loaded 2 times (x 69B)
Class com.google.common.cache.CacheLoader                                             : loaded 2 times (x 74B)
Class com.google.common.collect.Iterators$4                                           : loaded 2 times (x 82B)
Class com.google.common.collect.ImmutableBiMap                                        : loaded 2 times (x 143B)
Class org.gradle.internal.installation.GradleInstallation$1                           : loaded 2 times (x 75B)
Class org.gradle.api.internal.classpath.ModuleRegistry                                : loaded 2 times (x 70B)
Class com.google.common.util.concurrent.internal.InternalFutureFailureAccess          : loaded 2 times (x 72B)
Class com.google.common.collect.Iterators$5                                           : loaded 2 times (x 82B)
Class com.google.common.collect.ImmutableSet$JdkBackedSetBuilderImpl                  : loaded 2 times (x 76B)
Class com.google.common.util.concurrent.AbstractFuture$UnsafeAtomicHelper             : loaded 2 times (x 78B)
Class com.google.common.cache.LocalCache$LocalManualCache$1                           : loaded 2 times (x 75B)
Class com.google.common.base.CharMatcher$ForPredicate                                 : loaded 2 times (x 112B)
Class com.google.common.base.CharMatcher$AnyOf                                        : loaded 2 times (x 112B)
Class com.google.common.collect.ImmutableCollection                                   : loaded 2 times (x 125B)
Class org.gradle.api.internal.classpath.DefaultModuleRegistry                         : loaded 2 times (x 86B)
Class com.google.common.collect.Lists                                                 : loaded 2 times (x 71B)
Class com.google.common.util.concurrent.ListenableFuture                              : loaded 2 times (x 70B)
Class com.google.common.cache.ReferenceEntry                                          : loaded 2 times (x 70B)
Class com.google.common.base.Converter                                                : loaded 2 times (x 90B)
Class com.google.common.collect.ImmutableSet$CachingAsList                            : loaded 2 times (x 148B)
Class com.google.common.collect.AbstractMapBasedMultimap                              : loaded 2 times (x 139B)
Class com.google.common.util.concurrent.AbstractFuture                                : loaded 2 times (x 106B)
Class com.google.common.base.FunctionalEquivalence                                    : loaded 2 times (x 83B)
Class com.google.common.collect.Iterators$9                                           : loaded 2 times (x 81B)
Class com.google.common.collect.ImmutableAsList                                       : loaded 2 times (x 209B)
Class org.objectweb.asm.RecordComponentVisitor                                        : loaded 2 times (x 77B)
Class com.google.common.cache.CacheLoader$SupplierToCacheLoader                       : loaded 2 times (x 75B)
Class com.google.common.collect.Maps$EntryTransformer                                 : loaded 2 times (x 70B)
Class org.gradle.internal.service.ServiceLookupException                              : loaded 2 times (x 82B)
Class [Lcom.google.common.cache.LocalCache$EntryFactory;                              : loaded 2 times (x 69B)
Class org.gradle.internal.classloader.ClassLoaderFactory                              : loaded 2 times (x 70B)
Class com.google.common.base.CommonPattern                                            : loaded 2 times (x 74B)
Class com.google.common.cache.LocalCache$LocalManualCache                             : loaded 2 times (x 99B)
Class com.google.common.base.CharMatcher$IsNot                                        : loaded 2 times (x 111B)
Class org.gradle.internal.service.CachingServiceLocator                               : loaded 2 times (x 82B)
Class com.google.common.collect.AbstractMapBasedMultimap$KeySet                       : loaded 2 times (x 137B)
Class com.google.common.math.IntMath                                                  : loaded 2 times (x 71B)
Class com.google.common.collect.ImmutableMapEntry                                     : loaded 2 times (x 85B)
Class com.google.common.base.Equivalence                                              : loaded 2 times (x 82B)
Class com.google.common.base.Function                                                 : loaded 2 times (x 70B)
Class com.google.common.collect.ImmutableMapEntry$NonTerminalImmutableMapEntry        : loaded 2 times (x 85B)
Class com.google.common.cache.CacheBuilder$OneWeigher                                 : loaded 2 times (x 82B)
Class com.google.common.collect.RegularImmutableList                                  : loaded 2 times (x 213B)
Class org.gradle.internal.classloader.ClasspathUtil                                   : loaded 2 times (x 71B)
Class com.google.common.base.Charsets                                                 : loaded 2 times (x 71B)
Class com.google.common.util.concurrent.Uninterruptibles                              : loaded 2 times (x 71B)
Class com.google.common.collect.Maps                                                  : loaded 2 times (x 71B)
Class org.gradle.api.specs.Spec                                                       : loaded 2 times (x 70B)
Class [Lcom.google.common.collect.ImmutableEntry;                                     : loaded 2 times (x 69B)
Class com.google.common.cache.LocalCache$LoadingValueReference                        : loaded 2 times (x 96B)
Class com.google.common.collect.ArrayListMultimapGwtSerializationDependencies         : loaded 2 times (x 172B)
Class com.google.common.base.Platform                                                 : loaded 2 times (x 71B)
Class com.google.common.collect.Maps$8                                                : loaded 2 times (x 82B)
Class com.google.common.collect.Sets$SetView                                          : loaded 2 times (x 138B)
Class com.google.common.cache.LocalCache$StrongValueReference                         : loaded 2 times (x 90B)
Class com.google.common.util.concurrent.AbstractFuture$SynchronizedHelper             : loaded 2 times (x 78B)
Class ijKotlinCoroutineJvmDebugInit1_5heortybpb2eo1dafnmtj4ity                        : loaded 2 times (x 179B)
Class org.objectweb.asm.Type                                                          : loaded 2 times (x 72B)
Class org.gradle.internal.classloader.VisitableURLClassLoader$InstrumentingVisitableURLClassLoader: loaded 2 times (x 123B)
Class org.objectweb.asm.ByteVector                                                    : loaded 2 times (x 79B)
Class [Lcom.google.common.cache.CacheBuilder$NullListener;                            : loaded 2 times (x 69B)
Class com.google.common.math.IntMath$1                                                : loaded 2 times (x 71B)
Class org.gradle.internal.classloader.VisitableURLClassLoader$Spec                    : loaded 2 times (x 74B)
Class org.gradle.internal.classpath.DefaultClassPath                                  : loaded 2 times (x 90B)
Class org.objectweb.asm.Symbol                                                        : loaded 2 times (x 73B)
Class com.google.common.io.Closer                                                     : loaded 2 times (x 78B)
Class com.google.common.base.CharMatcher$Ascii                                        : loaded 2 times (x 112B)
Class com.google.common.base.CharMatcher$BitSetMatcher                                : loaded 2 times (x 112B)
Class com.google.common.collect.RegularImmutableMap$Values                            : loaded 2 times (x 207B)
Class com.google.common.collect.ImmutableSet                                          : loaded 2 times (x 145B)
Class org.gradle.internal.classloader.ClassLoaderSpec                                 : loaded 2 times (x 71B)
Class org.objectweb.asm.AnnotationWriter                                              : loaded 2 times (x 79B)
Class com.google.common.cache.CacheStats                                              : loaded 2 times (x 71B)
Class com.google.common.io.Closer$Suppressor                                          : loaded 2 times (x 70B)
Class org.objectweb.asm.RecordComponentWriter                                         : loaded 2 times (x 78B)
Class com.google.common.util.concurrent.AbstractFuture$Listener                       : loaded 2 times (x 72B)
Class com.google.common.base.CharMatcher$Or                                           : loaded 2 times (x 112B)
Class Settings_gradle$1$1                                                             : loaded 2 times (x 74B)
Class org.objectweb.asm.Attribute                                                     : loaded 2 times (x 77B)
Class com.google.common.base.Supplier                                                 : loaded 2 times (x 70B)
Class org.gradle.internal.classloader.VisitableURLClassLoader                         : loaded 2 times (x 117B)
Class com.google.common.util.concurrent.AbstractFuture$Waiter                         : loaded 2 times (x 72B)
Class Settings_gradle                                                                 : loaded 2 times (x 128B)
Class org.gradle.internal.Cast                                                        : loaded 2 times (x 71B)
Class org.gradle.api.Action                                                           : loaded 2 times (x 70B)
Class com.google.common.base.Strings                                                  : loaded 2 times (x 71B)
Class com.google.common.collect.Sets                                                  : loaded 2 times (x 71B)
Class org.objectweb.asm.Handler                                                       : loaded 2 times (x 72B)
Class com.google.common.base.Ticker                                                   : loaded 2 times (x 72B)
Class com.google.common.base.CharMatcher$FastMatcher                                  : loaded 2 times (x 111B)
Class [Lcom.google.common.cache.LocalCache$Segment;                                   : loaded 2 times (x 69B)
Class [Lcom.google.common.cache.LocalCache$Strength;                                  : loaded 2 times (x 69B)
Class com.google.common.cache.CacheBuilder$1                                          : loaded 2 times (x 85B)
Class com.google.common.base.Predicate                                                : loaded 2 times (x 70B)
Class com.google.common.collect.ImmutableMap                                          : loaded 2 times (x 120B)
Class org.gradle.internal.classpath.DefaultClassPath$ImmutableUniqueList$Builder      : loaded 2 times (x 75B)
Class com.google.common.cache.LocalCache                                              : loaded 2 times (x 187B)
Class com.google.common.cache.CacheBuilder$2                                          : loaded 2 times (x 79B)
Class com.google.common.base.CharMatcher$NegatedFastMatcher                           : loaded 2 times (x 113B)
Class com.google.common.collect.ArrayListMultimap                                     : loaded 2 times (x 172B)
Class com.google.common.cache.CacheBuilder$3                                          : loaded 2 times (x 72B)
Class [Lcom.google.common.collect.AbstractMapEntry;                                   : loaded 2 times (x 69B)
Class com.google.common.collect.ImmutableEntry                                        : loaded 2 times (x 82B)
Class org.gradle.api.GradleException                                                  : loaded 2 times (x 82B)
Class com.google.common.base.Suppliers$MemoizingSupplier                              : loaded 2 times (x 79B)
Class com.google.common.collect.CollectPreconditions                                  : loaded 2 times (x 71B)
Class com.google.common.collect.SortedMapDifference                                   : loaded 2 times (x 70B)
Class com.google.common.cache.LocalCache$EntryFactory                                 : loaded 2 times (x 83B)
Class com.google.common.cache.LocalCache$AbstractReferenceEntry                       : loaded 2 times (x 107B)
Class org.gradle.internal.IoActions                                                   : loaded 2 times (x 71B)
Class org.objectweb.asm.SymbolTable                                                   : loaded 2 times (x 72B)
Class com.google.common.cache.CacheLoader$InvalidCacheLoadException                   : loaded 2 times (x 82B)
Class com.google.common.collect.ImmutableSet$RegularSetBuilderImpl                    : loaded 2 times (x 77B)
Class org.gradle.internal.classloader.SystemClassLoaderSpec                           : loaded 2 times (x 71B)
Class com.google.common.cache.LocalCache$StrongEntry                                  : loaded 2 times (x 108B)
Class com.google.common.util.concurrent.AbstractFuture$TrustedFuture                  : loaded 2 times (x 114B)
Class com.google.common.cache.LoadingCache                                            : loaded 2 times (x 70B)
Class com.google.common.io.ByteStreams$LimitedInputStream                             : loaded 2 times (x 92B)
Class com.google.common.base.Suppliers$NonSerializableMemoizingSupplier               : loaded 2 times (x 79B)
Class org.objectweb.asm.MethodWriter                                                  : loaded 2 times (x 106B)
Class [Lcom.google.common.cache.Weigher;                                              : loaded 2 times (x 69B)
Class com.google.common.collect.RegularImmutableMap$BucketOverflowException           : loaded 2 times (x 82B)
Class com.google.common.collect.RegularImmutableBiMap                                 : loaded 2 times (x 149B)
Class com.google.common.cache.LocalCache$ValueReference                               : loaded 2 times (x 70B)
Class com.google.common.base.CharMatcher$Negated                                      : loaded 2 times (x 113B)
Class com.google.common.base.CharMatcher$Is                                           : loaded 2 times (x 111B)
Class com.google.common.base.PatternCompiler                                          : loaded 2 times (x 70B)
Class com.google.common.util.concurrent.AbstractFuture$Failure                        : loaded 2 times (x 72B)
Class com.google.common.base.Equivalence$Equals                                       : loaded 2 times (x 82B)
Class com.google.common.collect.Hashing                                               : loaded 2 times (x 71B)
Class com.google.common.base.Preconditions                                            : loaded 2 times (x 71B)
Class com.google.common.base.Joiner$1                                                 : loaded 2 times (x 80B)
Class org.objectweb.asm.Label                                                         : loaded 2 times (x 73B)
Class org.objectweb.asm.CurrentFrame                                                  : loaded 2 times (x 73B)
Class org.objectweb.asm.ClassTooLargeException                                        : loaded 2 times (x 83B)
Class com.google.common.base.CharMatcher                                              : loaded 2 times (x 111B)
Class com.google.common.collect.PeekingIterator                                       : loaded 2 times (x 70B)
Class ijJvmDebugger1_65fnlwx6uellm4cl5w6h6zgr9$_run_closure1$_closure2                : loaded 2 times (x 140B)
Class com.google.common.base.Joiner$2                                                 : loaded 2 times (x 79B)
Class org.objectweb.asm.Frame                                                         : loaded 2 times (x 73B)
Class org.objectweb.asm.MethodVisitor                                                 : loaded 2 times (x 105B)
Class com.google.common.cache.LocalCache$EntryFactory$1                               : loaded 2 times (x 83B)
Class [Lcom.google.common.cache.RemovalListener;                                      : loaded 2 times (x 69B)
Class com.google.common.base.CharMatcher$NamedFastMatcher                             : loaded 2 times (x 112B)
Class com.google.common.base.CharMatcher$1                                            : loaded 2 times (x 113B)
Class com.google.common.cache.LocalCache$EntryFactory$2                               : loaded 2 times (x 83B)
Class org.gradle.api.internal.classpath.GlobalCacheRootsProvider                      : loaded 2 times (x 70B)
Class org.objectweb.asm.ModuleWriter                                                  : loaded 2 times (x 82B)
Class com.google.common.cache.LocalCache$EntryFactory$3                               : loaded 2 times (x 83B)
Class com.google.common.base.Ticker$1                                                 : loaded 2 times (x 72B)
Class com.google.common.collect.Maps$BiMapConverter                                   : loaded 2 times (x 90B)
Class com.google.common.collect.ImmutableMapEntrySet$RegularEntrySet                  : loaded 2 times (x 152B)
Class com.google.common.cache.LocalCache$EntryFactory$4                               : loaded 2 times (x 83B)
Class com.google.common.base.CharMatcher$InRange                                      : loaded 2 times (x 111B)
Class com.google.common.collect.ImmutableSet$Builder                                  : loaded 2 times (x 85B)
Class ijKotlinCoroutineJvmDebugInit1_5heortybpb2eo1dafnmtj4ity$_run_closure1$_closure2: loaded 2 times (x 139B)
Class com.google.common.io.ByteStreams$1                                              : loaded 2 times (x 85B)
Class com.google.common.cache.LocalCache$EntryFactory$5                               : loaded 2 times (x 83B)
Class com.google.common.base.PairwiseEquivalence                                      : loaded 2 times (x 83B)
Class com.google.common.cache.LocalCache$EntryFactory$6                               : loaded 2 times (x 83B)
Class org.gradle.internal.installation.CurrentGradleInstallationLocator               : loaded 2 times (x 71B)
Class com.google.common.collect.Maps$KeySet                                           : loaded 2 times (x 137B)
Class com.google.common.cache.LocalCache$EntryFactory$7                               : loaded 2 times (x 83B)
Class com.google.common.collect.ImmutableSet$EmptySetBuilderImpl                      : loaded 2 times (x 76B)
Class com.google.common.collect.ImmutableList                                         : loaded 2 times (x 206B)
Class org.gradle.internal.service.DefaultServiceLocator                               : loaded 2 times (x 83B)
Class com.google.common.cache.LocalCache$EntryFactory$8                               : loaded 2 times (x 83B)
Class com.google.common.collect.ImmutableSet$SetBuilderImpl                           : loaded 2 times (x 76B)
Class org.gradle.internal.installation.CurrentGradleInstallation                      : loaded 2 times (x 73B)
Class com.google.common.cache.CacheLoader$1                                           : loaded 2 times (x 75B)
Class com.google.common.collect.ForwardingObject                                      : loaded 2 times (x 72B)
Class com.google.common.collect.ImmutableList$SubList                                 : loaded 2 times (x 209B)
Class ijJvmDebugger1_65fnlwx6uellm4cl5w6h6zgr9                                        : loaded 2 times (x 179B)
Class org.gradle.util.internal.GUtil                                                  : loaded 2 times (x 71B)
Class com.google.common.util.concurrent.AbstractFuture$SetFuture                      : loaded 2 times (x 75B)
Class com.google.common.cache.AbstractCache$StatsCounter                              : loaded 2 times (x 70B)
Class com.google.common.collect.Iterators$MergingIterator                             : loaded 2 times (x 81B)
Class com.google.common.collect.RegularImmutableSet                                   : loaded 2 times (x 149B)
Class org.gradle.internal.installation.GradleInstallation                             : loaded 2 times (x 75B)
Class com.google.common.collect.Iterables                                             : loaded 2 times (x 71B)

---------------  S Y S T E M  ---------------

OS:
 Windows 11 , 64 bit Build 26100 (10.0.26100.9444)
OS uptime: 1 days 2:19 hours
Hyper-V role detected

CPU: total 12 (initial active 12) (6 cores per cpu, 2 threads per core) family 6 model 186 stepping 3 microcode 0x410e, cx8, cmov, fxsr, ht, mmx, 3dnowpref, sse, sse2, sse3, ssse3, sse4.1, sse4.2, popcnt, lzcnt, tsc, tscinvbit, avx, avx2, aes, erms, clmul, bmi1, bmi2, adx, sha, fma, vzeroupper, clflush, clflushopt, clwb, hv, serialize, rdtscp, rdpid, fsrm, f16c, cet_ibt, cet_ss
Processor Information for processor 0
  Max Mhz: 1300, Current Mhz: 1300, Mhz Limit: 1300
Processor Information for processor 1
  Max Mhz: 1300, Current Mhz: 1300, Mhz Limit: 1300
Processor Information for processor 2
  Max Mhz: 1300, Current Mhz: 1300, Mhz Limit: 1300
Processor Information for processor 3
  Max Mhz: 1300, Current Mhz: 1300, Mhz Limit: 1300
Processor Information for processor 4
  Max Mhz: 1300, Current Mhz: 900, Mhz Limit: 897
Processor Information for processor 5
  Max Mhz: 1300, Current Mhz: 900, Mhz Limit: 897
Processor Information for processor 6
  Max Mhz: 1300, Current Mhz: 900, Mhz Limit: 897
Processor Information for processor 7
  Max Mhz: 1300, Current Mhz: 900, Mhz Limit: 897
Processor Information for processor 8
  Max Mhz: 1300, Current Mhz: 900, Mhz Limit: 897
Processor Information for processor 9
  Max Mhz: 1300, Current Mhz: 900, Mhz Limit: 897
Processor Information for processor 10
  Max Mhz: 1300, Current Mhz: 900, Mhz Limit: 897
Processor Information for processor 11
  Max Mhz: 1300, Current Mhz: 900, Mhz Limit: 897

Memory: 4k page, system-wide physical 7879M (450M free)
TotalPageFile size 11975M (AvailPageFile size 110M)
current process WorkingSet (physical memory assigned to process): 668M, peak: 746M
current process commit charge ("private bytes"): 893M, peak: 1225M

vm_info: OpenJDK 64-Bit Server VM (21.0.8+-14196175-b1038.72) for windows-amd64 JRE (21.0.8+-14196175-b1038.72), built on 2025-10-01T10:24:33Z by "builder" with MS VC++ 16.10 / 16.11 (VS2019)

END.
