#
# There is insufficient memory for the Java Runtime Environment to continue.
# Native memory allocation (malloc) failed to allocate 131088 bytes. Error detail: Chunk::new
# Possible reasons:
#   The system is out of physical RAM or swap space
#   This process is running with CompressedOops enabled, and the Java Heap may be blocking the growth of the native heap
# Possible solutions:
#   Reduce memory load on the system
#   Increase physical memory or swap space
#   Check if swap backing store is full
#   Decrease Java heap size (-Xmx/-Xms)
#   Decrease number of Java threads
#   Decrease Java thread stack sizes (-Xss)
#   Set larger code cache with -XX:ReservedCodeCacheSize=
#   JVM is running with Unscaled Compressed Oops mode in which the Java heap is
#     placed in the first 4GB address space. The Java Heap base address is the
#     maximum limit for the native heap growth. Please use -XX:HeapBaseMinAddress
#     to set the Java Heap base and to place the Java Heap above 4GB virtual address.
# This output file may be truncated or incomplete.
#
#  Out of Memory Error (arena.cpp:168), pid=5360, tid=19276
#
# JRE version: OpenJDK Runtime Environment (21.0.8) (build 21.0.8+-14196175-b1038.72)
# Java VM: OpenJDK 64-Bit Server VM (21.0.8+-14196175-b1038.72, mixed mode, tiered, compressed oops, compressed class ptrs, g1 gc, windows-amd64)
# No core dump will be written. Minidumps are not enabled by default on client versions of Windows
#

---------------  S U M M A R Y ------------

Command Line: --add-opens=java.base/java.lang=ALL-UNNAMED --add-opens=java.base/java.lang.invoke=ALL-UNNAMED --add-opens=java.base/java.util=ALL-UNNAMED --add-opens=java.prefs/java.util.prefs=ALL-UNNAMED --add-exports=jdk.compiler/com.sun.tools.javac.api=ALL-UNNAMED --add-exports=jdk.compiler/com.sun.tools.javac.util=ALL-UNNAMED --add-opens=java.base/java.util=ALL-UNNAMED --add-opens=java.prefs/java.util.prefs=ALL-UNNAMED --add-opens=java.base/java.nio.charset=ALL-UNNAMED --add-opens=java.base/java.net=ALL-UNNAMED --add-opens=java.base/java.util.concurrent.atomic=ALL-UNNAMED --add-opens=java.xml/javax.xml.namespace=ALL-UNNAMED -Xmx2048m -Dfile.encoding=UTF-8 -Duser.country=PH -Duser.language=en -Duser.variant -javaagent:C:\Users\Mica\.gradle\wrapper\dists\gradle-8.13-bin\5xuhj0ry160q40clulazy9h7d\gradle-8.13\lib\agents\gradle-instrumentation-agent-8.13.jar org.gradle.launcher.daemon.bootstrap.GradleDaemon 8.13

Host: 13th Gen Intel(R) Core(TM) i5-1335U, 12 cores, 7G,  Windows 11 , 64 bit Build 26100 (10.0.26100.8246)
Time: Mon May 11 22:10:53 2026 Malay Peninsula Standard Time elapsed time: 20.050830 seconds (0d 0h 0m 20s)

---------------  T H R E A D  ---------------

Current thread (0x000001acff3400a0):  JavaThread "C2 CompilerThread0" daemon [_thread_in_native, id=19276, stack(0x0000003a81c00000,0x0000003a81d00000) (1024K)]


Current CompileTask:
C2:20050 10843   !   4       java.nio.file.Files::walkFileTree (297 bytes)

Stack: [0x0000003a81c00000,0x0000003a81d00000]
Native frames: (J=compiled Java code, j=interpreted, Vv=VM code, C=native code)
V  [jvm.dll+0x6d68d9]
V  [jvm.dll+0x866693]
V  [jvm.dll+0x868c4e]
V  [jvm.dll+0x869333]
V  [jvm.dll+0x280566]
V  [jvm.dll+0xc07cd]
V  [jvm.dll+0xc0d03]
V  [jvm.dll+0xc08f5]
V  [jvm.dll+0x72cdfc]
V  [jvm.dll+0x609f97]
V  [jvm.dll+0x5ef50c]
V  [jvm.dll+0x5ec80d]
V  [jvm.dll+0x5ee7c8]
V  [jvm.dll+0x5ee379]
V  [jvm.dll+0x5edb6e]
V  [jvm.dll+0x5edb35]
V  [jvm.dll+0x5edb81]
V  [jvm.dll+0x5edb35]
V  [jvm.dll+0x5ffe7a]
V  [jvm.dll+0x252362]
V  [jvm.dll+0x24ac0a]
V  [jvm.dll+0x24871e]
V  [jvm.dll+0x1c73a4]
V  [jvm.dll+0x257f9e]
V  [jvm.dll+0x2564e6]
V  [jvm.dll+0x3f4696]
V  [jvm.dll+0x80eac8]
V  [jvm.dll+0x6d512d]
C  [ucrtbase.dll+0x37b0]
C  [KERNEL32.DLL+0x2e8d7]
C  [ntdll.dll+0x8c3fc]


---------------  P R O C E S S  ---------------

Threads class SMR info:
_java_thread_list=0x000001ac9aceb1e0, length=114, elements={
0x000001acf62c63d0, 0x000001acff301780, 0x000001acff303000, 0x000001acff31bb10,
0x000001acff324ca0, 0x000001acff337490, 0x000001acff338a60, 0x000001acff33acd0,
0x000001acff3400a0, 0x000001acff345760, 0x000001acff6ba4d0, 0x000001ac9612f960,
0x000001ac961347d0, 0x000001ac96128350, 0x000001ac961facf0, 0x000001ac961fb8f0,
0x000001ac960d79b0, 0x000001ac961a9a80, 0x000001ac961aae30, 0x000001ac961aa7a0,
0x000001ac961ab4c0, 0x000001ac961ac870, 0x000001ac961acf00, 0x000001ac961aa110,
0x000001ac961ac1e0, 0x000001ac98b93760, 0x000001ac98b93df0, 0x000001ac98b90970,
0x000001ac98b930d0, 0x000001ac98b94480, 0x000001ac98b91690, 0x000001ac98b91d20,
0x000001ac98b91000, 0x000001ac98b951a0, 0x000001ac98b95830, 0x000001ac98b94b10,
0x000001ac98b923b0, 0x000001ac98b95ec0, 0x000001ac98b92a40, 0x000001ac98b96550,
0x000001ac98b97270, 0x000001ac98b97900, 0x000001ac98f68690, 0x000001ac98f67970,
0x000001ac98f68d20, 0x000001ac98f6a760, 0x000001ac98f6adf0, 0x000001ac98f69a40,
0x000001ac98f6b480, 0x000001ac98f68000, 0x000001ac98f6d550, 0x000001ac98f6bb10,
0x000001ac98f6c1a0, 0x000001ac98f6a0d0, 0x000001ac98f6dbe0, 0x000001ac98f6c830,
0x000001ac98f6cec0, 0x000001ac98f6e270, 0x000001ac98f6e900, 0x000001ac98f6ef90,
0x000001ac95699090, 0x000001ac95696930, 0x000001ac95696fc0, 0x000001ac956962a0,
0x000001ac9569a440, 0x000001ac9569b160, 0x000001ac95698370, 0x000001ac9569c510,
0x000001ac9569d8c0, 0x000001ac965ef430, 0x000001ac965f07e0, 0x000001ac965f0150,
0x000001ac965ee080, 0x000001ac965ee710, 0x000001ac965f2220, 0x000001ac965f1b90,
0x000001ac965f0e70, 0x000001ac965eeda0, 0x000001ac965f28b0, 0x000001ac965f1500,
0x000001ac965efac0, 0x000001ac965f5010, 0x000001ac965f35d0, 0x000001ac965f2f40,
0x000001ac965f4980, 0x000001ac965f3c60, 0x000001ac965f42f0, 0x000001ac98a02fd0,
0x000001ac98a04380, 0x000001ac98a04a10, 0x000001ac98a02940, 0x000001ac98a022b0,
0x000001ac98a050a0, 0x000001ac98a06ae0, 0x000001ac98a03660, 0x000001ac98a07800,
0x000001ac98a05dc0, 0x000001ac98a06450, 0x000001ac98a09240, 0x000001ac989edc40,
0x000001ac989ebb70, 0x000001ac989ec200, 0x000001ac989ea7c0, 0x000001ac989ee2d0,
0x000001ac989ee960, 0x000001ac989efd10, 0x000001ac989eeff0, 0x000001ac989f03a0,
0x000001ac9569b7f0, 0x000001ac9569cba0, 0x000001ac98a05730, 0x000001ac98a098d0,
0x000001ac968f6950, 0x000001ac968f4f10
}

Java Threads: ( => current thread )
  0x000001acf62c63d0 JavaThread "main"                              [_thread_blocked, id=17296, stack(0x0000003a80d00000,0x0000003a80e00000) (1024K)]
  0x000001acff301780 JavaThread "Common-Cleaner"             daemon [_thread_blocked, id=884, stack(0x0000003a81500000,0x0000003a81600000) (1024K)]
  0x000001acff303000 JavaThread "Reference Handler"          daemon [_thread_blocked, id=11560, stack(0x0000003a81600000,0x0000003a81700000) (1024K)]
  0x000001acff31bb10 JavaThread "Finalizer"                  daemon [_thread_blocked, id=15312, stack(0x0000003a81700000,0x0000003a81800000) (1024K)]
  0x000001acff324ca0 JavaThread "Signal Dispatcher"          daemon [_thread_blocked, id=10528, stack(0x0000003a81800000,0x0000003a81900000) (1024K)]
  0x000001acff337490 JavaThread "Attach Listener"            daemon [_thread_blocked, id=18804, stack(0x0000003a81900000,0x0000003a81a00000) (1024K)]
  0x000001acff338a60 JavaThread "Service Thread"             daemon [_thread_blocked, id=15060, stack(0x0000003a81a00000,0x0000003a81b00000) (1024K)]
  0x000001acff33acd0 JavaThread "Monitor Deflation Thread"   daemon [_thread_blocked, id=6424, stack(0x0000003a81b00000,0x0000003a81c00000) (1024K)]
=>0x000001acff3400a0 JavaThread "C2 CompilerThread0"         daemon [_thread_in_native, id=19276, stack(0x0000003a81c00000,0x0000003a81d00000) (1024K)]
  0x000001acff345760 JavaThread "C1 CompilerThread0"         daemon [_thread_blocked, id=14568, stack(0x0000003a81d00000,0x0000003a81e00000) (1024K)]
  0x000001acff6ba4d0 JavaThread "Notification Thread"        daemon [_thread_blocked, id=7936, stack(0x0000003a81e00000,0x0000003a81f00000) (1024K)]
  0x000001ac9612f960 JavaThread "Daemon health stats"               [_thread_blocked, id=7736, stack(0x0000003a82700000,0x0000003a82800000) (1024K)]
  0x000001ac961347d0 JavaThread "Incoming local TCP Connector on port 58978"        [_thread_in_native, id=18728, stack(0x0000003a82800000,0x0000003a82900000) (1024K)]
  0x000001ac96128350 JavaThread "Daemon periodic checks"            [_thread_blocked, id=15512, stack(0x0000003a82900000,0x0000003a82a00000) (1024K)]
  0x000001ac961facf0 JavaThread "Daemon"                            [_thread_blocked, id=16704, stack(0x0000003a82a00000,0x0000003a82b00000) (1024K)]
  0x000001ac961fb8f0 JavaThread "Handler for socket connection from /127.0.0.1:58978 to /127.0.0.1:58979"        [_thread_in_native, id=19392, stack(0x0000003a82b00000,0x0000003a82c00000) (1024K)]
  0x000001ac960d79b0 JavaThread "Cancel handler"                    [_thread_blocked, id=12364, stack(0x0000003a82c00000,0x0000003a82d00000) (1024K)]
  0x000001ac961a9a80 JavaThread "Daemon worker"                     [_thread_blocked, id=11148, stack(0x0000003a82d00000,0x0000003a82e00000) (1024K)]
  0x000001ac961aae30 JavaThread "Asynchronous log dispatcher for DefaultDaemonConnection: socket connection from /127.0.0.1:58978 to /127.0.0.1:58979"        [_thread_blocked, id=18256, stack(0x0000003a82e00000,0x0000003a82f00000) (1024K)]
  0x000001ac961aa7a0 JavaThread "Stdin handler"                     [_thread_blocked, id=2504, stack(0x0000003a83300000,0x0000003a83400000) (1024K)]
  0x000001ac961ab4c0 JavaThread "Daemon client event forwarder"        [_thread_blocked, id=13424, stack(0x0000003a83400000,0x0000003a83500000) (1024K)]
  0x000001ac961ac870 JavaThread "Cache worker for journal cache (C:\Users\Mica\.gradle\caches\journal-1)"        [_thread_blocked, id=17496, stack(0x0000003a83500000,0x0000003a83600000) (1024K)]
  0x000001ac961acf00 JavaThread "File lock request listener"        [_thread_in_native, id=17228, stack(0x0000003a83600000,0x0000003a83700000) (1024K)]
  0x000001ac961aa110 JavaThread "Cache worker for file hash cache (C:\Users\Mica\.gradle\caches\8.13\fileHashes)"        [_thread_blocked, id=18992, stack(0x0000003a83700000,0x0000003a83800000) (1024K)]
  0x000001ac961ac1e0 JavaThread "Cache worker for file hash cache (C:\Users\Mica\OneDrive\Pictures\WAD\finalmadexam\finalmadexam\.gradle\8.13\fileHashes)"        [_thread_blocked, id=17816, stack(0x0000003a83800000,0x0000003a83900000) (1024K)]
  0x000001ac98b93760 JavaThread "Cache worker for Build Output Cleanup Cache (C:\Users\Mica\OneDrive\Pictures\WAD\finalmadexam\finalmadexam\.gradle\buildOutputCleanup)"        [_thread_blocked, id=17940, stack(0x0000003a83900000,0x0000003a83a00000) (1024K)]
  0x000001ac98b93df0 JavaThread "File watcher server"        daemon [_thread_in_native, id=4788, stack(0x0000003a83a00000,0x0000003a83b00000) (1024K)]
  0x000001ac98b90970 JavaThread "File watcher consumer"      daemon [_thread_blocked, id=15988, stack(0x0000003a83b00000,0x0000003a83c00000) (1024K)]
  0x000001ac98b930d0 JavaThread "jar transforms"                    [_thread_blocked, id=16740, stack(0x0000003a83c00000,0x0000003a83d00000) (1024K)]
  0x000001ac98b94480 JavaThread "jar transforms Thread 2"           [_thread_blocked, id=17696, stack(0x0000003a83d00000,0x0000003a83e00000) (1024K)]
  0x000001ac98b91690 JavaThread "jar transforms Thread 3"           [_thread_blocked, id=1732, stack(0x0000003a83e00000,0x0000003a83f00000) (1024K)]
  0x000001ac98b91d20 JavaThread "jar transforms Thread 4"           [_thread_blocked, id=14864, stack(0x0000003a83f00000,0x0000003a84000000) (1024K)]
  0x000001ac98b91000 JavaThread "jar transforms Thread 5"           [_thread_blocked, id=11404, stack(0x0000003a84000000,0x0000003a84100000) (1024K)]
  0x000001ac98b951a0 JavaThread "jar transforms Thread 6"           [_thread_blocked, id=8000, stack(0x0000003a84100000,0x0000003a84200000) (1024K)]
  0x000001ac98b95830 JavaThread "jar transforms Thread 7"           [_thread_blocked, id=2544, stack(0x0000003a84200000,0x0000003a84300000) (1024K)]
  0x000001ac98b94b10 JavaThread "jar transforms Thread 8"           [_thread_blocked, id=19068, stack(0x0000003a84300000,0x0000003a84400000) (1024K)]
  0x000001ac98b923b0 JavaThread "jar transforms Thread 9"           [_thread_blocked, id=18692, stack(0x0000003a84400000,0x0000003a84500000) (1024K)]
  0x000001ac98b95ec0 JavaThread "jar transforms Thread 10"          [_thread_blocked, id=10668, stack(0x0000003a84500000,0x0000003a84600000) (1024K)]
  0x000001ac98b92a40 JavaThread "jar transforms Thread 11"          [_thread_blocked, id=1748, stack(0x0000003a84600000,0x0000003a84700000) (1024K)]
  0x000001ac98b96550 JavaThread "jar transforms Thread 12"          [_thread_blocked, id=18576, stack(0x0000003a84700000,0x0000003a84800000) (1024K)]
  0x000001ac98b97270 JavaThread "Cache worker for checksums cache (C:\Users\Mica\OneDrive\Pictures\WAD\finalmadexam\finalmadexam\.gradle\8.13\checksums)"        [_thread_blocked, id=7252, stack(0x0000003a84900000,0x0000003a84a00000) (1024K)]
  0x000001ac98b97900 JavaThread "Cache worker for file content cache (C:\Users\Mica\.gradle\caches\8.13\fileContent)"        [_thread_blocked, id=3364, stack(0x0000003a84a00000,0x0000003a84b00000) (1024K)]
  0x000001ac98f68690 JavaThread "Cache worker for cache directory md-supplier (C:\Users\Mica\.gradle\caches\8.13\md-supplier)"        [_thread_blocked, id=11540, stack(0x0000003a84b00000,0x0000003a84c00000) (1024K)]
  0x000001ac98f67970 JavaThread "Cache worker for cache directory md-rule (C:\Users\Mica\.gradle\caches\8.13\md-rule)"        [_thread_blocked, id=13860, stack(0x0000003a84c00000,0x0000003a84d00000) (1024K)]
  0x000001ac98f68d20 JavaThread "Unconstrained build operations"        [_thread_blocked, id=15328, stack(0x0000003a84d00000,0x0000003a84e00000) (1024K)]
  0x000001ac98f6a760 JavaThread "Unconstrained build operations Thread 2"        [_thread_blocked, id=19104, stack(0x0000003a84e00000,0x0000003a84f00000) (1024K)]
  0x000001ac98f6adf0 JavaThread "Unconstrained build operations Thread 3"        [_thread_blocked, id=18920, stack(0x0000003a84f00000,0x0000003a85000000) (1024K)]
  0x000001ac98f69a40 JavaThread "Unconstrained build operations Thread 4"        [_thread_blocked, id=904, stack(0x0000003a85000000,0x0000003a85100000) (1024K)]
  0x000001ac98f6b480 JavaThread "Unconstrained build operations Thread 5"        [_thread_blocked, id=18476, stack(0x0000003a85100000,0x0000003a85200000) (1024K)]
  0x000001ac98f68000 JavaThread "Unconstrained build operations Thread 6"        [_thread_blocked, id=6552, stack(0x0000003a85200000,0x0000003a85300000) (1024K)]
  0x000001ac98f6d550 JavaThread "Unconstrained build operations Thread 7"        [_thread_blocked, id=3728, stack(0x0000003a85300000,0x0000003a85400000) (1024K)]
  0x000001ac98f6bb10 JavaThread "Unconstrained build operations Thread 8"        [_thread_blocked, id=15208, stack(0x0000003a85400000,0x0000003a85500000) (1024K)]
  0x000001ac98f6c1a0 JavaThread "Unconstrained build operations Thread 9"        [_thread_blocked, id=6124, stack(0x0000003a85500000,0x0000003a85600000) (1024K)]
  0x000001ac98f6a0d0 JavaThread "Unconstrained build operations Thread 10"        [_thread_blocked, id=18048, stack(0x0000003a85600000,0x0000003a85700000) (1024K)]
  0x000001ac98f6dbe0 JavaThread "Unconstrained build operations Thread 11"        [_thread_blocked, id=5100, stack(0x0000003a85700000,0x0000003a85800000) (1024K)]
  0x000001ac98f6c830 JavaThread "Unconstrained build operations Thread 12"        [_thread_blocked, id=2400, stack(0x0000003a85800000,0x0000003a85900000) (1024K)]
  0x000001ac98f6cec0 JavaThread "Unconstrained build operations Thread 13"        [_thread_blocked, id=18884, stack(0x0000003a85900000,0x0000003a85a00000) (1024K)]
  0x000001ac98f6e270 JavaThread "Unconstrained build operations Thread 14"        [_thread_blocked, id=4780, stack(0x0000003a85a00000,0x0000003a85b00000) (1024K)]
  0x000001ac98f6e900 JavaThread "Unconstrained build operations Thread 15"        [_thread_blocked, id=7388, stack(0x0000003a85b00000,0x0000003a85c00000) (1024K)]
  0x000001ac98f6ef90 JavaThread "Unconstrained build operations Thread 16"        [_thread_blocked, id=19440, stack(0x0000003a85c00000,0x0000003a85d00000) (1024K)]
  0x000001ac95699090 JavaThread "Unconstrained build operations Thread 17"        [_thread_blocked, id=6476, stack(0x0000003a85d00000,0x0000003a85e00000) (1024K)]
  0x000001ac95696930 JavaThread "Unconstrained build operations Thread 18"        [_thread_blocked, id=4576, stack(0x0000003a85e00000,0x0000003a85f00000) (1024K)]
  0x000001ac95696fc0 JavaThread "Unconstrained build operations Thread 19"        [_thread_blocked, id=15432, stack(0x0000003a85f00000,0x0000003a86000000) (1024K)]
  0x000001ac956962a0 JavaThread "Unconstrained build operations Thread 20"        [_thread_blocked, id=10488, stack(0x0000003a86000000,0x0000003a86100000) (1024K)]
  0x000001ac9569a440 JavaThread "Unconstrained build operations Thread 21"        [_thread_blocked, id=19244, stack(0x0000003a86100000,0x0000003a86200000) (1024K)]
  0x000001ac9569b160 JavaThread "Unconstrained build operations Thread 22"        [_thread_blocked, id=2800, stack(0x0000003a86200000,0x0000003a86300000) (1024K)]
  0x000001ac95698370 JavaThread "Unconstrained build operations Thread 23"        [_thread_blocked, id=8228, stack(0x0000003a86300000,0x0000003a86400000) (1024K)]
  0x000001ac9569c510 JavaThread "Unconstrained build operations Thread 24"        [_thread_blocked, id=15300, stack(0x0000003a86400000,0x0000003a86500000) (1024K)]
  0x000001ac9569d8c0 JavaThread "Unconstrained build operations Thread 25"        [_thread_blocked, id=4744, stack(0x0000003a86500000,0x0000003a86600000) (1024K)]
  0x000001ac965ef430 JavaThread "Unconstrained build operations Thread 26"        [_thread_blocked, id=17528, stack(0x0000003a86600000,0x0000003a86700000) (1024K)]
  0x000001ac965f07e0 JavaThread "Unconstrained build operations Thread 27"        [_thread_blocked, id=10612, stack(0x0000003a86700000,0x0000003a86800000) (1024K)]
  0x000001ac965f0150 JavaThread "Unconstrained build operations Thread 28"        [_thread_blocked, id=18640, stack(0x0000003a86800000,0x0000003a86900000) (1024K)]
  0x000001ac965ee080 JavaThread "Unconstrained build operations Thread 29"        [_thread_blocked, id=12108, stack(0x0000003a86900000,0x0000003a86a00000) (1024K)]
  0x000001ac965ee710 JavaThread "Unconstrained build operations Thread 30"        [_thread_blocked, id=18800, stack(0x0000003a86a00000,0x0000003a86b00000) (1024K)]
  0x000001ac965f2220 JavaThread "Unconstrained build operations Thread 31"        [_thread_blocked, id=1256, stack(0x0000003a86b00000,0x0000003a86c00000) (1024K)]
  0x000001ac965f1b90 JavaThread "Unconstrained build operations Thread 32"        [_thread_blocked, id=9920, stack(0x0000003a86c00000,0x0000003a86d00000) (1024K)]
  0x000001ac965f0e70 JavaThread "Unconstrained build operations Thread 33"        [_thread_blocked, id=7964, stack(0x0000003a86d00000,0x0000003a86e00000) (1024K)]
  0x000001ac965eeda0 JavaThread "Unconstrained build operations Thread 34"        [_thread_blocked, id=16008, stack(0x0000003a86e00000,0x0000003a86f00000) (1024K)]
  0x000001ac965f28b0 JavaThread "Unconstrained build operations Thread 35"        [_thread_blocked, id=2832, stack(0x0000003a86f00000,0x0000003a87000000) (1024K)]
  0x000001ac965f1500 JavaThread "Unconstrained build operations Thread 36"        [_thread_blocked, id=19044, stack(0x0000003a87000000,0x0000003a87100000) (1024K)]
  0x000001ac965efac0 JavaThread "Unconstrained build operations Thread 37"        [_thread_blocked, id=15040, stack(0x0000003a87100000,0x0000003a87200000) (1024K)]
  0x000001ac965f5010 JavaThread "Unconstrained build operations Thread 38"        [_thread_blocked, id=13412, stack(0x0000003a87200000,0x0000003a87300000) (1024K)]
  0x000001ac965f35d0 JavaThread "Unconstrained build operations Thread 39"        [_thread_blocked, id=10076, stack(0x0000003a87300000,0x0000003a87400000) (1024K)]
  0x000001ac965f2f40 JavaThread "Unconstrained build operations Thread 40"        [_thread_blocked, id=3228, stack(0x0000003a87400000,0x0000003a87500000) (1024K)]
  0x000001ac965f4980 JavaThread "Unconstrained build operations Thread 41"        [_thread_blocked, id=14836, stack(0x0000003a87500000,0x0000003a87600000) (1024K)]
  0x000001ac965f3c60 JavaThread "Unconstrained build operations Thread 42"        [_thread_blocked, id=17000, stack(0x0000003a87600000,0x0000003a87700000) (1024K)]
  0x000001ac965f42f0 JavaThread "Unconstrained build operations Thread 43"        [_thread_blocked, id=2484, stack(0x0000003a87700000,0x0000003a87800000) (1024K)]
  0x000001ac98a02fd0 JavaThread "Unconstrained build operations Thread 44"        [_thread_blocked, id=9236, stack(0x0000003a87800000,0x0000003a87900000) (1024K)]
  0x000001ac98a04380 JavaThread "Unconstrained build operations Thread 45"        [_thread_blocked, id=18944, stack(0x0000003a87900000,0x0000003a87a00000) (1024K)]
  0x000001ac98a04a10 JavaThread "Unconstrained build operations Thread 46"        [_thread_blocked, id=8184, stack(0x0000003a87a00000,0x0000003a87b00000) (1024K)]
  0x000001ac98a02940 JavaThread "Unconstrained build operations Thread 47"        [_thread_blocked, id=10464, stack(0x0000003a87b00000,0x0000003a87c00000) (1024K)]
  0x000001ac98a022b0 JavaThread "Unconstrained build operations Thread 48"        [_thread_blocked, id=8852, stack(0x0000003a87c00000,0x0000003a87d00000) (1024K)]
  0x000001ac98a050a0 JavaThread "Unconstrained build operations Thread 49"        [_thread_blocked, id=3932, stack(0x0000003a87d00000,0x0000003a87e00000) (1024K)]
  0x000001ac98a06ae0 JavaThread "Unconstrained build operations Thread 50"        [_thread_blocked, id=17776, stack(0x0000003a87e00000,0x0000003a87f00000) (1024K)]
  0x000001ac98a03660 JavaThread "Unconstrained build operations Thread 51"        [_thread_blocked, id=14556, stack(0x0000003a87f00000,0x0000003a88000000) (1024K)]
  0x000001ac98a07800 JavaThread "Unconstrained build operations Thread 52"        [_thread_blocked, id=11204, stack(0x0000003a88000000,0x0000003a88100000) (1024K)]
  0x000001ac98a05dc0 JavaThread "Unconstrained build operations Thread 53"        [_thread_blocked, id=2176, stack(0x0000003a88100000,0x0000003a88200000) (1024K)]
  0x000001ac98a06450 JavaThread "Unconstrained build operations Thread 54"        [_thread_blocked, id=19448, stack(0x0000003a88200000,0x0000003a88300000) (1024K)]
  0x000001ac98a09240 JavaThread "Memory manager"                    [_thread_blocked, id=10412, stack(0x0000003a81f00000,0x0000003a82000000) (1024K)]
  0x000001ac989edc40 JavaThread "included builds"                   [_thread_blocked, id=3212, stack(0x0000003a88300000,0x0000003a88400000) (1024K)]
  0x000001ac989ebb70 JavaThread "Execution worker"                  [_thread_blocked, id=1212, stack(0x0000003a88400000,0x0000003a88500000) (1024K)]
  0x000001ac989ec200 JavaThread "Execution worker Thread 2"         [_thread_blocked, id=2748, stack(0x0000003a88500000,0x0000003a88600000) (1024K)]
  0x000001ac989ea7c0 JavaThread "Execution worker Thread 3"         [_thread_blocked, id=18684, stack(0x0000003a88600000,0x0000003a88700000) (1024K)]
  0x000001ac989ee2d0 JavaThread "Execution worker Thread 4"         [_thread_blocked, id=2904, stack(0x0000003a88700000,0x0000003a88800000) (1024K)]
  0x000001ac989ee960 JavaThread "Execution worker Thread 5"         [_thread_blocked, id=8448, stack(0x0000003a88800000,0x0000003a88900000) (1024K)]
  0x000001ac989efd10 JavaThread "Execution worker Thread 6"         [_thread_blocked, id=10568, stack(0x0000003a88900000,0x0000003a88a00000) (1024K)]
  0x000001ac989eeff0 JavaThread "Execution worker Thread 7"         [_thread_blocked, id=18272, stack(0x0000003a88a00000,0x0000003a88b00000) (1024K)]
  0x000001ac989f03a0 JavaThread "Execution worker Thread 8"         [_thread_blocked, id=9716, stack(0x0000003a88b00000,0x0000003a88c00000) (1024K)]
  0x000001ac9569b7f0 JavaThread "Execution worker Thread 9"         [_thread_blocked, id=19388, stack(0x0000003a88c00000,0x0000003a88d00000) (1024K)]
  0x000001ac9569cba0 JavaThread "Execution worker Thread 10"        [_thread_blocked, id=17544, stack(0x0000003a88d00000,0x0000003a88e00000) (1024K)]
  0x000001ac98a05730 JavaThread "Execution worker Thread 11"        [_thread_blocked, id=16956, stack(0x0000003a88e00000,0x0000003a88f00000) (1024K)]
  0x000001ac98a098d0 JavaThread "Cache worker for execution history cache (C:\Users\Mica\OneDrive\Pictures\WAD\finalmadexam\finalmadexam\.gradle\8.13\executionHistory)"        [_thread_blocked, id=9736, stack(0x0000003a88f00000,0x0000003a89000000) (1024K)]
  0x000001ac968f6950 JavaThread "idea-tooling-model-converter"        [_thread_blocked, id=18124, stack(0x0000003a89000000,0x0000003a89100000) (1024K)]
  0x000001ac968f4f10 JavaThread "Unconstrained build operations Thread 55"        [_thread_blocked, id=228, stack(0x0000003a89100000,0x0000003a89200000) (1024K)]
Total: 114

Other Threads:
  0x000001acff17d880 VMThread "VM Thread"                           [id=18200, stack(0x0000003a81400000,0x0000003a81500000) (1024K)]
  0x000001acff0fd3e0 WatcherThread "VM Periodic Task Thread"        [id=12620, stack(0x0000003a81300000,0x0000003a81400000) (1024K)]
  0x000001acf8694410 WorkerThread "GC Thread#0"                     [id=8644, stack(0x0000003a80e00000,0x0000003a80f00000) (1024K)]
  0x000001acffb0aa30 WorkerThread "GC Thread#1"                     [id=14052, stack(0x0000003a82000000,0x0000003a82100000) (1024K)]
  0x000001acff9180e0 WorkerThread "GC Thread#2"                     [id=8372, stack(0x0000003a82100000,0x0000003a82200000) (1024K)]
  0x000001acffa9e1e0 WorkerThread "GC Thread#3"                     [id=19192, stack(0x0000003a82200000,0x0000003a82300000) (1024K)]
  0x000001ac95398c50 WorkerThread "GC Thread#4"                     [id=5564, stack(0x0000003a82300000,0x0000003a82400000) (1024K)]
  0x000001ac95f7a260 WorkerThread "GC Thread#5"                     [id=18888, stack(0x0000003a82400000,0x0000003a82500000) (1024K)]
  0x000001ac95f7a9a0 WorkerThread "GC Thread#6"                     [id=15620, stack(0x0000003a82500000,0x0000003a82600000) (1024K)]
  0x000001ac95f79ec0 WorkerThread "GC Thread#7"                     [id=13384, stack(0x0000003a82600000,0x0000003a82700000) (1024K)]
  0x000001ac95f7b0e0 WorkerThread "GC Thread#8"                     [id=1564, stack(0x0000003a82f00000,0x0000003a83000000) (1024K)]
  0x000001ac95f7b480 WorkerThread "GC Thread#9"                     [id=12864, stack(0x0000003a83000000,0x0000003a83100000) (1024K)]
  0x000001acf86a5300 ConcurrentGCThread "G1 Main Marker"            [id=15128, stack(0x0000003a80f00000,0x0000003a81000000) (1024K)]
  0x000001acf86a6b50 WorkerThread "G1 Conc#0"                       [id=17820, stack(0x0000003a81000000,0x0000003a81100000) (1024K)]
  0x000001ac95f7b820 WorkerThread "G1 Conc#1"                       [id=11776, stack(0x0000003a83100000,0x0000003a83200000) (1024K)]
  0x000001ac9618a5a0 WorkerThread "G1 Conc#2"                       [id=876, stack(0x0000003a83200000,0x0000003a83300000) (1024K)]
  0x000001acf86fe660 ConcurrentGCThread "G1 Refine#0"               [id=17200, stack(0x0000003a81100000,0x0000003a81200000) (1024K)]
  0x000001acfefd02d0 ConcurrentGCThread "G1 Service"                [id=11268, stack(0x0000003a81200000,0x0000003a81300000) (1024K)]
Total: 18

Threads with active compile tasks:
C2 CompilerThread0  22246 10843   !   4       java.nio.file.Files::walkFileTree (297 bytes)
C1 CompilerThread0  22246 10848   !   3       com.google.common.cache.LocalCache$Segment::lockedGetOrLoad (447 bytes)
Total: 2

VM state: at safepoint (normal execution)

VM Mutex/Monitor currently owned by a thread:  ([mutex/lock_event])
[0x00007ffc2bf785b8] Threads_lock - owner thread: 0x000001acff17d880
[0x00007ffc2bf786b8] Heap_lock - owner thread: 0x000001acf86a5300

Heap address: 0x0000000080000000, size: 2048 MB, Compressed Oops mode: 32-bit

CDS archive(s) not mapped
Compressed class space mapped at: 0x0000000100000000-0x0000000140000000, reserved size: 1073741824
Narrow klass base: 0x0000000000000000, Narrow klass shift: 3, Narrow klass range: 0x140000000

GC Precious Log:
 CardTable entry size: 512
 Card Set container configuration: InlinePtr #cards 5 size 8 Array Of Cards #cards 12 size 40 Howl #buckets 4 coarsen threshold 1843 Howl Bitmap #cards 512 size 80 coarsen threshold 460 Card regions per heap region 1 cards per card region 2048
 CPUs: 12 total, 12 available
 Memory: 7879M
 Large Page Support: Disabled
 NUMA Support: Disabled
 Compressed Oops: Enabled (32-bit)
 Heap Region Size: 1M
 Heap Min Capacity: 8M
 Heap Initial Capacity: 124M
 Heap Max Capacity: 2G
 Pre-touch: Disabled
 Parallel Workers: 10
 Concurrent Workers: 3
 Concurrent Refinement Workers: 10
 Periodic GC: Disabled

Heap:
 garbage-first heap   total 237568K, used 145681K [0x0000000080000000, 0x0000000100000000)
  region size 1024K, 8 young (8192K), 6 survivors (6144K)
 Metaspace       used 104171K, committed 106368K, reserved 1179648K
  class space    used 14739K, committed 15808K, reserved 1048576K

Heap Regions: E=young(eden), S=young(survivor), O=old, HS=humongous(starts), HC=humongous(continues), CS=collection set, F=free, TAMS=top-at-mark-start, PB=parsable bottom
|   0|0x0000000080000000, 0x0000000080100000, 0x0000000080100000|100%|HS|  |TAMS 0x0000000080100000| PB 0x0000000080000000| Complete 
|   1|0x0000000080100000, 0x0000000080200000, 0x0000000080200000|100%|HC|  |TAMS 0x0000000080200000| PB 0x0000000080100000| Complete 
|   2|0x0000000080200000, 0x0000000080300000, 0x0000000080300000|100%|HC|  |TAMS 0x0000000080300000| PB 0x0000000080200000| Complete 
|   3|0x0000000080300000, 0x0000000080400000, 0x0000000080400000|100%| O|  |TAMS 0x0000000080400000| PB 0x0000000080400000| Untracked 
|   4|0x0000000080400000, 0x0000000080500000, 0x0000000080500000|100%| O|  |TAMS 0x0000000080500000| PB 0x0000000080500000| Untracked 
|   5|0x0000000080500000, 0x0000000080600000, 0x0000000080600000|100%| O|  |TAMS 0x0000000080600000| PB 0x0000000080600000| Untracked 
|   6|0x0000000080600000, 0x0000000080700000, 0x0000000080700000|100%|HS|  |TAMS 0x0000000080700000| PB 0x0000000080600000| Complete 
|   7|0x0000000080700000, 0x0000000080800000, 0x0000000080800000|100%| O|  |TAMS 0x0000000080800000| PB 0x0000000080800000| Untracked 
|   8|0x0000000080800000, 0x0000000080900000, 0x0000000080900000|100%| O|  |TAMS 0x0000000080900000| PB 0x0000000080900000| Untracked 
|   9|0x0000000080900000, 0x0000000080a00000, 0x0000000080a00000|100%| O|  |TAMS 0x0000000080a00000| PB 0x0000000080a00000| Untracked 
|  10|0x0000000080a00000, 0x0000000080b00000, 0x0000000080b00000|100%| O|  |TAMS 0x0000000080b00000| PB 0x0000000080b00000| Untracked 
|  11|0x0000000080b00000, 0x0000000080c00000, 0x0000000080c00000|100%| O|  |TAMS 0x0000000080c00000| PB 0x0000000080c00000| Untracked 
|  12|0x0000000080c00000, 0x0000000080d00000, 0x0000000080d00000|100%| O|  |TAMS 0x0000000080d00000| PB 0x0000000080d00000| Untracked 
|  13|0x0000000080d00000, 0x0000000080e00000, 0x0000000080e00000|100%| O|  |TAMS 0x0000000080e00000| PB 0x0000000080e00000| Untracked 
|  14|0x0000000080e00000, 0x0000000080f00000, 0x0000000080f00000|100%| O|  |TAMS 0x0000000080f00000| PB 0x0000000080f00000| Untracked 
|  15|0x0000000080f00000, 0x0000000081000000, 0x0000000081000000|100%| O|  |TAMS 0x0000000081000000| PB 0x0000000081000000| Untracked 
|  16|0x0000000081000000, 0x0000000081100000, 0x0000000081100000|100%| O|  |TAMS 0x0000000081100000| PB 0x0000000081100000| Untracked 
|  17|0x0000000081100000, 0x0000000081200000, 0x0000000081200000|100%| O|  |TAMS 0x0000000081200000| PB 0x0000000081200000| Untracked 
|  18|0x0000000081200000, 0x0000000081300000, 0x0000000081300000|100%| O|  |TAMS 0x0000000081300000| PB 0x0000000081300000| Untracked 
|  19|0x0000000081300000, 0x0000000081400000, 0x0000000081400000|100%| O|  |TAMS 0x0000000081400000| PB 0x0000000081400000| Untracked 
|  20|0x0000000081400000, 0x0000000081500000, 0x0000000081500000|100%| O|  |TAMS 0x0000000081500000| PB 0x0000000081500000| Untracked 
|  21|0x0000000081500000, 0x0000000081600000, 0x0000000081600000|100%|HS|  |TAMS 0x0000000081600000| PB 0x0000000081500000| Complete 
|  22|0x0000000081600000, 0x0000000081700000, 0x0000000081700000|100%|HC|  |TAMS 0x0000000081700000| PB 0x0000000081600000| Complete 
|  23|0x0000000081700000, 0x0000000081800000, 0x0000000081800000|100%|HC|  |TAMS 0x0000000081800000| PB 0x0000000081700000| Complete 
|  24|0x0000000081800000, 0x0000000081900000, 0x0000000081900000|100%|HC|  |TAMS 0x0000000081900000| PB 0x0000000081800000| Complete 
|  25|0x0000000081900000, 0x0000000081a00000, 0x0000000081a00000|100%|HC|  |TAMS 0x0000000081a00000| PB 0x0000000081900000| Complete 
|  26|0x0000000081a00000, 0x0000000081b00000, 0x0000000081b00000|100%|HC|  |TAMS 0x0000000081b00000| PB 0x0000000081a00000| Complete 
|  27|0x0000000081b00000, 0x0000000081c00000, 0x0000000081c00000|100%|HS|  |TAMS 0x0000000081c00000| PB 0x0000000081b00000| Complete 
|  28|0x0000000081c00000, 0x0000000081d00000, 0x0000000081d00000|100%|HS|  |TAMS 0x0000000081d00000| PB 0x0000000081c00000| Complete 
|  29|0x0000000081d00000, 0x0000000081e00000, 0x0000000081e00000|100%|HC|  |TAMS 0x0000000081e00000| PB 0x0000000081d00000| Complete 
|  30|0x0000000081e00000, 0x0000000081f00000, 0x0000000081f00000|100%|HS|  |TAMS 0x0000000081f00000| PB 0x0000000081e00000| Complete 
|  31|0x0000000081f00000, 0x0000000082000000, 0x0000000082000000|100%|HC|  |TAMS 0x0000000082000000| PB 0x0000000081f00000| Complete 
|  32|0x0000000082000000, 0x0000000082100000, 0x0000000082100000|100%|HC|  |TAMS 0x0000000082100000| PB 0x0000000082000000| Complete 
|  33|0x0000000082100000, 0x0000000082200000, 0x0000000082200000|100%|HC|  |TAMS 0x0000000082200000| PB 0x0000000082100000| Complete 
|  34|0x0000000082200000, 0x0000000082300000, 0x0000000082300000|100%|HS|  |TAMS 0x0000000082300000| PB 0x0000000082200000| Complete 
|  35|0x0000000082300000, 0x0000000082400000, 0x0000000082400000|100%|HS|  |TAMS 0x0000000082400000| PB 0x0000000082300000| Complete 
|  36|0x0000000082400000, 0x0000000082500000, 0x0000000082500000|100%|HC|  |TAMS 0x0000000082500000| PB 0x0000000082400000| Complete 
|  37|0x0000000082500000, 0x0000000082600000, 0x0000000082600000|100%|HC|  |TAMS 0x0000000082600000| PB 0x0000000082500000| Complete 
|  38|0x0000000082600000, 0x0000000082700000, 0x0000000082700000|100%|HC|  |TAMS 0x0000000082700000| PB 0x0000000082600000| Complete 
|  39|0x0000000082700000, 0x0000000082800000, 0x0000000082800000|100%|HC|  |TAMS 0x0000000082800000| PB 0x0000000082700000| Complete 
|  40|0x0000000082800000, 0x0000000082900000, 0x0000000082900000|100%|HC|  |TAMS 0x0000000082900000| PB 0x0000000082800000| Complete 
|  41|0x0000000082900000, 0x0000000082a00000, 0x0000000082a00000|100%|HS|  |TAMS 0x0000000082a00000| PB 0x0000000082900000| Complete 
|  42|0x0000000082a00000, 0x0000000082b00000, 0x0000000082b00000|100%| O|  |TAMS 0x0000000082b00000| PB 0x0000000082b00000| Untracked 
|  43|0x0000000082b00000, 0x0000000082c00000, 0x0000000082c00000|100%| O|  |TAMS 0x0000000082c00000| PB 0x0000000082c00000| Updating 
|  44|0x0000000082c00000, 0x0000000082d00000, 0x0000000082d00000|100%| O|  |TAMS 0x0000000082d00000| PB 0x0000000082d00000| Untracked 
|  45|0x0000000082d00000, 0x0000000082e00000, 0x0000000082e00000|100%| O|  |TAMS 0x0000000082e00000| PB 0x0000000082e00000| Untracked 
|  46|0x0000000082e00000, 0x0000000082f00000, 0x0000000082f00000|100%|HS|  |TAMS 0x0000000082f00000| PB 0x0000000082e00000| Complete 
|  47|0x0000000082f00000, 0x0000000083000000, 0x0000000083000000|100%|HC|  |TAMS 0x0000000083000000| PB 0x0000000082f00000| Complete 
|  48|0x0000000083000000, 0x0000000083100000, 0x0000000083100000|100%|HS|  |TAMS 0x0000000083100000| PB 0x0000000083000000| Complete 
|  49|0x0000000083100000, 0x0000000083200000, 0x0000000083200000|100%| O|  |TAMS 0x0000000083200000| PB 0x0000000083200000| Untracked 
|  50|0x0000000083200000, 0x0000000083300000, 0x0000000083300000|100%| O|  |TAMS 0x0000000083300000| PB 0x0000000083300000| Untracked 
|  51|0x0000000083300000, 0x0000000083400000, 0x0000000083400000|100%| O|  |TAMS 0x0000000083400000| PB 0x0000000083400000| Untracked 
|  52|0x0000000083400000, 0x0000000083500000, 0x0000000083500000|100%| O|  |TAMS 0x0000000083500000| PB 0x0000000083500000| Untracked 
|  53|0x0000000083500000, 0x0000000083600000, 0x0000000083600000|100%| O|  |TAMS 0x0000000083600000| PB 0x0000000083600000| Updating 
|  54|0x0000000083600000, 0x0000000083700000, 0x0000000083700000|100%| O|  |TAMS 0x0000000083700000| PB 0x0000000083700000| Updating 
|  55|0x0000000083700000, 0x0000000083800000, 0x0000000083800000|100%| O|  |TAMS 0x0000000083800000| PB 0x0000000083800000| Untracked 
|  56|0x0000000083800000, 0x0000000083900000, 0x0000000083900000|100%|HS|  |TAMS 0x0000000083900000| PB 0x0000000083800000| Complete 
|  57|0x0000000083900000, 0x0000000083a00000, 0x0000000083a00000|100%|HC|  |TAMS 0x0000000083a00000| PB 0x0000000083900000| Complete 
|  58|0x0000000083a00000, 0x0000000083b00000, 0x0000000083b00000|100%| O|  |TAMS 0x0000000083b00000| PB 0x0000000083b00000| Untracked 
|  59|0x0000000083b00000, 0x0000000083c00000, 0x0000000083c00000|100%| O|  |TAMS 0x0000000083c00000| PB 0x0000000083c00000| Updating 
|  60|0x0000000083c00000, 0x0000000083d00000, 0x0000000083d00000|100%| O|  |TAMS 0x0000000083d00000| PB 0x0000000083d00000| Untracked 
|  61|0x0000000083d00000, 0x0000000083e00000, 0x0000000083e00000|100%|HS|  |TAMS 0x0000000083e00000| PB 0x0000000083d00000| Complete 
|  62|0x0000000083e00000, 0x0000000083f00000, 0x0000000083f00000|100%|HS|  |TAMS 0x0000000083f00000| PB 0x0000000083e00000| Complete 
|  63|0x0000000083f00000, 0x0000000084000000, 0x0000000084000000|100%|HC|  |TAMS 0x0000000084000000| PB 0x0000000083f00000| Complete 
|  64|0x0000000084000000, 0x0000000084100000, 0x0000000084100000|100%|HC|  |TAMS 0x0000000084100000| PB 0x0000000084000000| Complete 
|  65|0x0000000084100000, 0x0000000084200000, 0x0000000084200000|100%|HC|  |TAMS 0x0000000084200000| PB 0x0000000084100000| Complete 
|  66|0x0000000084200000, 0x0000000084300000, 0x0000000084300000|100%|HS|  |TAMS 0x0000000084300000| PB 0x0000000084200000| Complete 
|  67|0x0000000084300000, 0x0000000084400000, 0x0000000084400000|100%|HC|  |TAMS 0x0000000084400000| PB 0x0000000084300000| Complete 
|  68|0x0000000084400000, 0x0000000084500000, 0x0000000084500000|100%|HC|  |TAMS 0x0000000084500000| PB 0x0000000084400000| Complete 
|  69|0x0000000084500000, 0x0000000084600000, 0x0000000084600000|100%|HC|  |TAMS 0x0000000084600000| PB 0x0000000084500000| Complete 
|  70|0x0000000084600000, 0x0000000084700000, 0x0000000084700000|100%|HC|  |TAMS 0x0000000084700000| PB 0x0000000084600000| Complete 
|  71|0x0000000084700000, 0x0000000084800000, 0x0000000084800000|100%|HC|  |TAMS 0x0000000084800000| PB 0x0000000084700000| Complete 
|  72|0x0000000084800000, 0x0000000084900000, 0x0000000084900000|100%|HS|  |TAMS 0x0000000084900000| PB 0x0000000084800000| Complete 
|  73|0x0000000084900000, 0x0000000084a00000, 0x0000000084a00000|100%|HC|  |TAMS 0x0000000084a00000| PB 0x0000000084900000| Complete 
|  74|0x0000000084a00000, 0x0000000084b00000, 0x0000000084b00000|100%|HC|  |TAMS 0x0000000084b00000| PB 0x0000000084a00000| Complete 
|  75|0x0000000084b00000, 0x0000000084c00000, 0x0000000084c00000|100%|HC|  |TAMS 0x0000000084c00000| PB 0x0000000084b00000| Complete 
|  76|0x0000000084c00000, 0x0000000084d00000, 0x0000000084d00000|100%|HC|  |TAMS 0x0000000084d00000| PB 0x0000000084c00000| Complete 
|  77|0x0000000084d00000, 0x0000000084e00000, 0x0000000084e00000|100%|HC|  |TAMS 0x0000000084e00000| PB 0x0000000084d00000| Complete 
|  78|0x0000000084e00000, 0x0000000084f00000, 0x0000000084f00000|100%|HS|  |TAMS 0x0000000084f00000| PB 0x0000000084e00000| Complete 
|  79|0x0000000084f00000, 0x0000000085000000, 0x0000000085000000|100%| O|  |TAMS 0x0000000085000000| PB 0x0000000085000000| Untracked 
|  80|0x0000000085000000, 0x0000000085100000, 0x0000000085100000|100%| O|  |TAMS 0x0000000085100000| PB 0x0000000085100000| Untracked 
|  81|0x0000000085100000, 0x0000000085200000, 0x0000000085200000|100%|HS|  |TAMS 0x0000000085200000| PB 0x0000000085100000| Complete 
|  82|0x0000000085200000, 0x0000000085300000, 0x0000000085300000|100%| O|  |TAMS 0x0000000085300000| PB 0x0000000085300000| Untracked 
|  83|0x0000000085300000, 0x0000000085400000, 0x0000000085400000|100%|HS|  |TAMS 0x0000000085400000| PB 0x0000000085300000| Complete 
|  84|0x0000000085400000, 0x0000000085500000, 0x0000000085500000|100%| O|  |TAMS 0x0000000085500000| PB 0x0000000085500000| Untracked 
|  85|0x0000000085500000, 0x0000000085600000, 0x0000000085600000|100%| O|  |TAMS 0x0000000085600000| PB 0x0000000085600000| Updating 
|  86|0x0000000085600000, 0x0000000085700000, 0x0000000085700000|100%| O|  |TAMS 0x0000000085700000| PB 0x0000000085700000| Updating 
|  87|0x0000000085700000, 0x0000000085800000, 0x0000000085800000|100%| O|  |TAMS 0x0000000085800000| PB 0x0000000085800000| Untracked 
|  88|0x0000000085800000, 0x0000000085900000, 0x0000000085900000|100%| O|  |TAMS 0x0000000085900000| PB 0x0000000085900000| Untracked 
|  89|0x0000000085900000, 0x0000000085a00000, 0x0000000085a00000|100%| O|  |TAMS 0x0000000085a00000| PB 0x0000000085a00000| Untracked 
|  90|0x0000000085a00000, 0x0000000085b00000, 0x0000000085b00000|100%| O|  |TAMS 0x0000000085b00000| PB 0x0000000085b00000| Updating 
|  91|0x0000000085b00000, 0x0000000085c00000, 0x0000000085c00000|100%| O|  |TAMS 0x0000000085c00000| PB 0x0000000085c00000| Updating 
|  92|0x0000000085c00000, 0x0000000085d00000, 0x0000000085d00000|100%| O|  |TAMS 0x0000000085d00000| PB 0x0000000085d00000| Untracked 
|  93|0x0000000085d00000, 0x0000000085e00000, 0x0000000085e00000|100%| O|  |TAMS 0x0000000085e00000| PB 0x0000000085e00000| Updating 
|  94|0x0000000085e00000, 0x0000000085f00000, 0x0000000085f00000|100%|HS|  |TAMS 0x0000000085f00000| PB 0x0000000085e00000| Complete 
|  95|0x0000000085f00000, 0x0000000086000000, 0x0000000086000000|100%|HS|  |TAMS 0x0000000086000000| PB 0x0000000085f00000| Complete 
|  96|0x0000000086000000, 0x0000000086100000, 0x0000000086100000|100%|HS|  |TAMS 0x0000000086100000| PB 0x0000000086000000| Complete 
|  97|0x0000000086100000, 0x0000000086200000, 0x0000000086200000|100%| O|  |TAMS 0x0000000086200000| PB 0x0000000086200000| Untracked 
|  98|0x0000000086200000, 0x0000000086300000, 0x0000000086300000|100%|HS|  |TAMS 0x0000000086300000| PB 0x0000000086200000| Complete 
|  99|0x0000000086300000, 0x0000000086400000, 0x0000000086400000|100%| O|  |TAMS 0x0000000086400000| PB 0x0000000086400000| Untracked 
| 100|0x0000000086400000, 0x0000000086500000, 0x0000000086500000|100%| O|  |TAMS 0x0000000086500000| PB 0x0000000086500000| Untracked 
| 101|0x0000000086500000, 0x0000000086600000, 0x0000000086600000|100%|HS|  |TAMS 0x0000000086600000| PB 0x0000000086500000| Complete 
| 102|0x0000000086600000, 0x0000000086700000, 0x0000000086700000|100%| O|  |TAMS 0x0000000086700000| PB 0x0000000086700000| Untracked 
| 103|0x0000000086700000, 0x0000000086800000, 0x0000000086800000|100%| O|  |TAMS 0x0000000086800000| PB 0x0000000086800000| Untracked 
| 104|0x0000000086800000, 0x0000000086900000, 0x0000000086900000|100%| O|  |TAMS 0x0000000086900000| PB 0x0000000086900000| Untracked 
| 105|0x0000000086900000, 0x0000000086a00000, 0x0000000086a00000|100%| O|  |TAMS 0x0000000086a00000| PB 0x0000000086a00000| Untracked 
| 106|0x0000000086a00000, 0x0000000086b00000, 0x0000000086b00000|100%| O|  |TAMS 0x0000000086b00000| PB 0x0000000086b00000| Untracked 
| 107|0x0000000086b00000, 0x0000000086c00000, 0x0000000086c00000|100%| O|  |TAMS 0x0000000086c00000| PB 0x0000000086c00000| Updating 
| 108|0x0000000086c00000, 0x0000000086d00000, 0x0000000086d00000|100%| O|  |TAMS 0x0000000086d00000| PB 0x0000000086d00000| Updating 
| 109|0x0000000086d00000, 0x0000000086e00000, 0x0000000086e00000|100%| O|  |TAMS 0x0000000086e00000| PB 0x0000000086e00000| Updating 
| 110|0x0000000086e00000, 0x0000000086f00000, 0x0000000086f00000|100%| O|  |TAMS 0x0000000086f00000| PB 0x0000000086f00000| Updating 
| 111|0x0000000086f00000, 0x0000000087000000, 0x0000000087000000|100%| O|  |TAMS 0x0000000086f00000| PB 0x0000000086f00000| Untracked 
| 112|0x0000000087000000, 0x0000000087100000, 0x0000000087100000|100%| O|  |TAMS 0x0000000087000000| PB 0x0000000087000000| Untracked 
| 113|0x0000000087100000, 0x0000000087200000, 0x0000000087200000|100%| O|  |TAMS 0x0000000087200000| PB 0x0000000087200000| Untracked 
| 114|0x0000000087200000, 0x0000000087300000, 0x0000000087300000|100%| O|  |TAMS 0x0000000087300000| PB 0x0000000087300000| Untracked 
| 115|0x0000000087300000, 0x0000000087400000, 0x0000000087400000|100%| O|  |TAMS 0x0000000087400000| PB 0x0000000087400000| Updating 
| 116|0x0000000087400000, 0x0000000087500000, 0x0000000087500000|100%| O|  |TAMS 0x0000000087500000| PB 0x0000000087500000| Untracked 
| 117|0x0000000087500000, 0x0000000087600000, 0x0000000087600000|100%| O|  |TAMS 0x0000000087600000| PB 0x0000000087600000| Updating 
| 118|0x0000000087600000, 0x0000000087700000, 0x0000000087700000|100%| O|  |TAMS 0x0000000087700000| PB 0x0000000087700000| Untracked 
| 119|0x0000000087700000, 0x0000000087800000, 0x0000000087800000|100%| O|  |TAMS 0x0000000087800000| PB 0x0000000087800000| Untracked 
| 120|0x0000000087800000, 0x0000000087900000, 0x0000000087900000|100%| O|  |TAMS 0x0000000087900000| PB 0x0000000087900000| Untracked 
| 121|0x0000000087900000, 0x0000000087a00000, 0x0000000087a00000|100%|HS|  |TAMS 0x0000000087a00000| PB 0x0000000087900000| Complete 
| 122|0x0000000087a00000, 0x0000000087b00000, 0x0000000087b00000|100%|HC|  |TAMS 0x0000000087b00000| PB 0x0000000087a00000| Complete 
| 123|0x0000000087b00000, 0x0000000087c00000, 0x0000000087c00000|100%| O|  |TAMS 0x0000000087c00000| PB 0x0000000087c00000| Untracked 
| 124|0x0000000087c00000, 0x0000000087d00000, 0x0000000087d00000|100%| O|  |TAMS 0x0000000087d00000| PB 0x0000000087d00000| Updating 
| 125|0x0000000087d00000, 0x0000000087e00000, 0x0000000087e00000|100%| O|  |TAMS 0x0000000087dacee8| PB 0x0000000087dacee8| Untracked 
| 126|0x0000000087e00000, 0x0000000087e6eea0, 0x0000000087f00000| 43%| O|  |TAMS 0x0000000087e00000| PB 0x0000000087e00000| Updating 
| 127|0x0000000087f00000, 0x0000000087f00000, 0x0000000088000000|  0%| F|  |TAMS 0x0000000087f00000| PB 0x0000000087f00000| Untracked 
| 128|0x0000000088000000, 0x0000000088000000, 0x0000000088100000|  0%| F|  |TAMS 0x0000000088000000| PB 0x0000000088000000| Untracked 
| 129|0x0000000088100000, 0x0000000088200000, 0x0000000088200000|100%| O|  |TAMS 0x0000000088200000| PB 0x0000000088200000| Updating 
| 130|0x0000000088200000, 0x0000000088200000, 0x0000000088300000|  0%| F|  |TAMS 0x0000000088200000| PB 0x0000000088200000| Untracked 
| 131|0x0000000088300000, 0x0000000088300000, 0x0000000088400000|  0%| F|  |TAMS 0x0000000088300000| PB 0x0000000088300000| Untracked 
| 132|0x0000000088400000, 0x0000000088400000, 0x0000000088500000|  0%| F|  |TAMS 0x0000000088400000| PB 0x0000000088400000| Untracked 
| 133|0x0000000088500000, 0x0000000088500000, 0x0000000088600000|  0%| F|  |TAMS 0x0000000088500000| PB 0x0000000088500000| Untracked 
| 134|0x0000000088600000, 0x0000000088600000, 0x0000000088700000|  0%| F|  |TAMS 0x0000000088600000| PB 0x0000000088600000| Untracked 
| 135|0x0000000088700000, 0x0000000088700000, 0x0000000088800000|  0%| F|  |TAMS 0x0000000088700000| PB 0x0000000088700000| Untracked 
| 136|0x0000000088800000, 0x0000000088800000, 0x0000000088900000|  0%| F|  |TAMS 0x0000000088800000| PB 0x0000000088800000| Untracked 
| 137|0x0000000088900000, 0x0000000088900000, 0x0000000088a00000|  0%| F|  |TAMS 0x0000000088900000| PB 0x0000000088900000| Untracked 
| 138|0x0000000088a00000, 0x0000000088a00000, 0x0000000088b00000|  0%| F|  |TAMS 0x0000000088a00000| PB 0x0000000088a00000| Untracked 
| 139|0x0000000088b00000, 0x0000000088b00000, 0x0000000088c00000|  0%| F|  |TAMS 0x0000000088b00000| PB 0x0000000088b00000| Untracked 
| 140|0x0000000088c00000, 0x0000000088c00000, 0x0000000088d00000|  0%| F|  |TAMS 0x0000000088c00000| PB 0x0000000088c00000| Untracked 
| 141|0x0000000088d00000, 0x0000000088d00000, 0x0000000088e00000|  0%| F|  |TAMS 0x0000000088d00000| PB 0x0000000088d00000| Untracked 
| 142|0x0000000088e00000, 0x0000000088e00000, 0x0000000088f00000|  0%| F|  |TAMS 0x0000000088e00000| PB 0x0000000088e00000| Untracked 
| 143|0x0000000088f00000, 0x0000000088f00000, 0x0000000089000000|  0%| F|  |TAMS 0x0000000088f00000| PB 0x0000000088f00000| Untracked 
| 144|0x0000000089000000, 0x0000000089000000, 0x0000000089100000|  0%| F|  |TAMS 0x0000000089000000| PB 0x0000000089000000| Untracked 
| 145|0x0000000089100000, 0x0000000089100000, 0x0000000089200000|  0%| F|  |TAMS 0x0000000089100000| PB 0x0000000089100000| Untracked 
| 146|0x0000000089200000, 0x0000000089200000, 0x0000000089300000|  0%| F|  |TAMS 0x0000000089200000| PB 0x0000000089200000| Untracked 
| 147|0x0000000089300000, 0x0000000089300000, 0x0000000089400000|  0%| F|  |TAMS 0x0000000089300000| PB 0x0000000089300000| Untracked 
| 148|0x0000000089400000, 0x00000000894d5740, 0x0000000089500000| 83%| S|CS|TAMS 0x0000000089400000| PB 0x0000000089400000| Complete 
| 149|0x0000000089500000, 0x0000000089600000, 0x0000000089600000|100%| S|CS|TAMS 0x0000000089500000| PB 0x0000000089500000| Complete 
| 150|0x0000000089600000, 0x0000000089700000, 0x0000000089700000|100%| S|CS|TAMS 0x0000000089600000| PB 0x0000000089600000| Complete 
| 151|0x0000000089700000, 0x0000000089800000, 0x0000000089800000|100%| S|CS|TAMS 0x0000000089700000| PB 0x0000000089700000| Complete 
| 152|0x0000000089800000, 0x0000000089900000, 0x0000000089900000|100%| S|CS|TAMS 0x0000000089800000| PB 0x0000000089800000| Complete 
| 153|0x0000000089900000, 0x0000000089a00000, 0x0000000089a00000|100%| S|CS|TAMS 0x0000000089900000| PB 0x0000000089900000| Complete 
| 154|0x0000000089a00000, 0x0000000089a00000, 0x0000000089b00000|  0%| F|  |TAMS 0x0000000089a00000| PB 0x0000000089a00000| Untracked 
| 155|0x0000000089b00000, 0x0000000089b00000, 0x0000000089c00000|  0%| F|  |TAMS 0x0000000089b00000| PB 0x0000000089b00000| Untracked 
| 156|0x0000000089c00000, 0x0000000089c00000, 0x0000000089d00000|  0%| F|  |TAMS 0x0000000089c00000| PB 0x0000000089c00000| Untracked 
| 157|0x0000000089d00000, 0x0000000089d00000, 0x0000000089e00000|  0%| F|  |TAMS 0x0000000089d00000| PB 0x0000000089d00000| Untracked 
| 158|0x0000000089e00000, 0x0000000089e00000, 0x0000000089f00000|  0%| F|  |TAMS 0x0000000089e00000| PB 0x0000000089e00000| Untracked 
| 159|0x0000000089f00000, 0x0000000089f00000, 0x000000008a000000|  0%| F|  |TAMS 0x0000000089f00000| PB 0x0000000089f00000| Untracked 
| 160|0x000000008a000000, 0x000000008a000000, 0x000000008a100000|  0%| F|  |TAMS 0x000000008a000000| PB 0x000000008a000000| Untracked 
| 161|0x000000008a100000, 0x000000008a100000, 0x000000008a200000|  0%| F|  |TAMS 0x000000008a100000| PB 0x000000008a100000| Untracked 
| 162|0x000000008a200000, 0x000000008a200000, 0x000000008a300000|  0%| F|  |TAMS 0x000000008a200000| PB 0x000000008a200000| Untracked 
| 163|0x000000008a300000, 0x000000008a300000, 0x000000008a400000|  0%| F|  |TAMS 0x000000008a300000| PB 0x000000008a300000| Untracked 
| 164|0x000000008a400000, 0x000000008a400000, 0x000000008a500000|  0%| F|  |TAMS 0x000000008a400000| PB 0x000000008a400000| Untracked 
| 165|0x000000008a500000, 0x000000008a500000, 0x000000008a600000|  0%| F|  |TAMS 0x000000008a500000| PB 0x000000008a500000| Untracked 
| 166|0x000000008a600000, 0x000000008a600000, 0x000000008a700000|  0%| F|  |TAMS 0x000000008a600000| PB 0x000000008a600000| Untracked 
| 167|0x000000008a700000, 0x000000008a700000, 0x000000008a800000|  0%| F|  |TAMS 0x000000008a700000| PB 0x000000008a700000| Untracked 
| 168|0x000000008a800000, 0x000000008a800000, 0x000000008a900000|  0%| F|  |TAMS 0x000000008a800000| PB 0x000000008a800000| Untracked 
| 169|0x000000008a900000, 0x000000008a900000, 0x000000008aa00000|  0%| F|  |TAMS 0x000000008a900000| PB 0x000000008a900000| Untracked 
| 170|0x000000008aa00000, 0x000000008aa00000, 0x000000008ab00000|  0%| F|  |TAMS 0x000000008aa00000| PB 0x000000008aa00000| Untracked 
| 171|0x000000008ab00000, 0x000000008ab00000, 0x000000008ac00000|  0%| F|  |TAMS 0x000000008ab00000| PB 0x000000008ab00000| Untracked 
| 172|0x000000008ac00000, 0x000000008ac00000, 0x000000008ad00000|  0%| F|  |TAMS 0x000000008ac00000| PB 0x000000008ac00000| Untracked 
| 173|0x000000008ad00000, 0x000000008ad00000, 0x000000008ae00000|  0%| F|  |TAMS 0x000000008ad00000| PB 0x000000008ad00000| Untracked 
| 174|0x000000008ae00000, 0x000000008ae00000, 0x000000008af00000|  0%| F|  |TAMS 0x000000008ae00000| PB 0x000000008ae00000| Untracked 
| 175|0x000000008af00000, 0x000000008af00000, 0x000000008b000000|  0%| F|  |TAMS 0x000000008af00000| PB 0x000000008af00000| Untracked 
| 176|0x000000008b000000, 0x000000008b000000, 0x000000008b100000|  0%| F|  |TAMS 0x000000008b000000| PB 0x000000008b000000| Untracked 
| 177|0x000000008b100000, 0x000000008b100000, 0x000000008b200000|  0%| F|  |TAMS 0x000000008b100000| PB 0x000000008b100000| Untracked 
| 178|0x000000008b200000, 0x000000008b200000, 0x000000008b300000|  0%| F|  |TAMS 0x000000008b200000| PB 0x000000008b200000| Untracked 
| 179|0x000000008b300000, 0x000000008b300000, 0x000000008b400000|  0%| F|  |TAMS 0x000000008b300000| PB 0x000000008b300000| Untracked 
| 180|0x000000008b400000, 0x000000008b400000, 0x000000008b500000|  0%| F|  |TAMS 0x000000008b400000| PB 0x000000008b400000| Untracked 
| 181|0x000000008b500000, 0x000000008b500000, 0x000000008b600000|  0%| F|  |TAMS 0x000000008b500000| PB 0x000000008b500000| Untracked 
| 182|0x000000008b600000, 0x000000008b600000, 0x000000008b700000|  0%| F|  |TAMS 0x000000008b600000| PB 0x000000008b600000| Untracked 
| 183|0x000000008b700000, 0x000000008b700000, 0x000000008b800000|  0%| F|  |TAMS 0x000000008b700000| PB 0x000000008b700000| Untracked 
| 184|0x000000008b800000, 0x000000008b800000, 0x000000008b900000|  0%| F|  |TAMS 0x000000008b800000| PB 0x000000008b800000| Untracked 
| 185|0x000000008b900000, 0x000000008b900000, 0x000000008ba00000|  0%| F|  |TAMS 0x000000008b900000| PB 0x000000008b900000| Untracked 
| 186|0x000000008ba00000, 0x000000008ba00000, 0x000000008bb00000|  0%| F|  |TAMS 0x000000008ba00000| PB 0x000000008ba00000| Untracked 
| 187|0x000000008bb00000, 0x000000008bb00000, 0x000000008bc00000|  0%| F|  |TAMS 0x000000008bb00000| PB 0x000000008bb00000| Untracked 
| 188|0x000000008bc00000, 0x000000008bc00000, 0x000000008bd00000|  0%| F|  |TAMS 0x000000008bc00000| PB 0x000000008bc00000| Untracked 
| 189|0x000000008bd00000, 0x000000008bd00000, 0x000000008be00000|  0%| F|  |TAMS 0x000000008bd00000| PB 0x000000008bd00000| Untracked 
| 190|0x000000008be00000, 0x000000008be00000, 0x000000008bf00000|  0%| F|  |TAMS 0x000000008be00000| PB 0x000000008be00000| Untracked 
| 191|0x000000008bf00000, 0x000000008bf00000, 0x000000008c000000|  0%| F|  |TAMS 0x000000008bf00000| PB 0x000000008bf00000| Untracked 
| 192|0x000000008c000000, 0x000000008c000000, 0x000000008c100000|  0%| F|  |TAMS 0x000000008c000000| PB 0x000000008c000000| Untracked 
| 193|0x000000008c100000, 0x000000008c100000, 0x000000008c200000|  0%| F|  |TAMS 0x000000008c100000| PB 0x000000008c100000| Untracked 
| 194|0x000000008c200000, 0x000000008c200000, 0x000000008c300000|  0%| F|  |TAMS 0x000000008c200000| PB 0x000000008c200000| Untracked 
| 195|0x000000008c300000, 0x000000008c300000, 0x000000008c400000|  0%| F|  |TAMS 0x000000008c300000| PB 0x000000008c300000| Untracked 
| 196|0x000000008c400000, 0x000000008c400000, 0x000000008c500000|  0%| F|  |TAMS 0x000000008c400000| PB 0x000000008c400000| Untracked 
| 197|0x000000008c500000, 0x000000008c500000, 0x000000008c600000|  0%| F|  |TAMS 0x000000008c500000| PB 0x000000008c500000| Untracked 
| 198|0x000000008c600000, 0x000000008c600000, 0x000000008c700000|  0%| F|  |TAMS 0x000000008c600000| PB 0x000000008c600000| Untracked 
| 199|0x000000008c700000, 0x000000008c700000, 0x000000008c800000|  0%| F|  |TAMS 0x000000008c700000| PB 0x000000008c700000| Untracked 
| 200|0x000000008c800000, 0x000000008c800000, 0x000000008c900000|  0%| F|  |TAMS 0x000000008c800000| PB 0x000000008c800000| Untracked 
| 201|0x000000008c900000, 0x000000008c900000, 0x000000008ca00000|  0%| F|  |TAMS 0x000000008c900000| PB 0x000000008c900000| Untracked 
| 202|0x000000008ca00000, 0x000000008ca00000, 0x000000008cb00000|  0%| F|  |TAMS 0x000000008ca00000| PB 0x000000008ca00000| Untracked 
| 203|0x000000008cb00000, 0x000000008cb00000, 0x000000008cc00000|  0%| F|  |TAMS 0x000000008cb00000| PB 0x000000008cb00000| Untracked 
| 204|0x000000008cc00000, 0x000000008cc00000, 0x000000008cd00000|  0%| F|  |TAMS 0x000000008cc00000| PB 0x000000008cc00000| Untracked 
| 205|0x000000008cd00000, 0x000000008cd00000, 0x000000008ce00000|  0%| F|  |TAMS 0x000000008cd00000| PB 0x000000008cd00000| Untracked 
| 206|0x000000008ce00000, 0x000000008ce00000, 0x000000008cf00000|  0%| F|  |TAMS 0x000000008ce00000| PB 0x000000008ce00000| Untracked 
| 207|0x000000008cf00000, 0x000000008cf00000, 0x000000008d000000|  0%| F|  |TAMS 0x000000008cf00000| PB 0x000000008cf00000| Untracked 
| 208|0x000000008d000000, 0x000000008d000000, 0x000000008d100000|  0%| F|  |TAMS 0x000000008d000000| PB 0x000000008d000000| Untracked 
| 209|0x000000008d100000, 0x000000008d100000, 0x000000008d200000|  0%| F|  |TAMS 0x000000008d100000| PB 0x000000008d100000| Untracked 
| 210|0x000000008d200000, 0x000000008d200000, 0x000000008d300000|  0%| F|  |TAMS 0x000000008d200000| PB 0x000000008d200000| Untracked 
| 211|0x000000008d300000, 0x000000008d300000, 0x000000008d400000|  0%| F|  |TAMS 0x000000008d300000| PB 0x000000008d300000| Untracked 
| 212|0x000000008d400000, 0x000000008d400000, 0x000000008d500000|  0%| F|  |TAMS 0x000000008d400000| PB 0x000000008d400000| Untracked 
| 213|0x000000008d500000, 0x000000008d500000, 0x000000008d600000|  0%| F|  |TAMS 0x000000008d500000| PB 0x000000008d500000| Untracked 
| 214|0x000000008d600000, 0x000000008d600000, 0x000000008d700000|  0%| F|  |TAMS 0x000000008d600000| PB 0x000000008d600000| Untracked 
| 215|0x000000008d700000, 0x000000008d700000, 0x000000008d800000|  0%| F|  |TAMS 0x000000008d700000| PB 0x000000008d700000| Untracked 
| 216|0x000000008d800000, 0x000000008d800000, 0x000000008d900000|  0%| F|  |TAMS 0x000000008d800000| PB 0x000000008d800000| Untracked 
| 217|0x000000008d900000, 0x000000008d900000, 0x000000008da00000|  0%| F|  |TAMS 0x000000008d900000| PB 0x000000008d900000| Untracked 
| 218|0x000000008da00000, 0x000000008da00000, 0x000000008db00000|  0%| F|  |TAMS 0x000000008da00000| PB 0x000000008da00000| Untracked 
| 219|0x000000008db00000, 0x000000008db00000, 0x000000008dc00000|  0%| F|  |TAMS 0x000000008db00000| PB 0x000000008db00000| Untracked 
| 220|0x000000008dc00000, 0x000000008dc00000, 0x000000008dd00000|  0%| F|  |TAMS 0x000000008dc00000| PB 0x000000008dc00000| Untracked 
| 221|0x000000008dd00000, 0x000000008dd00000, 0x000000008de00000|  0%| F|  |TAMS 0x000000008dd00000| PB 0x000000008dd00000| Untracked 
| 222|0x000000008de00000, 0x000000008de80000, 0x000000008df00000| 50%| E|  |TAMS 0x000000008de00000| PB 0x000000008de00000| Complete 
| 223|0x000000008df00000, 0x000000008e000000, 0x000000008e000000|100%| E|CS|TAMS 0x000000008df00000| PB 0x000000008df00000| Complete 
|2040|0x00000000ff800000, 0x00000000ff900000, 0x00000000ff900000|100%| O|  |TAMS 0x00000000ff900000| PB 0x00000000ff900000| Updating 
|2041|0x00000000ff900000, 0x00000000ffa00000, 0x00000000ffa00000|100%| O|  |TAMS 0x00000000ffa00000| PB 0x00000000ffa00000| Updating 
|2042|0x00000000ffa00000, 0x00000000ffb00000, 0x00000000ffb00000|100%| O|  |TAMS 0x00000000ffb00000| PB 0x00000000ffb00000| Untracked 
|2043|0x00000000ffb00000, 0x00000000ffc00000, 0x00000000ffc00000|100%| O|  |TAMS 0x00000000ffc00000| PB 0x00000000ffc00000| Updating 
|2044|0x00000000ffc00000, 0x00000000ffd00000, 0x00000000ffd00000|100%| O|  |TAMS 0x00000000ffd00000| PB 0x00000000ffd00000| Untracked 
|2045|0x00000000ffd00000, 0x00000000ffe00000, 0x00000000ffe00000|100%| O|  |TAMS 0x00000000ffe00000| PB 0x00000000ffe00000| Updating 
|2046|0x00000000ffe00000, 0x00000000fff00000, 0x00000000fff00000|100%| O|  |TAMS 0x00000000fff00000| PB 0x00000000fff00000| Updating 
|2047|0x00000000fff00000, 0x0000000100000000, 0x0000000100000000|100%| O|  |TAMS 0x0000000100000000| PB 0x0000000100000000| Untracked 

Card table byte_map: [0x000001acfc0e0000,0x000001acfc4e0000] _byte_map_base: 0x000001acfbce0000

Marking Bits: (CMBitMap*) 0x000001acf8694a20
 Bits: [0x000001acfc4e0000, 0x000001acfe4e0000)

Polling page: 0x000001acf65f0000

Metaspace:

Usage:
  Non-class:     87.34 MB used.
      Class:     14.39 MB used.
       Both:    101.73 MB used.

Virtual space:
  Non-class space:      128.00 MB reserved,      88.44 MB ( 69%) committed,  2 nodes.
      Class space:        1.00 GB reserved,      15.44 MB (  2%) committed,  1 nodes.
             Both:        1.12 GB reserved,     103.88 MB (  9%) committed. 

Chunk freelists:
   Non-Class:  6.75 MB
       Class:  611.00 KB
        Both:  7.35 MB

MaxMetaspaceSize: unlimited
CompressedClassSpaceSize: 1.00 GB
Initial GC threshold: 21.00 MB
Current GC threshold: 173.06 MB
CDS: off
 - commit_granule_bytes: 65536.
 - commit_granule_words: 8192.
 - virtual_space_node_default_size: 8388608.
 - enlarge_chunks_in_place: 1.
 - use_allocation_guard: 0.


Internal statistics:

num_allocs_failed_limit: 6.
num_arena_births: 4206.
num_arena_deaths: 0.
num_vsnodes_births: 3.
num_vsnodes_deaths: 0.
num_space_committed: 1662.
num_space_uncommitted: 0.
num_chunks_returned_to_freelist: 6.
num_chunks_taken_from_freelist: 8729.
num_chunk_merges: 3.
num_chunk_splits: 5683.
num_chunks_enlarged: 3513.
num_inconsistent_stats: 0.

CodeHeap 'non-profiled nmethods': size=120000Kb used=5797Kb max_used=6042Kb free=114202Kb
 bounds [0x000001ac87ad0000, 0x000001ac880c0000, 0x000001ac8f000000]
CodeHeap 'profiled nmethods': size=120000Kb used=15604Kb max_used=16605Kb free=104395Kb
 bounds [0x000001ac80000000, 0x000001ac81040000, 0x000001ac87530000]
CodeHeap 'non-nmethods': size=5760Kb used=2864Kb max_used=2916Kb free=2895Kb
 bounds [0x000001ac87530000, 0x000001ac87810000, 0x000001ac87ad0000]
CodeCache: size=245760Kb, used=24265Kb, max_used=25563Kb, free=221492Kb
 total_blobs=9887, nmethods=8904, adapters=887, full_count=0
Compilation: enabled, stopped_count=0, restarted_count=0

Compilation events (20 events):
Event: 14.163 Thread 0x000001acff3400a0 nmethod 10831 0x000001ac87f91910 code [0x000001ac87f91ca0, 0x000001ac87f93668]
Event: 14.210 Thread 0x000001ac9904a650 nmethod 10835 0x000001ac880b4510 code [0x000001ac880b47e0, 0x000001ac880b63c0]
Event: 14.218 Thread 0x000001ac9904a650 10836       4       sun.nio.fs.WindowsPathParser::parse (504 bytes)
Event: 14.262 Thread 0x000001ac9904a650 nmethod 10836 0x000001ac880b7210 code [0x000001ac880b7560, 0x000001ac880b8e80]
Event: 14.606 Thread 0x000001ac9904a650 10837   !   4       java.util.concurrent.locks.AbstractQueuedSynchronizer::acquire (424 bytes)
Event: 14.620 Thread 0x000001acff345760 10838       3       jdk.internal.misc.Unsafe::freeMemory (18 bytes)
Event: 14.620 Thread 0x000001acff345760 nmethod 10838 0x000001ac80044e10 code [0x000001ac80044fe0, 0x000001ac800452c0]
Event: 14.620 Thread 0x000001acff345760 10839       3       jdk.internal.misc.Unsafe::freeMemoryChecks (7 bytes)
Event: 14.620 Thread 0x000001acff345760 nmethod 10839 0x000001ac80014e10 code [0x000001ac80014fc0, 0x000001ac800151c0]
Event: 14.620 Thread 0x000001acff345760 10840       3       sun.nio.fs.NativeBuffer::free (10 bytes)
Event: 14.621 Thread 0x000001acff345760 nmethod 10840 0x000001ac80124310 code [0x000001ac80124500, 0x000001ac801248e0]
Event: 14.637 Thread 0x000001ac9904a650 nmethod 10837 0x000001ac880b9f90 code [0x000001ac880ba240, 0x000001ac880bb858]
Event: 14.714 Thread 0x000001acff345760 10841       3       java.lang.invoke.DelegatingMethodHandle$Holder::reinvoke_L (20 bytes)
Event: 14.714 Thread 0x000001acff345760 nmethod 10841 0x000001ac8076d390 code [0x000001ac8076d560, 0x000001ac8076d980]
Event: 15.097 Thread 0x000001acff345760 10842       3       sun.nio.fs.NativeBuffer$Deallocator::run (11 bytes)
Event: 15.098 Thread 0x000001acff345760 nmethod 10842 0x000001ac80043f10 code [0x000001ac800440e0, 0x000001ac80044400]
Event: 15.523 Thread 0x000001acff3400a0 10843   !   4       java.nio.file.Files::walkFileTree (297 bytes)
Event: 15.717 Thread 0x000001acff345760 10846       1       javax.management.ObjectName::getCanonicalName (5 bytes)
Event: 15.717 Thread 0x000001acff345760 nmethod 10846 0x000001ac87dbb990 code [0x000001ac87dbbb20, 0x000001ac87dbbbe8]
Event: 16.032 Thread 0x000001acff345760 10848   !   3       com.google.common.cache.LocalCache$Segment::lockedGetOrLoad (447 bytes)

GC Heap History (20 events):
Event: 9.396 GC heap before
{Heap before GC invocations=28 (full 0):
 garbage-first heap   total 210944K, used 174341K [0x0000000080000000, 0x0000000100000000)
  region size 1024K, 64 young (65536K), 11 survivors (11264K)
 Metaspace       used 84390K, committed 86272K, reserved 1179648K
  class space    used 11786K, committed 12672K, reserved 1048576K
}
Event: 9.403 GC heap after
{Heap after GC invocations=29 (full 0):
 garbage-first heap   total 210944K, used 125929K [0x0000000080000000, 0x0000000100000000)
  region size 1024K, 5 young (5120K), 5 survivors (5120K)
 Metaspace       used 84390K, committed 86272K, reserved 1179648K
  class space    used 11786K, committed 12672K, reserved 1048576K
}
Event: 10.089 GC heap before
{Heap before GC invocations=30 (full 0):
 garbage-first heap   total 215040K, used 191465K [0x0000000080000000, 0x0000000100000000)
  region size 1024K, 66 young (67584K), 5 survivors (5120K)
 Metaspace       used 88479K, committed 90496K, reserved 1179648K
  class space    used 12330K, committed 13312K, reserved 1048576K
}
Event: 10.094 GC heap after
{Heap after GC invocations=31 (full 0):
 garbage-first heap   total 215040K, used 128327K [0x0000000080000000, 0x0000000100000000)
  region size 1024K, 8 young (8192K), 8 survivors (8192K)
 Metaspace       used 88479K, committed 90496K, reserved 1179648K
  class space    used 12330K, committed 13312K, reserved 1048576K
}
Event: 10.725 GC heap before
{Heap before GC invocations=31 (full 0):
 garbage-first heap   total 215040K, used 194887K [0x0000000080000000, 0x0000000100000000)
  region size 1024K, 73 young (74752K), 8 survivors (8192K)
 Metaspace       used 92397K, committed 94464K, reserved 1179648K
  class space    used 12885K, committed 13888K, reserved 1048576K
}
Event: 10.735 GC heap after
{Heap after GC invocations=32 (full 0):
 garbage-first heap   total 215040K, used 132620K [0x0000000080000000, 0x0000000100000000)
  region size 1024K, 9 young (9216K), 9 survivors (9216K)
 Metaspace       used 92397K, committed 94464K, reserved 1179648K
  class space    used 12885K, committed 13888K, reserved 1048576K
}
Event: 10.783 GC heap before
{Heap before GC invocations=32 (full 0):
 garbage-first heap   total 215040K, used 135692K [0x0000000080000000, 0x0000000100000000)
  region size 1024K, 13 young (13312K), 9 survivors (9216K)
 Metaspace       used 92647K, committed 94720K, reserved 1179648K
  class space    used 12916K, committed 13952K, reserved 1048576K
}
Event: 10.790 GC heap after
{Heap after GC invocations=33 (full 0):
 garbage-first heap   total 215040K, used 133263K [0x0000000080000000, 0x0000000100000000)
  region size 1024K, 1 young (1024K), 1 survivors (1024K)
 Metaspace       used 92647K, committed 94720K, reserved 1179648K
  class space    used 12916K, committed 13952K, reserved 1048576K
}
Event: 11.469 GC heap before
{Heap before GC invocations=34 (full 0):
 garbage-first heap   total 225280K, used 195727K [0x0000000080000000, 0x0000000100000000)
  region size 1024K, 61 young (62464K), 1 survivors (1024K)
 Metaspace       used 97466K, committed 99584K, reserved 1179648K
  class space    used 13745K, committed 14784K, reserved 1048576K
}
Event: 11.473 GC heap after
{Heap after GC invocations=35 (full 0):
 garbage-first heap   total 225280K, used 134550K [0x0000000080000000, 0x0000000100000000)
  region size 1024K, 3 young (3072K), 3 survivors (3072K)
 Metaspace       used 97466K, committed 99584K, reserved 1179648K
  class space    used 13745K, committed 14784K, reserved 1048576K
}
Event: 12.572 GC heap before
{Heap before GC invocations=35 (full 0):
 garbage-first heap   total 225280K, used 205206K [0x0000000080000000, 0x0000000100000000)
  region size 1024K, 71 young (72704K), 3 survivors (3072K)
 Metaspace       used 104152K, committed 106304K, reserved 1179648K
  class space    used 14736K, committed 15808K, reserved 1048576K
}
Event: 12.579 GC heap after
{Heap after GC invocations=36 (full 0):
 garbage-first heap   total 225280K, used 140121K [0x0000000080000000, 0x0000000100000000)
  region size 1024K, 8 young (8192K), 8 survivors (8192K)
 Metaspace       used 104152K, committed 106304K, reserved 1179648K
  class space    used 14736K, committed 15808K, reserved 1048576K
}
Event: 13.559 GC heap before
{Heap before GC invocations=36 (full 0):
 garbage-first heap   total 225280K, used 204633K [0x0000000080000000, 0x0000000100000000)
  region size 1024K, 71 young (72704K), 8 survivors (8192K)
 Metaspace       used 104154K, committed 106304K, reserved 1179648K
  class space    used 14736K, committed 15808K, reserved 1048576K
}
Event: 13.569 GC heap after
{Heap after GC invocations=37 (full 0):
 garbage-first heap   total 225280K, used 141342K [0x0000000080000000, 0x0000000100000000)
  region size 1024K, 4 young (4096K), 4 survivors (4096K)
 Metaspace       used 104154K, committed 106304K, reserved 1179648K
  class space    used 14736K, committed 15808K, reserved 1048576K
}
Event: 14.321 GC heap before
{Heap before GC invocations=38 (full 0):
 garbage-first heap   total 237568K, used 206878K [0x0000000080000000, 0x0000000100000000)
  region size 1024K, 68 young (69632K), 4 survivors (4096K)
 Metaspace       used 104169K, committed 106368K, reserved 1179648K
  class space    used 14739K, committed 15808K, reserved 1048576K
}
Event: 14.327 GC heap after
{Heap after GC invocations=39 (full 0):
 garbage-first heap   total 237568K, used 142937K [0x0000000080000000, 0x0000000100000000)
  region size 1024K, 6 young (6144K), 6 survivors (6144K)
 Metaspace       used 104169K, committed 106368K, reserved 1179648K
  class space    used 14739K, committed 15808K, reserved 1048576K
}
Event: 15.243 GC heap before
{Heap before GC invocations=39 (full 0):
 garbage-first heap   total 237568K, used 216665K [0x0000000080000000, 0x0000000100000000)
  region size 1024K, 78 young (79872K), 6 survivors (6144K)
 Metaspace       used 104171K, committed 106368K, reserved 1179648K
  class space    used 14739K, committed 15808K, reserved 1048576K
}
Event: 15.250 GC heap after
{Heap after GC invocations=40 (full 0):
 garbage-first heap   total 237568K, used 143122K [0x0000000080000000, 0x0000000100000000)
  region size 1024K, 8 young (8192K), 8 survivors (8192K)
 Metaspace       used 104171K, committed 106368K, reserved 1179648K
  class space    used 14739K, committed 15808K, reserved 1048576K
}
Event: 16.456 GC heap before
{Heap before GC invocations=40 (full 0):
 garbage-first heap   total 237568K, used 214802K [0x0000000080000000, 0x0000000100000000)
  region size 1024K, 78 young (79872K), 8 survivors (8192K)
 Metaspace       used 104171K, committed 106368K, reserved 1179648K
  class space    used 14739K, committed 15808K, reserved 1048576K
}
Event: 17.012 GC heap after
{Heap after GC invocations=41 (full 0):
 garbage-first heap   total 237568K, used 144657K [0x0000000080000000, 0x0000000100000000)
  region size 1024K, 6 young (6144K), 6 survivors (6144K)
 Metaspace       used 104171K, committed 106368K, reserved 1179648K
  class space    used 14739K, committed 15808K, reserved 1048576K
}

Dll operation events (3 events):
Event: 0.006 Loaded shared library C:\android2\jbr\bin\java.dll
Event: 0.011 Loaded shared library C:\android2\jbr\bin\zip.dll
Event: 0.434 Loaded shared library C:\android2\jbr\bin\verify.dll

Deoptimization events (20 events):
Event: 12.167 Thread 0x000001ac968f6950 Uncommon trap: trap_request=0xffffff45 fr.pc=0x000001ac87d47e6c relative=0x000000000000012c
Event: 12.167 Thread 0x000001ac968f6950 Uncommon trap: reason=unstable_if action=reinterpret pc=0x000001ac87d47e6c method=java.lang.ThreadLocal.get(Ljava/lang/Thread;)Ljava/lang/Object; @ 7 c2
Event: 12.167 Thread 0x000001ac968f6950 DEOPT PACKING pc=0x000001ac87d47e6c sp=0x0000003a890ff020
Event: 12.167 Thread 0x000001ac968f6950 DEOPT UNPACKING pc=0x000001ac875846a2 sp=0x0000003a890fefb8 mode 2
Event: 12.377 Thread 0x000001ac961a9a80 Uncommon trap: trap_request=0xffffff45 fr.pc=0x000001ac87bbab5c relative=0x000000000000031c
Event: 12.377 Thread 0x000001ac961a9a80 Uncommon trap: reason=unstable_if action=reinterpret pc=0x000001ac87bbab5c method=java.lang.StringLatin1.compareToCI([B[B)I @ 68 c2
Event: 12.377 Thread 0x000001ac961a9a80 DEOPT PACKING pc=0x000001ac87bbab5c sp=0x0000003a82df61e0
Event: 12.377 Thread 0x000001ac961a9a80 DEOPT UNPACKING pc=0x000001ac875846a2 sp=0x0000003a82df60d0 mode 2
Event: 12.411 Thread 0x000001ac961a9a80 Uncommon trap: trap_request=0xffffff45 fr.pc=0x000001ac87c91b74 relative=0x00000000000002b4
Event: 12.411 Thread 0x000001ac961a9a80 Uncommon trap: reason=unstable_if action=reinterpret pc=0x000001ac87c91b74 method=java.lang.StringLatin1.compareToCI([B[B)I @ 68 c2
Event: 12.411 Thread 0x000001ac961a9a80 DEOPT PACKING pc=0x000001ac87c91b74 sp=0x0000003a82df6140
Event: 12.411 Thread 0x000001ac961a9a80 DEOPT UNPACKING pc=0x000001ac875846a2 sp=0x0000003a82df60c8 mode 2
Event: 12.935 Thread 0x000001ac961a9a80 DEOPT PACKING pc=0x000001ac81036382 sp=0x0000003a82df6140
Event: 12.935 Thread 0x000001ac961a9a80 DEOPT UNPACKING pc=0x000001ac87584e42 sp=0x0000003a82df5608 mode 0
Event: 13.594 Thread 0x000001ac961a9a80 DEOPT PACKING pc=0x000001ac81036382 sp=0x0000003a82df6140
Event: 13.594 Thread 0x000001ac961a9a80 DEOPT UNPACKING pc=0x000001ac87584e42 sp=0x0000003a82df5608 mode 0
Event: 15.678 Thread 0x000001ac961a9a80 Uncommon trap: trap_request=0xffffff45 fr.pc=0x000001ac880905d8 relative=0x0000000000003e78
Event: 15.678 Thread 0x000001ac961a9a80 Uncommon trap: reason=unstable_if action=reinterpret pc=0x000001ac880905d8 method=java.util.concurrent.FutureTask.awaitDone(ZJ)I @ 23 c2
Event: 15.678 Thread 0x000001ac961a9a80 DEOPT PACKING pc=0x000001ac880905d8 sp=0x0000003a82df6670
Event: 15.980 Thread 0x000001ac961a9a80 DEOPT UNPACKING pc=0x000001ac875846a2 sp=0x0000003a82df61c8 mode 2

Classes loaded (20 events):
Event: 11.963 Loading class java/util/stream/ReduceOps$CountingSink$OfRef
Event: 11.963 Loading class java/util/stream/ReduceOps$CountingSink
Event: 11.963 Loading class java/util/stream/ReduceOps$CountingSink done
Event: 11.963 Loading class java/util/stream/ReduceOps$CountingSink$OfRef done
Event: 11.988 Loading class java/util/IdentityHashMap$KeyIterator
Event: 11.988 Loading class java/util/IdentityHashMap$KeyIterator done
Event: 12.062 Loading class java/util/concurrent/LinkedBlockingDeque$Itr
Event: 12.062 Loading class java/util/concurrent/LinkedBlockingDeque$AbstractItr
Event: 12.062 Loading class java/util/concurrent/LinkedBlockingDeque$AbstractItr done
Event: 12.062 Loading class java/util/concurrent/LinkedBlockingDeque$Itr done
Event: 12.100 Loading class java/util/TreeMap$KeySpliterator
Event: 12.100 Loading class java/util/TreeMap$TreeMapSpliterator
Event: 12.101 Loading class java/util/TreeMap$TreeMapSpliterator done
Event: 12.101 Loading class java/util/TreeMap$KeySpliterator done
Event: 12.122 Loading class java/util/concurrent/ConcurrentLinkedQueue$Itr
Event: 12.122 Loading class java/util/concurrent/ConcurrentLinkedQueue$Itr done
Event: 12.225 Loading class java/io/PushbackInputStream
Event: 12.225 Loading class java/io/PushbackInputStream done
Event: 12.275 Loading class java/util/AbstractList$ListItr
Event: 12.275 Loading class java/util/AbstractList$ListItr done

Classes unloaded (0 events):
No events

Classes redefined (0 events):
No events

Internal exceptions (20 events):
Event: 11.847 Thread 0x000001ac961a9a80 Implicit null exception at 0x000001ac87f34b52 to 0x000001ac87f3543c
Event: 11.849 Thread 0x000001ac989edc40 Implicit null exception at 0x000001ac87ebbf0b to 0x000001ac87ebbfd0
Event: 11.849 Thread 0x000001ac989edc40 Implicit null exception at 0x000001ac87ffa88e to 0x000001ac87ffb024
Event: 11.859 Thread 0x000001ac961a9a80 Implicit null exception at 0x000001ac87f34b52 to 0x000001ac87f3543c
Event: 11.863 Thread 0x000001ac961a9a80 Implicit null exception at 0x000001ac87f34b52 to 0x000001ac87f3543c
Event: 11.888 Thread 0x000001ac961ab4c0 Exception <a 'java/lang/NoSuchMethodError'{0x000000008b688bd8}: static Lorg/gradle/tooling/internal/provider/PhasedBuildActionResult;.<clinit>()V> (0x000000008b688bd8) 
thrown [s\src\hotspot\share\prims\jni.cpp, line 1144]
Event: 11.889 Thread 0x000001ac961ab4c0 Exception <a 'java/lang/NoSuchMethodError'{0x000000008b692e00}: static Lorg/gradle/tooling/internal/provider/serialization/SerializedPayload;.<clinit>()V> (0x000000008b692e00) 
thrown [s\src\hotspot\share\prims\jni.cpp, line 1144]
Event: 11.890 Thread 0x000001ac961ab4c0 Exception <a 'java/lang/NoSuchMethodError'{0x000000008b696a48}: static [B.<clinit>()V> (0x000000008b696a48) 
thrown [s\src\hotspot\share\prims\jni.cpp, line 1144]
Event: 11.963 Thread 0x000001ac961a9a80 Implicit null exception at 0x000001ac87bf3ff9 to 0x000001ac87bf4024
Event: 12.039 Thread 0x000001ac989edc40 Exception <a 'java/lang/NoSuchMethodError'{0x000000008af39688}: 'java.lang.Object java.lang.invoke.DirectMethodHandle$Holder.newInvokeSpecial(java.lang.Object, java.lang.Object, int, java.lang.Object, java.lang.Object)'> (0x000000008af39688) 
thrown [s\src\hotspot\share\interpreter\linkResolver.cpp, line 784]
Event: 12.092 Thread 0x000001ac989edc40 Exception <a 'java/lang/NoSuchMethodError'{0x000000008abff408}: 'java.lang.Object java.lang.invoke.DirectMethodHandle$Holder.invokeVirtual(java.lang.Object, java.lang.Object, java.lang.Object, java.lang.Object, java.lang.Object, java.lang.Object, java.lang.Object, java.lang.Object, java.lang.Object, java.lang.Object, java.lang.Object, java.lang.Object, java.lang.Object, java.lang.Object, java.lang.Object, java.lang.Object, java.lang.Object, java.lang.Object, java.lang.Object)'> (0x000000008abff408) 
thrown
Event: 12.111 Thread 0x000001ac961ab4c0 Exception <a 'java/lang/NoSuchMethodError'{0x000000008a908718}: static Lorg/gradle/internal/build/event/types/DefaultTaskStartedProgressEvent;.<clinit>()V> (0x000000008a908718) 
thrown [s\src\hotspot\share\prims\jni.cpp, line 1144]
Event: 12.112 Thread 0x000001ac961ab4c0 Exception <a 'java/lang/NoSuchMethodError'{0x000000008a945600}: static Lorg/gradle/internal/build/event/types/DefaultTaskDescriptor;.<clinit>()V> (0x000000008a945600) 
thrown [s\src\hotspot\share\prims\jni.cpp, line 1144]
Event: 12.119 Thread 0x000001ac961ab4c0 Exception <a 'java/lang/NoSuchMethodError'{0x000000008a954080}: static Lorg/gradle/internal/build/event/types/DefaultTaskFinishedProgressEvent;.<clinit>()V> (0x000000008a954080) 
thrown [s\src\hotspot\share\prims\jni.cpp, line 1144]
Event: 12.121 Thread 0x000001ac961ab4c0 Exception <a 'java/lang/NoSuchMethodError'{0x000000008a96a508}: static Lorg/gradle/internal/build/event/types/DefaultTaskSuccessResult;.<clinit>()V> (0x000000008a96a508) 
thrown [s\src\hotspot\share\prims\jni.cpp, line 1144]
Event: 12.121 Thread 0x000001ac961ab4c0 Exception <a 'java/lang/NoSuchMethodError'{0x000000008a96bc60}: static Lorg/gradle/internal/build/event/types/AbstractTaskResult;.<clinit>()V> (0x000000008a96bc60) 
thrown [s\src\hotspot\share\prims\jni.cpp, line 1144]
Event: 12.167 Thread 0x000001ac968f6950 Implicit null exception at 0x000001ac87d47d87 to 0x000001ac87d47e54
Event: 12.272 Thread 0x000001ac968f6950 Exception <a 'java/lang/NoSuchMethodError'{0x000000008a2f6848}: 'void java.lang.invoke.DirectMethodHandle$Holder.invokeStaticInit(java.lang.Object)'> (0x000000008a2f6848) 
thrown [s\src\hotspot\share\interpreter\linkResolver.cpp, line 784]
Event: 12.274 Thread 0x000001ac968f6950 Exception <a 'java/lang/NoSuchMethodError'{0x000000008a1088f8}: 'void java.lang.invoke.DirectMethodHandle$Holder.invokeStatic(java.lang.Object, int)'> (0x000000008a1088f8) 
thrown [s\src\hotspot\share\interpreter\linkResolver.cpp, line 784]
Event: 12.274 Thread 0x000001ac968f6950 Exception <a 'java/lang/NoSuchMethodError'{0x000000008a10bce8}: 'void java.lang.invoke.DirectMethodHandle$Holder.invokeStaticInit(java.lang.Object, int)'> (0x000000008a10bce8) 
thrown [s\src\hotspot\share\interpreter\linkResolver.cpp, line 784]

ZGC Phase Switch (0 events):
No events

VM Operations (20 events):
Event: 12.277 Executing VM operation: HandshakeAllThreads (Deoptimize) done
Event: 12.340 Executing VM operation: HandshakeAllThreads (Deoptimize)
Event: 12.341 Executing VM operation: HandshakeAllThreads (Deoptimize) done
Event: 12.572 Executing VM operation: G1CollectForAllocation (G1 Evacuation Pause)
Event: 12.579 Executing VM operation: G1CollectForAllocation (G1 Evacuation Pause) done
Event: 13.559 Executing VM operation: G1CollectForAllocation (G1 Evacuation Pause)
Event: 13.569 Executing VM operation: G1CollectForAllocation (G1 Evacuation Pause) done
Event: 13.640 Executing VM operation: G1PauseRemark
Event: 13.648 Executing VM operation: G1PauseRemark done
Event: 13.676 Executing VM operation: G1PauseCleanup
Event: 13.677 Executing VM operation: G1PauseCleanup done
Event: 14.321 Executing VM operation: G1CollectForAllocation (G1 Evacuation Pause)
Event: 14.327 Executing VM operation: G1CollectForAllocation (G1 Evacuation Pause) done
Event: 15.243 Executing VM operation: G1CollectForAllocation (G1 Evacuation Pause)
Event: 15.250 Executing VM operation: G1CollectForAllocation (G1 Evacuation Pause) done
Event: 16.258 Executing VM operation: Cleanup
Event: 16.259 Executing VM operation: Cleanup done
Event: 16.456 Executing VM operation: G1CollectForAllocation (G1 Evacuation Pause)
Event: 17.013 Executing VM operation: G1CollectForAllocation (G1 Evacuation Pause) done
Event: 17.083 Executing VM operation: G1PauseRemark

Memory protections (0 events):
No events

Nmethod flushes (20 events):
Event: 13.645 Thread 0x000001acff17d880 flushing  nmethod 0x000001ac87dd3410
Event: 13.645 Thread 0x000001acff17d880 flushing  nmethod 0x000001ac87e3a310
Event: 13.645 Thread 0x000001acff17d880 flushing  nmethod 0x000001ac87edf510
Event: 13.645 Thread 0x000001acff17d880 flushing  nmethod 0x000001ac80014e10
Event: 13.645 Thread 0x000001acff17d880 flushing  nmethod 0x000001ac80016190
Event: 13.645 Thread 0x000001acff17d880 flushing  nmethod 0x000001ac80016510
Event: 13.645 Thread 0x000001acff17d880 flushing  nmethod 0x000001ac80087d10
Event: 13.645 Thread 0x000001acff17d880 flushing  nmethod 0x000001ac801c0a90
Event: 13.645 Thread 0x000001acff17d880 flushing  nmethod 0x000001ac801c1490
Event: 13.645 Thread 0x000001acff17d880 flushing  nmethod 0x000001ac8027bf90
Event: 13.645 Thread 0x000001acff17d880 flushing  nmethod 0x000001ac802df090
Event: 13.645 Thread 0x000001acff17d880 flushing  nmethod 0x000001ac8033de10
Event: 13.645 Thread 0x000001acff17d880 flushing  nmethod 0x000001ac8041c210
Event: 13.645 Thread 0x000001acff17d880 flushing  nmethod 0x000001ac8046c810
Event: 13.645 Thread 0x000001acff17d880 flushing  nmethod 0x000001ac8071f890
Event: 13.645 Thread 0x000001acff17d880 flushing  nmethod 0x000001ac80839e90
Event: 13.645 Thread 0x000001acff17d880 flushing  nmethod 0x000001ac808d0110
Event: 13.645 Thread 0x000001acff17d880 flushing  nmethod 0x000001ac808d6c90
Event: 13.645 Thread 0x000001acff17d880 flushing  nmethod 0x000001ac80a3ba10
Event: 13.645 Thread 0x000001acff17d880 flushing  nmethod 0x000001ac80cfb410

Events (20 events):
Event: 11.839 Thread 0x000001ac961a9a80 Thread added: 0x000001ac989edc40
Event: 11.878 Thread 0x000001ac989edc40 Thread exited: 0x000001ac989edc40
Event: 12.033 Thread 0x000001ac961a9a80 Thread added: 0x000001ac989edc40
Event: 12.040 Thread 0x000001ac989edc40 Thread added: 0x000001ac989ebb70
Event: 12.041 Thread 0x000001ac989edc40 Thread added: 0x000001ac989ec200
Event: 12.041 Thread 0x000001ac989edc40 Thread added: 0x000001ac989ea7c0
Event: 12.041 Thread 0x000001ac989edc40 Thread added: 0x000001ac989ee2d0
Event: 12.041 Thread 0x000001ac989edc40 Thread added: 0x000001ac989ee960
Event: 12.041 Thread 0x000001ac989edc40 Thread added: 0x000001ac989efd10
Event: 12.041 Thread 0x000001ac989edc40 Thread added: 0x000001ac989eeff0
Event: 12.041 Thread 0x000001ac989edc40 Thread added: 0x000001ac989f03a0
Event: 12.041 Thread 0x000001ac989edc40 Thread added: 0x000001ac9569b7f0
Event: 12.041 Thread 0x000001ac989edc40 Thread added: 0x000001ac9569cba0
Event: 12.041 Thread 0x000001ac989edc40 Thread added: 0x000001ac98a05730
Event: 12.069 Thread 0x000001ac989edc40 Thread added: 0x000001ac98a098d0
Event: 12.166 Thread 0x000001ac961a9a80 Thread added: 0x000001ac968f6950
Event: 12.350 Thread 0x000001ac961a9a80 Thread added: 0x000001ac968f4f10
Event: 14.024 Thread 0x000001ac9aadd670 Thread exited: 0x000001ac9aadd670
Event: 14.105 Thread 0x000001acff3400a0 Thread added: 0x000001ac9904a650
Event: 15.098 Thread 0x000001ac9904a650 Thread exited: 0x000001ac9904a650


Dynamic libraries:
0x00007ff7e4330000 - 0x00007ff7e433a000 	C:\android2\jbr\bin\java.exe
0x00007ffcdaec0000 - 0x00007ffcdb127000 	C:\WINDOWS\SYSTEM32\ntdll.dll
0x00007ffcd9eb0000 - 0x00007ffcd9f79000 	C:\WINDOWS\System32\KERNEL32.DLL
0x00007ffcd7db0000 - 0x00007ffcd81a4000 	C:\WINDOWS\System32\KERNELBASE.dll
0x00007ffcd7bb0000 - 0x00007ffcd7cfb000 	C:\WINDOWS\System32\ucrtbase.dll
0x00007ffcd2d10000 - 0x00007ffcd2d2b000 	C:\android2\jbr\bin\VCRUNTIME140.dll
0x00007ffcc66f0000 - 0x00007ffcc6708000 	C:\android2\jbr\bin\jli.dll
0x00007ffcd9be0000 - 0x00007ffcd9da5000 	C:\WINDOWS\System32\USER32.dll
0x00007ffcd7790000 - 0x00007ffcd77b7000 	C:\WINDOWS\System32\win32u.dll
0x00007ffcb99d0000 - 0x00007ffcb9c63000 	C:\WINDOWS\WinSxS\amd64_microsoft.windows.common-controls_6595b64144ccf1df_6.0.26100.8115_none_3e075c82e3354f9c\COMCTL32.dll
0x00007ffcda040000 - 0x00007ffcda0e9000 	C:\WINDOWS\System32\msvcrt.dll
0x00007ffcda310000 - 0x00007ffcda33b000 	C:\WINDOWS\System32\GDI32.dll
0x00007ffcd7880000 - 0x00007ffcd79ab000 	C:\WINDOWS\System32\gdi32full.dll
0x00007ffcd7d00000 - 0x00007ffcd7da3000 	C:\WINDOWS\System32\msvcp_win.dll
0x00007ffcd9e70000 - 0x00007ffcd9ea2000 	C:\WINDOWS\System32\IMM32.DLL
0x00007ffcd2d00000 - 0x00007ffcd2d0c000 	C:\android2\jbr\bin\vcruntime140_1.dll
0x00007ffc9f9d0000 - 0x00007ffc9fa5d000 	C:\android2\jbr\bin\msvcp140.dll
0x00007ffc2b3c0000 - 0x00007ffc2c056000 	C:\android2\jbr\bin\server\jvm.dll
0x00007ffcd9db0000 - 0x00007ffcd9e66000 	C:\WINDOWS\System32\ADVAPI32.dll
0x00007ffcd9f80000 - 0x00007ffcda027000 	C:\WINDOWS\System32\sechost.dll
0x00007ffcda1f0000 - 0x00007ffcda308000 	C:\WINDOWS\System32\RPCRT4.dll
0x00007ffcd9760000 - 0x00007ffcd97e0000 	C:\WINDOWS\System32\WS2_32.dll
0x00007ffcd7610000 - 0x00007ffcd766e000 	C:\WINDOWS\SYSTEM32\POWRPROF.dll
0x00007ffcb8630000 - 0x00007ffcb863b000 	C:\WINDOWS\SYSTEM32\VERSION.dll
0x00007ffccf880000 - 0x00007ffccf8b6000 	C:\WINDOWS\SYSTEM32\WINMM.dll
0x00007ffcd75f0000 - 0x00007ffcd7604000 	C:\WINDOWS\SYSTEM32\UMPDC.dll
0x00007ffcd6520000 - 0x00007ffcd653b000 	C:\WINDOWS\SYSTEM32\kernel.appcore.dll
0x00007ffcd2940000 - 0x00007ffcd294a000 	C:\android2\jbr\bin\jimage.dll
0x00007ffcd5730000 - 0x00007ffcd5972000 	C:\WINDOWS\SYSTEM32\DBGHELP.DLL
0x00007ffcd93d0000 - 0x00007ffcd9752000 	C:\WINDOWS\System32\combase.dll
0x00007ffcd9a90000 - 0x00007ffcd9b68000 	C:\WINDOWS\System32\OLEAUT32.dll
0x00007ffcb7310000 - 0x00007ffcb734b000 	C:\WINDOWS\SYSTEM32\dbgcore.DLL
0x00007ffcd81b0000 - 0x00007ffcd8255000 	C:\WINDOWS\System32\bcryptPrimitives.dll
0x00007ffcc6260000 - 0x00007ffcc626e000 	C:\android2\jbr\bin\instrument.dll
0x00007ffcd2920000 - 0x00007ffcd2940000 	C:\android2\jbr\bin\java.dll
0x00007ffcd28c0000 - 0x00007ffcd28d8000 	C:\android2\jbr\bin\zip.dll
0x00007ffcd8c50000 - 0x00007ffcd93b7000 	C:\WINDOWS\System32\SHELL32.dll
0x00007ffcd7a40000 - 0x00007ffcd7baa000 	C:\WINDOWS\System32\wintypes.dll
0x00007ffcd8260000 - 0x00007ffcd8ac8000 	C:\WINDOWS\System32\windows.storage.dll
0x00007ffcda0f0000 - 0x00007ffcda1e8000 	C:\WINDOWS\System32\SHCORE.dll
0x00007ffcd9b70000 - 0x00007ffcd9bd6000 	C:\WINDOWS\System32\shlwapi.dll
0x00007ffcd76b0000 - 0x00007ffcd76d9000 	C:\WINDOWS\SYSTEM32\profapi.dll
0x00007ffcd2820000 - 0x00007ffcd2830000 	C:\android2\jbr\bin\net.dll
0x00007ffcd1ac0000 - 0x00007ffcd1bed000 	C:\WINDOWS\SYSTEM32\WINHTTP.dll
0x00007ffcd6a90000 - 0x00007ffcd6afc000 	C:\WINDOWS\system32\mswsock.dll
0x00007ffcc93f0000 - 0x00007ffcc9406000 	C:\android2\jbr\bin\nio.dll
0x00007ffcc67d0000 - 0x00007ffcc67e0000 	C:\android2\jbr\bin\verify.dll
0x00007ffcc22c0000 - 0x00007ffcc22e7000 	C:\Users\Mica\.gradle\native\1def1411415f61bf3af743bc5b6707747c0891f09f0c88961ee8f79bc544acac\windows-amd64\native-platform.dll
0x00007ffc9a620000 - 0x00007ffc9a698000 	C:\Users\Mica\.gradle\native\0.2.7\x86_64-windows-gnu\gradle-fileevents.dll
0x00007ffcceee0000 - 0x00007ffcceee9000 	C:\android2\jbr\bin\management.dll
0x00007ffcc9470000 - 0x00007ffcc947b000 	C:\android2\jbr\bin\management_ext.dll
0x00007ffcda030000 - 0x00007ffcda038000 	C:\WINDOWS\System32\PSAPI.DLL
0x00007ffcd5ee0000 - 0x00007ffcd5f12000 	C:\WINDOWS\SYSTEM32\IPHLPAPI.DLL
0x00007ffcda5a0000 - 0x00007ffcda5aa000 	C:\WINDOWS\System32\NSI.dll
0x00007ffcd27f0000 - 0x00007ffcd27f9000 	C:\android2\jbr\bin\extnet.dll
0x00007ffcd6d70000 - 0x00007ffcd6d8b000 	C:\WINDOWS\SYSTEM32\CRYPTSP.dll
0x00007ffcd6480000 - 0x00007ffcd64b9000 	C:\WINDOWS\system32\rsaenh.dll
0x00007ffcd6b40000 - 0x00007ffcd6b73000 	C:\WINDOWS\SYSTEM32\USERENV.dll
0x00007ffcd7680000 - 0x00007ffcd76aa000 	C:\WINDOWS\SYSTEM32\bcrypt.dll
0x00007ffcd6d90000 - 0x00007ffcd6d9c000 	C:\WINDOWS\SYSTEM32\CRYPTBASE.dll
0x00007ffc98490000 - 0x00007ffc98498000 	C:\WINDOWS\system32\wshunix.dll

JVMTI agents:
C:\Users\Mica\.gradle\wrapper\dists\gradle-8.13-bin\5xuhj0ry160q40clulazy9h7d\gradle-8.13\lib\agents\gradle-instrumentation-agent-8.13.jar path:C:\android2\jbr\bin\instrument.dll, loaded, initialized, instrumentlib options:none

dbghelp: loaded successfully - version: 4.0.5 - missing functions: none
symbol engine: initialized successfully - sym options: 0x614 - pdb path: .;C:\android2\jbr\bin;C:\WINDOWS\SYSTEM32;C:\WINDOWS\WinSxS\amd64_microsoft.windows.common-controls_6595b64144ccf1df_6.0.26100.8115_none_3e075c82e3354f9c;C:\android2\jbr\bin\server;C:\Users\Mica\.gradle\native\1def1411415f61bf3af743bc5b6707747c0891f09f0c88961ee8f79bc544acac\windows-amd64;C:\Users\Mica\.gradle\native\0.2.7\x86_64-windows-gnu

VM Arguments:
jvm_args: --add-opens=java.base/java.lang=ALL-UNNAMED --add-opens=java.base/java.lang.invoke=ALL-UNNAMED --add-opens=java.base/java.util=ALL-UNNAMED --add-opens=java.prefs/java.util.prefs=ALL-UNNAMED --add-exports=jdk.compiler/com.sun.tools.javac.api=ALL-UNNAMED --add-exports=jdk.compiler/com.sun.tools.javac.util=ALL-UNNAMED --add-opens=java.base/java.util=ALL-UNNAMED --add-opens=java.prefs/java.util.prefs=ALL-UNNAMED --add-opens=java.base/java.nio.charset=ALL-UNNAMED --add-opens=java.base/java.net=ALL-UNNAMED --add-opens=java.base/java.util.concurrent.atomic=ALL-UNNAMED --add-opens=java.xml/javax.xml.namespace=ALL-UNNAMED -Xmx2048m -Dfile.encoding=UTF-8 -Duser.country=PH -Duser.language=en -Duser.variant -javaagent:C:\Users\Mica\.gradle\wrapper\dists\gradle-8.13-bin\5xuhj0ry160q40clulazy9h7d\gradle-8.13\lib\agents\gradle-instrumentation-agent-8.13.jar 
java_command: org.gradle.launcher.daemon.bootstrap.GradleDaemon 8.13
java_class_path (initial): C:\Users\Mica\.gradle\wrapper\dists\gradle-8.13-bin\5xuhj0ry160q40clulazy9h7d\gradle-8.13\lib\gradle-daemon-main-8.13.jar
Launcher Type: SUN_STANDARD

[Global flags]
     intx CICompilerCount                          = 4                                         {product} {ergonomic}
     uint ConcGCThreads                            = 3                                         {product} {ergonomic}
     uint G1ConcRefinementThreads                  = 10                                        {product} {ergonomic}
   size_t G1HeapRegionSize                         = 1048576                                   {product} {ergonomic}
    uintx GCDrainStackTargetSize                   = 64                                        {product} {ergonomic}
   size_t InitialHeapSize                          = 130023424                                 {product} {ergonomic}
   size_t MarkStackSize                            = 4194304                                   {product} {ergonomic}
   size_t MaxHeapSize                              = 2147483648                                {product} {command line}
   size_t MaxNewSize                               = 1287651328                                {product} {ergonomic}
   size_t MinHeapDeltaBytes                        = 1048576                                   {product} {ergonomic}
   size_t MinHeapSize                              = 8388608                                   {product} {ergonomic}
    uintx NonNMethodCodeHeapSize                   = 5839372                                {pd product} {ergonomic}
    uintx NonProfiledCodeHeapSize                  = 122909434                              {pd product} {ergonomic}
    uintx ProfiledCodeHeapSize                     = 122909434                              {pd product} {ergonomic}
    uintx ReservedCodeCacheSize                    = 251658240                              {pd product} {ergonomic}
     bool SegmentedCodeCache                       = true                                      {product} {ergonomic}
   size_t SoftMaxHeapSize                          = 2147483648                             {manageable} {ergonomic}
     bool UseCompressedOops                        = true                           {product lp64_product} {ergonomic}
     bool UseG1GC                                  = true                                      {product} {ergonomic}
     bool UseLargePagesIndividualAllocation        = false                                  {pd product} {ergonomic}

Logging:
Log output configuration:
 #0: stdout all=warning uptime,level,tags foldmultilines=false
 #1: stderr all=off uptime,level,tags foldmultilines=false

Environment Variables:
PATH=C:\WINDOWS\system32;C:\WINDOWS;C:\WINDOWS\System32\Wbem;C:\WINDOWS\System32\WindowsPowerShell\v1.0\;C:\WINDOWS\System32\OpenSSH\;C:\MinGW\bin;C:\Program Files\Java;C:\Program Files\Java\jdk1.8.0_351\bin;C:\MinGW;C:\jdk-25_windows-x64_bin;C:\Program Files\Git\cmd;C:\Program Files\MySQL\MySQL Shell 8.0\bin\;C:\Users\Mica\AppData\Local\Microsoft\WindowsApps;C:\Users\Mica\AppData\Local\Programs\Microsoft VS Code\bin;C:\MinGW;C:\jdk-25_windows-x64_bin\jdk-25
USERNAME=Mica
OS=Windows_NT
PROCESSOR_IDENTIFIER=Intel64 Family 6 Model 186 Stepping 3, GenuineIntel
TMP=C:\Users\Mica\AppData\Local\Temp
TEMP=C:\Users\Mica\AppData\Local\Temp




Periodic native trim disabled

JNI global refs:
JNI global refs: 28, weak refs: 3

JNI global refs memory usage: 835, weak refs: 833

Process memory usage:
Resident Set Size: 496480K (6% of 8069112K total physical memory with 814884K free physical memory)

OOME stack traces (most recent first):
Classloader memory used:
Loader org.gradle.internal.classloader.VisitableURLClassLoader                         : 41472K
Loader bootstrap                                                                       : 26566K
Loader org.gradle.internal.classloader.VisitableURLClassLoader$InstrumentingVisitableURLClassLoader: 20580K
Loader org.gradle.initialization.MixInLegacyTypesClassLoader                           : 12364K
Loader org.gradle.internal.classloader.VisitableURLClassLoader                         : 1910K
Loader jdk.internal.loader.ClassLoaders$PlatformClassLoader                            : 510K
Loader jdk.internal.reflect.DelegatingClassLoader                                      : 391K
Loader jdk.internal.loader.ClassLoaders$AppClassLoader                                 : 235K
Loader org.gradle.groovy.scripts.internal.DefaultScriptCompilationHandler$ScriptClassLoader: 92272B
Loader org.codehaus.groovy.runtime.callsite.CallSiteClassLoader                        : 49912B

Classes loaded by more than one classloader:
Class Program                                                                         : loaded 5 times (x 72B)
Class org.gradle.api.Action                                                           : loaded 3 times (x 70B)
Class org.gradle.internal.Cast                                                        : loaded 3 times (x 71B)
Class Build_gradle$1                                                                  : loaded 3 times (x 74B)
Class org.gradle.internal.IoActions                                                   : loaded 3 times (x 71B)
Class org.gradle.api.UncheckedIOException                                             : loaded 3 times (x 82B)
Class org.gradle.api.GradleException                                                  : loaded 3 times (x 82B)
Class Build_gradle                                                                    : loaded 3 times (x 130B)
Class kotlin.collections.CollectionsKt__ReversedViewsKt                               : loaded 2 times (x 71B)
Class org.gradle.internal.classloader.ClassLoaderHierarchy                            : loaded 2 times (x 70B)
Class com.google.common.collect.ImmutableEnumSet                                      : loaded 2 times (x 146B)
Class com.google.common.util.concurrent.ExecutionError                                : loaded 2 times (x 82B)
Class com.google.common.collect.ImmutableList$1                                       : loaded 2 times (x 97B)
Class org.jetbrains.plugins.gradle.tooling.util.IntObjectMap$ObjectFactory            : loaded 2 times (x 70B)
Class org.gradle.api.internal.classpath.ManifestUtil                                  : loaded 2 times (x 71B)
Class com.google.common.collect.RegularImmutableMap                                   : loaded 2 times (x 121B)
Class com.google.common.collect.ImmutableMap$MapViewOfValuesAsSingletonSets           : loaded 2 times (x 126B)
Class org.jetbrains.plugins.gradle.model.AnnotationProcessingModel                    : loaded 2 times (x 70B)
Class org.jetbrains.plugins.gradle.model.GradleExtensions                             : loaded 2 times (x 70B)
Class org.gradle.tooling.internal.adapter.TargetTypeProvider                          : loaded 2 times (x 70B)
Class [Lorg.objectweb.asm.Symbol;                                                     : loaded 2 times (x 69B)
Class org.objectweb.asm.ClassVisitor                                                  : loaded 2 times (x 88B)
Class com.google.common.collect.UnmodifiableListIterator                              : loaded 2 times (x 95B)
Class org.gradle.internal.operations.MultipleBuildOperationFailures                   : loaded 2 times (x 95B)
Class com.google.common.base.Platform$JdkPatternCompiler                              : loaded 2 times (x 75B)
Class org.objectweb.asm.MethodTooLargeException                                       : loaded 2 times (x 83B)
Class [Lcom.google.common.cache.CacheBuilder$OneWeigher;                              : loaded 2 times (x 69B)
Class com.google.common.base.Suppliers                                                : loaded 2 times (x 71B)
Class com.intellij.util.containers.IntObjectHashMap$ArrayProducer                     : loaded 2 times (x 70B)
Class org.gradle.internal.classloader.DefaultClassLoaderFactory                       : loaded 2 times (x 82B)
Class kotlin.collections.AbstractList$Companion                                       : loaded 2 times (x 71B)
Class org.gradle.internal.classloader.ClassLoaderVisitor                              : loaded 2 times (x 76B)
Class [Lcom.google.common.collect.ImmutableMapEntry;                                  : loaded 2 times (x 69B)
Class org.jetbrains.plugins.gradle.tooling.serialization.internal.IdeaProjectSerializationService: loaded 2 times (x 77B)
Class org.gradle.api.internal.classpath.EffectiveClassPath                            : loaded 2 times (x 90B)
Class com.google.common.collect.ListMultimap                                          : loaded 2 times (x 70B)
Class com.google.common.collect.ImmutableEnumMap                                      : loaded 2 times (x 126B)
Class org.gradle.tooling.internal.gradle.DefaultProjectIdentifier                     : loaded 2 times (x 86B)
Class com.google.common.collect.Sets$1                                                : loaded 2 times (x 139B)
Class org.objectweb.asm.AnnotationVisitor                                             : loaded 2 times (x 78B)
Class com.intellij.gradle.toolingExtension.impl.model.buildScriptClasspathModel.GradleBuildScriptClasspathSerializationService$ReadContext: loaded 2 times (x 72B)
Class org.gradle.internal.impldep.gnu.trove.TObjectIntHashMap                         : loaded 2 times (x 109B)
Class org.gradle.api.internal.DefaultClassPathProvider                                : loaded 2 times (x 76B)
Class com.google.common.collect.Sets$2                                                : loaded 2 times (x 139B)
Class [Lorg.gradle.api.internal.ClassPathProvider;                                    : loaded 2 times (x 69B)
Class org.gradle.api.internal.ClassPathProvider                                       : loaded 2 times (x 70B)
Class [Lorg.objectweb.asm.AnnotationVisitor;                                          : loaded 2 times (x 69B)
Class com.google.common.collect.Sets$3                                                : loaded 2 times (x 139B)
Class com.google.common.util.concurrent.AbstractFuture$SafeAtomicHelper               : loaded 2 times (x 79B)
Class com.google.common.cache.LocalCache$LocalLoadingCache                            : loaded 2 times (x 134B)
Class org.gradle.internal.impldep.gnu.trove.TObjectHash$NULL                          : loaded 2 times (x 71B)
Class org.gradle.internal.service.UnknownServiceException                             : loaded 2 times (x 83B)
Class com.google.common.collect.Sets$4                                                : loaded 2 times (x 139B)
Class org.objectweb.asm.ModuleVisitor                                                 : loaded 2 times (x 81B)
Class com.google.common.cache.LocalCache$Strength$1                                   : loaded 2 times (x 81B)
Class org.jetbrains.kotlin.idea.gradleTooling.KotlinDslScriptAdditionalTask           : loaded 2 times (x 70B)
Class org.jetbrains.plugins.gradle.model.ClasspathEntryModel                          : loaded 2 times (x 70B)
Class com.google.common.util.concurrent.SettableFuture                                : loaded 2 times (x 114B)
Class com.google.common.cache.LocalCache$Strength$2                                   : loaded 2 times (x 81B)
Class org.jetbrains.plugins.gradle.tooling.serialization.GradleExtensionsSerializationService: loaded 2 times (x 77B)
Class org.gradle.tooling.model.Dependency                                             : loaded 2 times (x 70B)
Class com.google.common.cache.LocalCache$Strength$3                                   : loaded 2 times (x 81B)
Class com.google.common.collect.MapDifference                                         : loaded 2 times (x 70B)
Class com.intellij.openapi.externalSystem.model.project.dependencies.ResolutionState  : loaded 2 times (x 79B)
Class kotlin.collections.CollectionsKt__CollectionsKt                                 : loaded 2 times (x 71B)
Class org.objectweb.asm.FieldWriter                                                   : loaded 2 times (x 78B)
Class com.google.common.cache.CacheBuilder$NullListener                               : loaded 2 times (x 82B)
Class org.gradle.internal.classpath.TransformedClassPath                              : loaded 2 times (x 96B)
Class org.gradle.internal.classloader.InstrumentingClassLoader                        : loaded 2 times (x 70B)
Class com.google.common.cache.CacheLoader$FunctionToCacheLoader                       : loaded 2 times (x 75B)
Class com.google.common.collect.Iterators$ArrayItr                                    : loaded 2 times (x 97B)
Class com.google.common.collect.ImmutableCollection$Builder                           : loaded 2 times (x 76B)
Class kotlin.enums.EnumEntriesList                                                    : loaded 2 times (x 223B)
Class com.google.common.base.Joiner                                                   : loaded 2 times (x 79B)
Class com.google.common.base.MoreObjects                                              : loaded 2 times (x 71B)
Class kotlin.collections.CollectionsKt__IteratorsJVMKt                                : loaded 2 times (x 71B)
Class com.google.common.collect.Platform                                              : loaded 2 times (x 71B)
Class [Lorg.objectweb.asm.Type;                                                       : loaded 2 times (x 69B)
Class com.google.common.collect.UnmodifiableIterator                                  : loaded 2 times (x 80B)
Class org.jetbrains.kotlin.idea.gradleTooling.KotlinSourceSetContainer                : loaded 2 times (x 70B)
Class org.jetbrains.plugins.gradle.model.IntelliJSettings                             : loaded 2 times (x 70B)
Class org.gradle.internal.service.ServiceLocator                                      : loaded 2 times (x 70B)
Class com.google.common.base.Ascii                                                    : loaded 2 times (x 71B)
Class com.google.common.collect.SingletonImmutableBiMap                               : loaded 2 times (x 143B)
Class com.google.common.cache.LocalCache$1                                            : loaded 2 times (x 89B)
Class com.google.common.collect.AbstractMapEntry                                      : loaded 2 times (x 81B)
Class com.intellij.gradle.toolingExtension.util.GradleVersionUtil                     : loaded 2 times (x 71B)
Class org.gradle.tooling.model.UnsupportedMethodException                             : loaded 2 times (x 82B)
Class com.google.common.collect.Sets$ImprovedAbstractSet                              : loaded 2 times (x 135B)
Class com.google.common.collect.ImmutableList$Builder                                 : loaded 2 times (x 77B)
Class com.google.common.collect.AbstractMultimap                                      : loaded 2 times (x 123B)
Class com.google.common.cache.LocalCache$2                                            : loaded 2 times (x 142B)
Class kotlin.collections.CollectionsKt__MutableCollectionsKt                          : loaded 2 times (x 71B)
Class com.google.common.util.concurrent.AbstractFuture$UnsafeAtomicHelper$1           : loaded 2 times (x 76B)
Class com.google.common.collect.RegularImmutableAsList                                : loaded 2 times (x 217B)
Class org.jetbrains.plugins.gradle.tooling.serialization.AnnotationProcessingModelSerializationService$WriteContext: loaded 2 times (x 72B)
Class org.gradle.internal.impldep.gnu.trove.THash                                     : loaded 2 times (x 81B)
Class com.google.common.util.concurrent.AbstractFuture$Trusted                        : loaded 2 times (x 70B)
Class com.google.common.collect.Iterators                                             : loaded 2 times (x 71B)
Class org.jetbrains.plugins.gradle.tooling.serialization.ProjectDependenciesSerializationService$WriteContext: loaded 2 times (x 72B)
Class org.jetbrains.plugins.gradle.tooling.serialization.ProjectDependenciesSerializationService: loaded 2 times (x 77B)
Class org.gradle.tooling.internal.adapter.CollectionMapper                            : loaded 2 times (x 73B)
Class com.google.common.collect.Lists$StringAsImmutableList                           : loaded 2 times (x 207B)
Class com.google.common.util.concurrent.UncheckedExecutionException                   : loaded 2 times (x 82B)
Class org.gradle.kotlin.dsl.VersionCatalogAccessorsKt                                 : loaded 2 times (x 71B)
Class org.gradle.internal.impldep.gnu.trove.Equality                                  : loaded 2 times (x 70B)
Class com.intellij.gradle.toolingExtension.impl.model.buildScriptClasspathModel.GradleBuildScriptClasspathSerializationService$WriteContext: loaded 2 times (x 72B)
Class org.gradle.tooling.internal.adapter.ProtocolToModelAdapter                      : loaded 2 times (x 80B)
Class org.gradle.internal.InternalTransformer                                         : loaded 2 times (x 70B)
Class com.google.common.collect.AbstractMapBasedMultimap$KeySet$1                     : loaded 2 times (x 82B)
Class org.objectweb.asm.ClassWriter                                                   : loaded 2 times (x 106B)
Class com.google.common.cache.CacheLoader$UnsupportedLoadingOperationException        : loaded 2 times (x 82B)
Class com.google.common.base.CharMatcher$And                                          : loaded 2 times (x 112B)
Class org.gradle.internal.impldep.gnu.trove.TObjectCanonicalHashingStrategy           : loaded 2 times (x 80B)
Class org.gradle.internal.time.DefaultTimer                                           : loaded 2 times (x 80B)
Class org.gradle.internal.classloader.ClasspathUtil$1                                 : loaded 2 times (x 76B)
Class org.objectweb.asm.FieldVisitor                                                  : loaded 2 times (x 77B)
Class com.google.common.collect.IndexedImmutableSet                                   : loaded 2 times (x 152B)
Class com.google.common.collect.ImmutableMap$1                                        : loaded 2 times (x 81B)
Class com.google.common.collect.BiMap                                                 : loaded 2 times (x 70B)
Class org.gradle.api.internal.classpath.DefaultModuleRegistry$DefaultModule           : loaded 2 times (x 86B)
Class com.google.common.primitives.Ints                                               : loaded 2 times (x 71B)
Class com.google.common.collect.AbstractIterator                                      : loaded 2 times (x 82B)
Class com.google.common.collect.ObjectArrays                                          : loaded 2 times (x 71B)
Class com.google.common.collect.Multiset                                              : loaded 2 times (x 70B)
Class com.google.common.collect.ArrayListMultimapGwtSerializationDependencies         : loaded 2 times (x 172B)
Class com.google.common.collect.AbstractIndexedListIterator                           : loaded 2 times (x 96B)
Class com.google.common.math.MathPreconditions                                        : loaded 2 times (x 71B)
Class org.jetbrains.plugins.gradle.model.ExternalTask                                 : loaded 2 times (x 70B)
Class org.gradle.internal.time.DefaultCountdownTimer                                  : loaded 2 times (x 88B)
Class com.google.common.collect.ImmutableMapEntrySet                                  : loaded 2 times (x 152B)
Class org.jetbrains.plugins.gradle.model.GradleTaskModel                              : loaded 2 times (x 70B)
Class org.jetbrains.plugins.gradle.tooling.util.ObjectCollector                       : loaded 2 times (x 72B)
Class org.gradle.tooling.internal.gradle.DefaultBuildIdentifier                       : loaded 2 times (x 79B)
Class kotlin.Function                                                                 : loaded 2 times (x 70B)
Class org.gradle.api.internal.classpath.Module                                        : loaded 2 times (x 70B)
Class com.google.common.cache.Weigher                                                 : loaded 2 times (x 70B)
Class com.intellij.openapi.externalSystem.model.project.IExternalSystemSourceType     : loaded 2 times (x 70B)
Class org.gradle.api.internal.classpath.UnknownModuleException                        : loaded 2 times (x 82B)
Class com.google.common.base.Stopwatch                                                : loaded 2 times (x 72B)
Class com.google.common.cache.LocalCache$Strength                                     : loaded 2 times (x 81B)
Class com.google.common.cache.Cache                                                   : loaded 2 times (x 70B)
Class com.intellij.openapi.externalSystem.model.project.dependencies.ProjectDependencies: loaded 2 times (x 70B)
Class org.jetbrains.plugins.gradle.tooling.serialization.ProjectDependenciesSerializationService$ReadContext: loaded 2 times (x 72B)
Class org.gradle.internal.impldep.gnu.trove.TObjectIdentityHashingStrategy            : loaded 2 times (x 78B)
Class com.google.common.util.concurrent.AbstractFuture$Cancellation                   : loaded 2 times (x 72B)
Class com.google.common.collect.ImmutableMap$Builder                                  : loaded 2 times (x 82B)
Class com.google.common.cache.RemovalListener                                         : loaded 2 times (x 70B)
Class org.jetbrains.plugins.gradle.tooling.serialization.RepositoriesModelSerializationService: loaded 2 times (x 82B)
Class org.gradle.tooling.internal.gradle.GradleProjectIdentity                        : loaded 2 times (x 70B)
Class org.gradle.api.internal.DefaultClassPathRegistry                                : loaded 2 times (x 76B)
Class com.google.common.primitives.IntsMethodsForWeb                                  : loaded 2 times (x 71B)
Class com.google.common.collect.Multimap                                              : loaded 2 times (x 70B)
Class org.jetbrains.plugins.gradle.tooling.serialization.RepositoriesModelSerializationService$ReadContext: loaded 2 times (x 72B)
Class org.gradle.api.internal.ClassPathRegistry                                       : loaded 2 times (x 70B)
Class org.gradle.internal.classpath.DefaultClassPath$ImmutableUniqueList              : loaded 2 times (x 199B)
Class com.intellij.gradle.toolingExtension.impl.model.projectModel.GradleExternalProjectSerializationService$WriteContext: loaded 2 times (x 73B)
Class com.intellij.gradle.toolingExtension.impl.model.sourceSetModel.GradleSourceSetSerialisationService$Companion: loaded 2 times (x 71B)
Class com.google.common.cache.CacheBuilder                                            : loaded 2 times (x 72B)
Class com.google.common.collect.SingletonImmutableList                                : loaded 2 times (x 207B)
Class Settings_gradle$1                                                               : loaded 2 times (x 74B)
Class com.google.common.base.CharMatcher$IsEither                                     : loaded 2 times (x 111B)
Class org.gradle.internal.classpath.ClassPath                                         : loaded 2 times (x 70B)
Class com.google.common.base.JdkPattern                                               : loaded 2 times (x 75B)
Class com.google.common.collect.ImmutableList$ReverseImmutableList                    : loaded 2 times (x 209B)
Class org.jetbrains.plugins.gradle.tooling.serialization.KotlinDslScriptsModelSerializationService: loaded 2 times (x 81B)
Class org.objectweb.asm.SymbolTable$Entry                                             : loaded 2 times (x 74B)
Class com.google.common.util.concurrent.AbstractFuture$AtomicHelper                   : loaded 2 times (x 78B)
Class org.jetbrains.kotlin.idea.gradleTooling.KotlinGradleModel                       : loaded 2 times (x 70B)
Class org.jetbrains.plugins.gradle.tooling.serialization.ExternalTestsSerializationService$WriteContext: loaded 2 times (x 72B)
Class org.objectweb.asm.Edge                                                          : loaded 2 times (x 72B)
Class com.google.common.base.Suppliers$SupplierOfInstance                             : loaded 2 times (x 79B)
Class com.google.common.collect.Iterators$1                                           : loaded 2 times (x 81B)
Class org.gradle.tooling.model.Model                                                  : loaded 2 times (x 70B)
Class com.google.common.cache.LocalCache$ComputingValueReference                      : loaded 2 times (x 96B)
Class com.google.common.collect.SingletonImmutableSet                                 : loaded 2 times (x 146B)
Class com.google.common.collect.ImmutableMap$IteratorBasedImmutableMap                : loaded 2 times (x 126B)
Class kotlin.UninitializedPropertyAccessException                                     : loaded 2 times (x 82B)
Class com.google.common.cache.LocalCache$Segment                                      : loaded 2 times (x 154B)
Class org.jetbrains.plugins.gradle.model.IntelliJProjectSettings                      : loaded 2 times (x 70B)
Class org.gradle.tooling.internal.adapter.ProtocolToModelAdapter$MethodInvocationCache: loaded 2 times (x 73B)
Class org.gradle.internal.classloader.FilteringClassLoader                            : loaded 2 times (x 105B)
Class [Lorg.objectweb.asm.SymbolTable$Entry;                                          : loaded 2 times (x 69B)
Class com.google.common.cache.CacheLoader                                             : loaded 2 times (x 74B)
Class com.google.common.collect.Iterators$4                                           : loaded 2 times (x 82B)
Class com.google.common.collect.ImmutableBiMap                                        : loaded 2 times (x 143B)
Class org.jetbrains.plugins.gradle.model.ExternalDependency                           : loaded 2 times (x 70B)
Class com.intellij.util.containers.IntObjectHashMap                                   : loaded 2 times (x 72B)
Class org.gradle.internal.installation.GradleInstallation$1                           : loaded 2 times (x 75B)
Class org.gradle.api.internal.classpath.ModuleRegistry                                : loaded 2 times (x 70B)
Class com.google.common.util.concurrent.internal.InternalFutureFailureAccess          : loaded 2 times (x 72B)
Class com.google.common.collect.Iterators$5                                           : loaded 2 times (x 82B)
Class com.google.common.collect.ImmutableSet$JdkBackedSetBuilderImpl                  : loaded 2 times (x 76B)
Class org.jetbrains.plugins.gradle.model.VersionCatalogsModel                         : loaded 2 times (x 70B)
Class com.intellij.gradle.toolingExtension.impl.model.sourceSetDependencyModel.GradleSourceSetDependencySerialisationService$SourceSetDependencyModelReadContext: loaded 2 times (x 72B)
Class com.intellij.gradle.toolingExtension.impl.model.dependencyModel.DependencyReadContext: loaded 2 times (x 72B)
Class org.gradle.tooling.internal.adapter.ObjectGraphAdapter                          : loaded 2 times (x 70B)
Class com.google.common.util.concurrent.AbstractFuture$UnsafeAtomicHelper             : loaded 2 times (x 78B)
Class com.google.common.cache.LocalCache$LocalManualCache$1                           : loaded 2 times (x 75B)
Class com.google.common.base.CharMatcher$ForPredicate                                 : loaded 2 times (x 112B)
Class org.jetbrains.plugins.gradle.model.ExternalSourceSet                            : loaded 2 times (x 70B)
Class com.intellij.gradle.toolingExtension.impl.model.warmUp.GradleTaskWarmUpRequest  : loaded 2 times (x 70B)
Class com.google.common.base.CharMatcher$AnyOf                                        : loaded 2 times (x 112B)
Class com.google.common.collect.ImmutableCollection                                   : loaded 2 times (x 125B)
Class com.intellij.gradle.toolingExtension.impl.model.sourceSetArtifactIndex.GradleSourceSetArtifactBuildRequest: loaded 2 times (x 70B)
Class kotlin.collections.CollectionsKt__CollectionsJVMKt                              : loaded 2 times (x 71B)
Class org.gradle.api.internal.classpath.DefaultModuleRegistry                         : loaded 2 times (x 86B)
Class com.google.common.collect.Lists                                                 : loaded 2 times (x 71B)
Class com.google.common.util.concurrent.ListenableFuture                              : loaded 2 times (x 70B)
Class com.google.common.cache.ReferenceEntry                                          : loaded 2 times (x 70B)
Class com.google.common.base.Converter                                                : loaded 2 times (x 90B)
Class com.google.common.collect.ImmutableSet$CachingAsList                            : loaded 2 times (x 148B)
Class org.jetbrains.plugins.gradle.tooling.serialization.internal.IdeaProjectSerializationService$WriteContext$1: loaded 2 times (x 83B)
Class org.jetbrains.plugins.gradle.model.ExternalProject                              : loaded 2 times (x 70B)
Class kotlin.collections.CollectionsKt__IteratorsKt                                   : loaded 2 times (x 71B)
Class com.google.common.collect.AbstractMapBasedMultimap                              : loaded 2 times (x 139B)
Class com.google.common.util.concurrent.AbstractFuture                                : loaded 2 times (x 106B)
Class com.google.common.base.FunctionalEquivalence                                    : loaded 2 times (x 83B)
Class com.google.common.collect.Iterators$9                                           : loaded 2 times (x 81B)
Class com.google.common.collect.ImmutableAsList                                       : loaded 2 times (x 209B)
Class org.jetbrains.plugins.gradle.tooling.serialization.internal.IdeaProjectSerializationService$WriteContext$2: loaded 2 times (x 83B)
Class org.objectweb.asm.RecordComponentVisitor                                        : loaded 2 times (x 77B)
Class com.google.common.cache.CacheLoader$SupplierToCacheLoader                       : loaded 2 times (x 75B)
Class org.jetbrains.plugins.gradle.tooling.serialization.AnnotationProcessingModelSerializationService$ReadContext: loaded 2 times (x 72B)
Class org.jetbrains.plugins.gradle.tooling.serialization.internal.IdeaProjectSerializationService$WriteContext$3: loaded 2 times (x 83B)
Class org.gradle.util.internal.DefaultGradleVersion$Stage                             : loaded 2 times (x 75B)
Class com.google.common.collect.Maps$EntryTransformer                                 : loaded 2 times (x 70B)
Class org.jetbrains.plugins.gradle.tooling.serialization.internal.IdeaProjectSerializationService$WriteContext$4: loaded 2 times (x 83B)
Class com.intellij.gradle.toolingExtension.impl.model.sourceSetDependencyModel.GradleSourceSetDependencySerialisationService$Companion: loaded 2 times (x 71B)
Class org.gradle.internal.time.MonotonicClock                                         : loaded 2 times (x 77B)
Class org.gradle.internal.service.ServiceLookupException                              : loaded 2 times (x 82B)
Class [Lcom.google.common.cache.LocalCache$EntryFactory;                              : loaded 2 times (x 69B)
Class org.jetbrains.plugins.gradle.tooling.serialization.internal.IdeaProjectSerializationService$WriteContext$5: loaded 2 times (x 83B)
Class com.intellij.gradle.toolingExtension.impl.model.sourceSetDependencyModel.GradleSourceSetDependencySerialisationService$SourceSetDependencyModelWriteContext: loaded 2 times (x 72B)
Class org.gradle.internal.classloader.ClassLoaderFactory                              : loaded 2 times (x 70B)
Class com.google.common.base.CommonPattern                                            : loaded 2 times (x 74B)
Class com.google.common.cache.LocalCache$LocalManualCache                             : loaded 2 times (x 99B)
Class com.google.common.base.CharMatcher$IsNot                                        : loaded 2 times (x 111B)
Class org.jetbrains.plugins.gradle.tooling.serialization.internal.IdeaProjectSerializationService$WriteContext$6: loaded 2 times (x 83B)
Class org.jetbrains.plugins.gradle.tooling.util.IntObjectMap                          : loaded 2 times (x 73B)
Class org.gradle.internal.service.CachingServiceLocator                               : loaded 2 times (x 82B)
Class com.google.common.collect.AbstractMapBasedMultimap$KeySet                       : loaded 2 times (x 137B)
Class com.google.common.math.IntMath                                                  : loaded 2 times (x 71B)
Class org.jetbrains.plugins.gradle.model.RepositoryModels                             : loaded 2 times (x 70B)
Class org.jetbrains.plugins.gradle.tooling.serialization.internal.IdeaProjectSerializationService$WriteContext$7: loaded 2 times (x 83B)
Class com.google.common.collect.ImmutableMapEntry                                     : loaded 2 times (x 85B)
Class org.jetbrains.plugins.gradle.tooling.serialization.internal.IdeaProjectSerializationService$WriteContext$8: loaded 2 times (x 83B)
Class org.gradle.internal.time.TimeSource                                             : loaded 2 times (x 70B)
Class org.gradle.tooling.model.kotlin.dsl.KotlinDslScriptsModel                       : loaded 2 times (x 70B)
Class com.google.common.base.Equivalence                                              : loaded 2 times (x 82B)
Class com.google.common.base.Function                                                 : loaded 2 times (x 70B)
Class com.google.common.collect.ImmutableMapEntry$NonTerminalImmutableMapEntry        : loaded 2 times (x 85B)
Class org.jetbrains.plugins.gradle.tooling.serialization.SerializationService         : loaded 2 times (x 70B)
Class org.gradle.tooling.internal.gradle.GradleBuildIdentity                          : loaded 2 times (x 70B)
Class kotlin.enums.EnumEntries                                                        : loaded 2 times (x 70B)
Class com.google.common.cache.CacheBuilder$OneWeigher                                 : loaded 2 times (x 82B)
Class com.google.common.collect.RegularImmutableList                                  : loaded 2 times (x 213B)
Class org.jetbrains.plugins.gradle.tooling.serialization.internal.adapter.Supplier    : loaded 2 times (x 70B)
Class org.gradle.internal.exceptions.ResolutionProvider                               : loaded 2 times (x 70B)
Class ijInit2_ehanx9jj7ojlrw75j6651m681                                               : loaded 2 times (x 179B)
Class org.gradle.tooling.model.ProjectIdentifier                                      : loaded 2 times (x 70B)
Class org.gradle.internal.classloader.ClasspathUtil                                   : loaded 2 times (x 71B)
Class com.google.common.base.Charsets                                                 : loaded 2 times (x 71B)
Class com.google.common.util.concurrent.Uninterruptibles                              : loaded 2 times (x 71B)
Class com.intellij.gradle.toolingExtension.impl.model.sourceSetModel.GradleSourceSetSerialisationService: loaded 2 times (x 77B)
Class com.google.common.collect.Maps                                                  : loaded 2 times (x 71B)
Class org.gradle.internal.time.TimeSource$1                                           : loaded 2 times (x 77B)
Class kotlin.jvm.internal.DefaultConstructorMarker                                    : loaded 2 times (x 71B)
Class org.gradle.api.specs.Spec                                                       : loaded 2 times (x 70B)
Class [Lcom.google.common.collect.ImmutableEntry;                                     : loaded 2 times (x 69B)
Class com.google.common.cache.LocalCache$LoadingValueReference                        : loaded 2 times (x 96B)
Class com.intellij.gradle.toolingExtension.impl.model.buildScriptClasspathModel.GradleBuildScriptClasspathSerializationService: loaded 2 times (x 77B)
Class kotlin.NotImplementedError                                                      : loaded 2 times (x 82B)
Class com.google.common.base.Platform                                                 : loaded 2 times (x 71B)
Class org.jetbrains.plugins.gradle.model.FileCollectionDependency                     : loaded 2 times (x 70B)
Class org.gradle.internal.impldep.gnu.trove.TObjectHashingStrategy                    : loaded 2 times (x 70B)
Class com.intellij.gradle.toolingExtension.impl.model.utilDummyModel.DummyModel       : loaded 2 times (x 70B)
Class org.gradle.internal.time.Clock                                                  : loaded 2 times (x 70B)
Class [Lorg.objectweb.asm.AnnotationWriter;                                           : loaded 2 times (x 69B)
Class com.google.common.collect.Maps$8                                                : loaded 2 times (x 82B)
Class org.jetbrains.plugins.gradle.model.GradleSourceSetDependencyModel               : loaded 2 times (x 70B)
Class org.gradle.tooling.internal.adapter.TypeInspector                               : loaded 2 times (x 73B)
Class org.gradle.tooling.internal.adapter.ProtocolToModelAdapter$NoOpDecoration       : loaded 2 times (x 79B)
Class org.gradle.tooling.model.Element                                                : loaded 2 times (x 70B)
Class kotlin.collections.AbstractList                                                 : loaded 2 times (x 197B)
Class kotlin.collections.AbstractCollection                                           : loaded 2 times (x 117B)
Class com.google.common.collect.Sets$SetView                                          : loaded 2 times (x 138B)
Class com.google.common.cache.LocalCache$StrongValueReference                         : loaded 2 times (x 90B)
Class com.google.common.util.concurrent.AbstractFuture$SynchronizedHelper             : loaded 2 times (x 78B)
Class com.intellij.gradle.toolingExtension.impl.model.taskModel.GradleTaskSerialisationService: loaded 2 times (x 76B)
Class org.objectweb.asm.Type                                                          : loaded 2 times (x 72B)
Class org.jetbrains.plugins.gradle.tooling.util.IntObjectMap$1                        : loaded 2 times (x 77B)
Class org.gradle.internal.impldep.com.google.common.base.Preconditions                : loaded 2 times (x 71B)
Class org.gradle.internal.classloader.VisitableURLClassLoader$InstrumentingVisitableURLClassLoader: loaded 2 times (x 123B)
Class org.objectweb.asm.ByteVector                                                    : loaded 2 times (x 79B)
Class [Lcom.google.common.cache.CacheBuilder$NullListener;                            : loaded 2 times (x 69B)
Class com.google.common.math.IntMath$1                                                : loaded 2 times (x 71B)
Class org.gradle.internal.classloader.VisitableURLClassLoader$Spec                    : loaded 2 times (x 74B)
Class org.gradle.internal.classpath.DefaultClassPath                                  : loaded 2 times (x 90B)
Class org.objectweb.asm.Symbol                                                        : loaded 2 times (x 73B)
Class org.jetbrains.plugins.gradle.model.GradleBuildScriptClasspathModel              : loaded 2 times (x 70B)
Class org.gradle.util.internal.DefaultGradleVersion                                   : loaded 2 times (x 80B)
Class com.google.common.base.CharMatcher$Ascii                                        : loaded 2 times (x 112B)
Class com.google.common.base.CharMatcher$BitSetMatcher                                : loaded 2 times (x 112B)
Class com.google.common.collect.RegularImmutableMap$Values                            : loaded 2 times (x 207B)
Class com.google.common.collect.ImmutableSet                                          : loaded 2 times (x 145B)
Class org.gradle.internal.classloader.ClassLoaderSpec                                 : loaded 2 times (x 71B)
Class org.objectweb.asm.AnnotationWriter                                              : loaded 2 times (x 79B)
Class com.google.common.cache.CacheStats                                              : loaded 2 times (x 71B)
Class kotlin.collections.CollectionsKt___CollectionsJvmKt                             : loaded 2 times (x 71B)
Class org.objectweb.asm.RecordComponentWriter                                         : loaded 2 times (x 78B)
Class com.google.common.util.concurrent.AbstractFuture$Listener                       : loaded 2 times (x 72B)
Class com.google.common.base.CharMatcher$Or                                           : loaded 2 times (x 112B)
Class Settings_gradle$1$1                                                             : loaded 2 times (x 74B)
Class kotlin.Unit                                                                     : loaded 2 times (x 71B)
Class org.objectweb.asm.Attribute                                                     : loaded 2 times (x 77B)
Class com.google.common.base.Supplier                                                 : loaded 2 times (x 70B)
Class org.gradle.internal.classloader.VisitableURLClassLoader                         : loaded 2 times (x 117B)
Class com.google.common.util.concurrent.AbstractFuture$Waiter                         : loaded 2 times (x 72B)
Class Settings_gradle                                                                 : loaded 2 times (x 128B)
Class org.jetbrains.plugins.gradle.tooling.serialization.ExternalTestsSerializationService$ReadContext: loaded 2 times (x 72B)
Class org.jetbrains.plugins.gradle.tooling.serialization.internal.IdeaProjectSerializationService$ReadContext: loaded 2 times (x 72B)
Class com.google.common.collect.RegularImmutableMap$KeySet                            : loaded 2 times (x 152B)
Class org.gradle.tooling.model.idea.IdeaDependency                                    : loaded 2 times (x 70B)
Class com.google.common.base.Strings                                                  : loaded 2 times (x 71B)
Class com.google.common.collect.Sets                                                  : loaded 2 times (x 71B)
Class org.objectweb.asm.Handler                                                       : loaded 2 times (x 72B)
Class com.google.common.base.Ticker                                                   : loaded 2 times (x 72B)
Class com.google.common.base.CharMatcher$FastMatcher                                  : loaded 2 times (x 111B)
Class kotlin.jvm.functions.Function1                                                  : loaded 2 times (x 70B)
Class [Lcom.google.common.cache.LocalCache$Segment;                                   : loaded 2 times (x 69B)
Class [Lcom.google.common.cache.LocalCache$Strength;                                  : loaded 2 times (x 69B)
Class com.google.common.cache.CacheBuilder$1                                          : loaded 2 times (x 85B)
Class com.google.common.base.Predicate                                                : loaded 2 times (x 70B)
Class com.google.common.collect.ImmutableMap                                          : loaded 2 times (x 120B)
Class org.jetbrains.plugins.gradle.tooling.serialization.internal.IdeaProjectSerializationService$WriteContext: loaded 2 times (x 72B)
Class com.intellij.gradle.toolingExtension.impl.model.sourceSetDependencyModel.GradleSourceSetDependencySerialisationService: loaded 2 times (x 77B)
Class org.jetbrains.plugins.gradle.model.GradleSourceSetModel                         : loaded 2 times (x 70B)
Class org.gradle.internal.classpath.DefaultClassPath$ImmutableUniqueList$Builder      : loaded 2 times (x 75B)
Class com.google.common.cache.LocalCache                                              : loaded 2 times (x 187B)
Class com.google.common.cache.CacheBuilder$2                                          : loaded 2 times (x 79B)
Class com.google.common.base.CharMatcher$NegatedFastMatcher                           : loaded 2 times (x 113B)
Class com.google.common.collect.ArrayListMultimap                                     : loaded 2 times (x 172B)
Class com.google.common.cache.CacheBuilder$3                                          : loaded 2 times (x 72B)
Class [Lcom.google.common.collect.AbstractMapEntry;                                   : loaded 2 times (x 69B)
Class com.google.common.collect.ImmutableEntry                                        : loaded 2 times (x 82B)
Class org.jetbrains.plugins.gradle.tooling.util.ObjectCollector$Processor             : loaded 2 times (x 70B)
Class kotlin.collections.CollectionsKt___CollectionsKt                                : loaded 2 times (x 71B)
Class com.google.common.base.PairwiseEquivalence                                      : loaded 2 times (x 83B)
Class org.gradle.internal.exceptions.NonGradleCauseExceptionsHolder                   : loaded 2 times (x 70B)
Class org.gradle.tooling.model.idea.IdeaModuleDependency                              : loaded 2 times (x 70B)
Class org.gradle.tooling.internal.adapter.ViewBuilder                                 : loaded 2 times (x 70B)
Class com.google.common.collect.CollectPreconditions                                  : loaded 2 times (x 71B)
Class org.jetbrains.plugins.gradle.model.AnnotationProcessingConfig                   : loaded 2 times (x 70B)
Class com.google.common.collect.SortedMapDifference                                   : loaded 2 times (x 70B)
Class org.jetbrains.plugins.gradle.tooling.ModelBuilderService$Parameter              : loaded 2 times (x 70B)
Class com.google.common.cache.LocalCache$EntryFactory                                 : loaded 2 times (x 83B)
Class org.gradle.internal.impldep.gnu.trove.TObjectIntProcedure                       : loaded 2 times (x 70B)
Class org.gradle.tooling.internal.adapter.ProtocolToModelAdapter$ReflectionMethodInvoker: loaded 2 times (x 76B)
Class com.google.common.cache.LocalCache$AbstractReferenceEntry                       : loaded 2 times (x 107B)
Class sync_studio_tooling1_9ve8zq2tyhi8e9zx93sjfnmd7                                  : loaded 2 times (x 179B)
Class kotlin.collections.CollectionsKt__MutableCollectionsJVMKt                       : loaded 2 times (x 71B)
Class com.google.common.collect.AbstractListMultimap                                  : loaded 2 times (x 172B)
Class kotlin.enums.EnumEntriesKt                                                      : loaded 2 times (x 71B)
Class org.objectweb.asm.SymbolTable                                                   : loaded 2 times (x 72B)
Class com.google.common.cache.CacheLoader$InvalidCacheLoadException                   : loaded 2 times (x 82B)
Class com.google.common.collect.ImmutableSet$RegularSetBuilderImpl                    : loaded 2 times (x 77B)
Class com.intellij.gradle.toolingExtension.model.repositoryModel.ProjectRepositoriesModel: loaded 2 times (x 70B)
Class org.jetbrains.plugins.gradle.model.GradleProperty                               : loaded 2 times (x 70B)
Class org.gradle.internal.classloader.SystemClassLoaderSpec                           : loaded 2 times (x 71B)
Class com.google.common.cache.LocalCache$StrongEntry                                  : loaded 2 times (x 108B)
Class com.google.common.util.concurrent.AbstractFuture$TrustedFuture                  : loaded 2 times (x 114B)
Class com.google.common.cache.LoadingCache                                            : loaded 2 times (x 70B)
Class org.gradle.internal.exceptions.MultiCauseException                              : loaded 2 times (x 70B)
Class org.gradle.internal.time.CountdownTimer                                         : loaded 2 times (x 70B)
Class kotlin.jvm.internal.Intrinsics                                                  : loaded 2 times (x 71B)
Class org.objectweb.asm.MethodWriter                                                  : loaded 2 times (x 106B)
Class [Lcom.google.common.cache.Weigher;                                              : loaded 2 times (x 69B)
Class com.google.common.collect.RegularImmutableMap$BucketOverflowException           : loaded 2 times (x 82B)
Class com.intellij.gradle.toolingExtension.impl.model.projectModel.GradleExternalProjectSerializationService$ReadContext: loaded 2 times (x 73B)
Class com.intellij.gradle.toolingExtension.impl.model.dependencyModel.DependencyWriteContext: loaded 2 times (x 72B)
Class kotlin.collections.CollectionsKt__IterablesKt                                   : loaded 2 times (x 71B)
Class org.gradle.tooling.model.ProjectModel                                           : loaded 2 times (x 70B)
Class kotlin.KotlinNullPointerException                                               : loaded 2 times (x 83B)
Class com.google.common.collect.RegularImmutableBiMap                                 : loaded 2 times (x 149B)
Class com.google.common.cache.LocalCache$ValueReference                               : loaded 2 times (x 70B)
Class com.google.common.base.CharMatcher$Is                                           : loaded 2 times (x 111B)
Class com.google.common.base.CharMatcher$Negated                                      : loaded 2 times (x 113B)
Class org.jetbrains.plugins.gradle.model.tests.ExternalTestsModel                     : loaded 2 times (x 70B)
Class org.gradle.internal.exceptions.DefaultMultiCauseException                       : loaded 2 times (x 95B)
Class com.google.common.base.PatternCompiler                                          : loaded 2 times (x 70B)
Class com.google.common.util.concurrent.AbstractFuture$Failure                        : loaded 2 times (x 72B)
Class com.google.common.base.Equivalence$Equals                                       : loaded 2 times (x 82B)
Class com.google.common.collect.Hashing                                               : loaded 2 times (x 71B)
Class com.google.common.base.Preconditions                                            : loaded 2 times (x 71B)
Class com.intellij.gradle.toolingExtension.impl.model.projectModel.GradleExternalProjectSerializationService: loaded 2 times (x 77B)
Class org.gradle.tooling.model.HierarchicalElement                                    : loaded 2 times (x 70B)
Class com.google.common.base.Joiner$1                                                 : loaded 2 times (x 80B)
Class org.objectweb.asm.Label                                                         : loaded 2 times (x 73B)
Class org.objectweb.asm.CurrentFrame                                                  : loaded 2 times (x 73B)
Class org.objectweb.asm.ClassTooLargeException                                        : loaded 2 times (x 83B)
Class com.google.common.base.CharMatcher                                              : loaded 2 times (x 111B)
Class com.google.common.collect.PeekingIterator                                       : loaded 2 times (x 70B)
Class org.jetbrains.plugins.gradle.tooling.serialization.ExternalTestsSerializationService: loaded 2 times (x 77B)
Class org.gradle.internal.time.Time                                                   : loaded 2 times (x 71B)
Class com.google.common.base.Joiner$2                                                 : loaded 2 times (x 79B)
Class org.objectweb.asm.Frame                                                         : loaded 2 times (x 73B)
Class org.objectweb.asm.MethodVisitor                                                 : loaded 2 times (x 105B)
Class com.google.common.cache.LocalCache$EntryFactory$1                               : loaded 2 times (x 83B)
Class [Lcom.google.common.cache.RemovalListener;                                      : loaded 2 times (x 69B)
Class com.google.common.base.CharMatcher$NamedFastMatcher                             : loaded 2 times (x 112B)
Class com.google.common.base.CharMatcher$1                                            : loaded 2 times (x 113B)
Class org.jetbrains.plugins.gradle.tooling.serialization.AnnotationProcessingModelSerializationService: loaded 2 times (x 77B)
Class com.google.common.cache.LocalCache$EntryFactory$2                               : loaded 2 times (x 83B)
Class org.jetbrains.plugins.gradle.model.DependencyAccessorsModel                     : loaded 2 times (x 70B)
Class [Lcom.intellij.openapi.externalSystem.model.project.dependencies.ResolutionState;: loaded 2 times (x 69B)
Class org.gradle.internal.impldep.gnu.trove.TObjectHash                               : loaded 2 times (x 94B)
Class org.gradle.api.internal.classpath.GlobalCacheRootsProvider                      : loaded 2 times (x 70B)
Class org.objectweb.asm.ModuleWriter                                                  : loaded 2 times (x 82B)
Class com.google.common.cache.LocalCache$EntryFactory$3                               : loaded 2 times (x 83B)
Class com.google.common.base.Ticker$1                                                 : loaded 2 times (x 72B)
Class com.google.common.collect.Maps$BiMapConverter                                   : loaded 2 times (x 90B)
Class com.google.common.collect.ImmutableMapEntrySet$RegularEntrySet                  : loaded 2 times (x 152B)
Class org.jetbrains.kotlin.idea.gradleTooling.KotlinMPPGradleModel                    : loaded 2 times (x 70B)
Class com.intellij.gradle.toolingExtension.impl.model.dependencyDownloadPolicyModel.GradleDependencyDownloadPolicy: loaded 2 times (x 70B)
Class org.gradle.tooling.model.BuildIdentifier                                        : loaded 2 times (x 70B)
Class com.google.common.cache.LocalCache$EntryFactory$4                               : loaded 2 times (x 83B)
Class com.google.common.base.CharMatcher$InRange                                      : loaded 2 times (x 111B)
Class com.google.common.collect.ImmutableSet$Builder                                  : loaded 2 times (x 85B)
Class org.jetbrains.kotlin.idea.gradleTooling.PrepareKotlinIdeImportTaskModel         : loaded 2 times (x 70B)
Class com.google.common.cache.LocalCache$EntryFactory$5                               : loaded 2 times (x 83B)
Class com.google.common.base.Equivalence$Identity                                     : loaded 2 times (x 82B)
Class com.google.common.cache.LocalCache$EntryFactory$6                               : loaded 2 times (x 83B)
Class org.gradle.internal.time.Timer                                                  : loaded 2 times (x 70B)
Class kotlin.jvm.internal.markers.KMappedMarker                                       : loaded 2 times (x 70B)
Class org.gradle.internal.installation.CurrentGradleInstallationLocator               : loaded 2 times (x 71B)
Class com.google.common.collect.Maps$KeySet                                           : loaded 2 times (x 137B)
Class com.google.common.cache.LocalCache$EntryFactory$7                               : loaded 2 times (x 83B)
Class com.google.common.collect.ImmutableSet$EmptySetBuilderImpl                      : loaded 2 times (x 76B)
Class com.google.common.collect.ImmutableList                                         : loaded 2 times (x 206B)
Class org.gradle.tooling.model.idea.IdeaProject                                       : loaded 2 times (x 70B)
Class org.gradle.tooling.model.DomainObjectSet                                        : loaded 2 times (x 70B)
Class org.gradle.internal.service.DefaultServiceLocator                               : loaded 2 times (x 83B)
Class com.google.common.cache.LocalCache$EntryFactory$8                               : loaded 2 times (x 83B)
Class com.google.common.collect.ImmutableSet$SetBuilderImpl                           : loaded 2 times (x 76B)
Class org.gradle.util.GradleVersion                                                   : loaded 2 times (x 79B)
Class org.gradle.internal.installation.CurrentGradleInstallation                      : loaded 2 times (x 73B)
Class com.google.common.cache.CacheLoader$1                                           : loaded 2 times (x 75B)
Class com.google.common.collect.ImmutableList$SubList                                 : loaded 2 times (x 209B)
Class org.jetbrains.plugins.gradle.javaModel.JavaGradleManifestModel                  : loaded 2 times (x 70B)
Class org.jetbrains.plugins.gradle.tooling.serialization.GradleExtensionsSerializationService$WriteContext: loaded 2 times (x 72B)
Class com.intellij.gradle.toolingExtension.impl.model.taskModel.GradleTaskSerialisationService$Companion: loaded 2 times (x 71B)
Class org.gradle.util.internal.GUtil                                                  : loaded 2 times (x 71B)
Class com.google.common.util.concurrent.AbstractFuture$SetFuture                      : loaded 2 times (x 75B)
Class com.google.common.cache.AbstractCache$StatsCounter                              : loaded 2 times (x 70B)
Class com.intellij.gradle.toolingExtension.impl.model.utilTurnOffDefaultTasksModel.TurnOffDefaultTasks: loaded 2 times (x 70B)
Class com.intellij.gradle.toolingExtension.impl.model.sourceSetModel.GradleSourceSetSerialisationService$SourceSetModelReadContext: loaded 2 times (x 72B)
Class kotlin.collections.CollectionsKt                                                : loaded 2 times (x 71B)
Class com.google.common.collect.Iterators$MergingIterator                             : loaded 2 times (x 81B)
Class com.google.common.collect.RegularImmutableSet                                   : loaded 2 times (x 149B)
Class com.intellij.gradle.toolingExtension.impl.model.sourceSetModel.GradleSourceSetSerialisationService$SourceSetModelWriteContext: loaded 2 times (x 72B)
Class org.gradle.tooling.internal.adapter.ProtocolToModelAdapter$1                    : loaded 2 times (x 75B)
Class org.gradle.tooling.internal.adapter.ProtocolToModelAdapter$ViewDecoration       : loaded 2 times (x 70B)
Class org.gradle.internal.installation.GradleInstallation                             : loaded 2 times (x 75B)
Class com.google.common.collect.Iterables                                             : loaded 2 times (x 71B)
Class org.jetbrains.plugins.gradle.tooling.serialization.GradleExtensionsSerializationService$ReadContext: loaded 2 times (x 72B)
Class org.gradle.tooling.internal.adapter.MethodInvoker                               : loaded 2 times (x 70B)
Class org.jetbrains.plugins.gradle.tooling.serialization.RepositoriesModelSerializationService$WriteContext: loaded 2 times (x 72B)

---------------  S Y S T E M  ---------------

OS:
 Windows 11 , 64 bit Build 26100 (10.0.26100.8246)
OS uptime: 0 days 1:29 hours
Hyper-V role detected

CPU: total 12 (initial active 12) (6 cores per cpu, 2 threads per core) family 6 model 186 stepping 3 microcode 0x410e, cx8, cmov, fxsr, ht, mmx, 3dnowpref, sse, sse2, sse3, ssse3, sse4.1, sse4.2, popcnt, lzcnt, tsc, tscinvbit, avx, avx2, aes, erms, clmul, bmi1, bmi2, adx, sha, fma, vzeroupper, clflush, clflushopt, clwb, hv, serialize, rdtscp, rdpid, fsrm, f16c, cet_ibt, cet_ss
Processor Information for processor 0
  Max Mhz: 1300, Current Mhz: 1300, Mhz Limit: 1300
Processor Information for processor 1
  Max Mhz: 1300, Current Mhz: 1300, Mhz Limit: 1300
Processor Information for processor 2
  Max Mhz: 1300, Current Mhz: 1300, Mhz Limit: 1300
Processor Information for processor 3
  Max Mhz: 1300, Current Mhz: 1300, Mhz Limit: 1300
Processor Information for processor 4
  Max Mhz: 1300, Current Mhz: 900, Mhz Limit: 897
Processor Information for processor 5
  Max Mhz: 1300, Current Mhz: 900, Mhz Limit: 897
Processor Information for processor 6
  Max Mhz: 1300, Current Mhz: 900, Mhz Limit: 897
Processor Information for processor 7
  Max Mhz: 1300, Current Mhz: 900, Mhz Limit: 897
Processor Information for processor 8
  Max Mhz: 1300, Current Mhz: 900, Mhz Limit: 897
Processor Information for processor 9
  Max Mhz: 1300, Current Mhz: 900, Mhz Limit: 897
Processor Information for processor 10
  Max Mhz: 1300, Current Mhz: 900, Mhz Limit: 897
Processor Information for processor 11
  Max Mhz: 1300, Current Mhz: 900, Mhz Limit: 897

Memory: 4k page, system-wide physical 7879M (745M free)
TotalPageFile size 11975M (AvailPageFile size 3M)
current process WorkingSet (physical memory assigned to process): 488M, peak: 507M
current process commit charge ("private bytes"): 541M, peak: 555M

vm_info: OpenJDK 64-Bit Server VM (21.0.8+-14196175-b1038.72) for windows-amd64 JRE (21.0.8+-14196175-b1038.72), built on 2025-10-01T10:24:33Z by "builder" with MS VC++ 16.10 / 16.11 (VS2019)

END.
