#
# There is insufficient memory for the Java Runtime Environment to continue.
# Native memory allocation (mmap) failed to map 20971520 bytes. Error detail: G1 virtual space
# Possible reasons:
#   The system is out of physical RAM or swap space
#   This process is running with CompressedOops enabled, and the Java Heap may be blocking the growth of the native heap
# Possible solutions:
#   Reduce memory load on the system
#   Increase physical memory or swap space
#   Check if swap backing store is full
#   Decrease Java heap size (-Xmx/-Xms)
#   Decrease number of Java threads
#   Decrease Java thread stack sizes (-Xss)
#   Set larger code cache with -XX:ReservedCodeCacheSize=
#   JVM is running with Unscaled Compressed Oops mode in which the Java heap is
#     placed in the first 4GB address space. The Java Heap base address is the
#     maximum limit for the native heap growth. Please use -XX:HeapBaseMinAddress
#     to set the Java Heap base and to place the Java Heap above 4GB virtual address.
# This output file may be truncated or incomplete.
#
#  Out of Memory Error (os_windows.cpp:3925), pid=8420, tid=13388
#
# JRE version: OpenJDK Runtime Environment (21.0.8) (build 21.0.8+-14196175-b1038.72)
# Java VM: OpenJDK 64-Bit Server VM (21.0.8+-14196175-b1038.72, mixed mode, tiered, compressed oops, compressed class ptrs, g1 gc, windows-amd64)
# No core dump will be written. Minidumps are not enabled by default on client versions of Windows
#

---------------  S U M M A R Y ------------

Command Line: --add-opens=java.base/java.lang=ALL-UNNAMED --add-opens=java.base/java.lang.invoke=ALL-UNNAMED --add-opens=java.base/java.util=ALL-UNNAMED --add-opens=java.prefs/java.util.prefs=ALL-UNNAMED --add-exports=jdk.compiler/com.sun.tools.javac.api=ALL-UNNAMED --add-exports=jdk.compiler/com.sun.tools.javac.util=ALL-UNNAMED --add-opens=java.base/java.util=ALL-UNNAMED --add-opens=java.prefs/java.util.prefs=ALL-UNNAMED --add-opens=java.base/java.nio.charset=ALL-UNNAMED --add-opens=java.base/java.net=ALL-UNNAMED --add-opens=java.base/java.util.concurrent.atomic=ALL-UNNAMED --add-opens=java.xml/javax.xml.namespace=ALL-UNNAMED -Xmx2048m -Dfile.encoding=UTF-8 -Duser.country=PH -Duser.language=en -Duser.variant -javaagent:C:\Users\Mica\.gradle\wrapper\dists\gradle-8.13-bin\5xuhj0ry160q40clulazy9h7d\gradle-8.13\lib\agents\gradle-instrumentation-agent-8.13.jar org.gradle.launcher.daemon.bootstrap.GradleDaemon 8.13

Host: 13th Gen Intel(R) Core(TM) i5-1335U, 12 cores, 7G,  Windows 11 , 64 bit Build 26100 (10.0.26100.8246)
Time: Tue May 12 14:57:10 2026 Malay Peninsula Standard Time elapsed time: 17.614927 seconds (0d 0h 0m 17s)

---------------  T H R E A D  ---------------

Current thread (0x000002677f1bb090):  VMThread "VM Thread"          [id=13388, stack(0x000000b13eb00000,0x000000b13ec00000) (1024K)]

Stack: [0x000000b13eb00000,0x000000b13ec00000]
Native frames: (J=compiled Java code, j=interpreted, Vv=VM code, C=native code)
V  [jvm.dll+0x6d68d9]
V  [jvm.dll+0x866693]
V  [jvm.dll+0x868c4e]
V  [jvm.dll+0x869333]
V  [jvm.dll+0x280566]
V  [jvm.dll+0x6d3195]
V  [jvm.dll+0x6c69ea]
V  [jvm.dll+0x3586db]
V  [jvm.dll+0x360336]
V  [jvm.dll+0x3b23f6]
V  [jvm.dll+0x3b26c8]
V  [jvm.dll+0x32ae6c]
V  [jvm.dll+0x32d806]
V  [jvm.dll+0x3376dd]
V  [jvm.dll+0x36ee15]
V  [jvm.dll+0x86f0b8]
V  [jvm.dll+0x870434]
V  [jvm.dll+0x870970]
V  [jvm.dll+0x870c03]
V  [jvm.dll+0x80eac8]
V  [jvm.dll+0x6d512d]
C  [ucrtbase.dll+0x37b0]
C  [KERNEL32.DLL+0x2e8d7]
C  [ntdll.dll+0x8c3fc]

VM_Operation (0x000000b13e6ff6b0): G1PauseRemark, mode: safepoint, requested by thread 0x000002676b5a52c0


---------------  P R O C E S S  ---------------

Threads class SMR info:
_java_thread_list=0x000002670b65b270, length=117, elements={
0x00000267691b6340, 0x000002677f2306b0, 0x000002677f234480, 0x000002677f232070,
0x000002677f2548e0, 0x000002677f255340, 0x000002677f25f490, 0x000002677f261980,
0x000002677f268360, 0x000002677f2793b0, 0x000002677f25ff40, 0x000002677f2605d0,
0x000002677f260c60, 0x000002677f262010, 0x000002677f262d30, 0x000002677f2633c0,
0x000002677f2612f0, 0x00000267098dbd00, 0x00000267098dddd0, 0x00000267098de460,
0x00000267098dd740, 0x00000267098dc390, 0x00000267098dca20, 0x00000267098deaf0,
0x00000267098df810, 0x00000267098e0530, 0x00000267098dd0b0, 0x00000267098e2600,
0x00000267098e0bc0, 0x00000267098e1250, 0x00000267098e18e0, 0x00000267098e1f70,
0x00000267098df180, 0x00000267098dfea0, 0x000002670b698d40, 0x000002670b6993d0,
0x000002670b699a60, 0x000002670b69a0f0, 0x000002670b69a780, 0x000002670b69ae10,
0x000002670b69cee0, 0x000002670b69d570, 0x000002670b69efb0, 0x000002670b69c850,
0x000002670b69f640, 0x000002670b69c1c0, 0x000002670d25ab20, 0x000002670d25bed0,
0x000002670d259770, 0x000002670d259e00, 0x000002670d25c560, 0x000002670d25a490,
0x000002670d25b1b0, 0x000002670d25b840, 0x000002670d2590e0, 0x000002670d25f350,
0x000002670d25d280, 0x000002670d25ecc0, 0x000002670d25f9e0, 0x000002670d260070,
0x000002670d25d910, 0x000002670d25cbf0, 0x000002670d260700, 0x000002670d25dfa0,
0x000002670d25e630, 0x000002670bec44f0, 0x000002670bec8000, 0x000002670bec8690,
0x000002670bec8d20, 0x000002670bec58a0, 0x000002670bec9a40, 0x000002670bec93b0,
0x000002670beca0d0, 0x000002670beca760, 0x000002670becadf0, 0x0000026708fa2910,
0x0000026708fa0ed0, 0x0000026708fa2280, 0x0000026708fa1560, 0x0000026708fa1bf0,
0x0000026708fa49e0, 0x0000026708fa4350, 0x0000026708fa5070, 0x0000026708fa5d90,
0x0000026708fa5700, 0x0000026708fa3cc0, 0x0000026708fa6420, 0x0000026708fa84f0,
0x0000026708fa77d0, 0x0000026708fa6ab0, 0x0000026708fa7e60, 0x0000026708fa7140,
0x000002670adb66a0, 0x000002670adb7a50, 0x000002670adb80e0, 0x000002670adb6d30,
0x000002670adb8770, 0x000002670adb9490, 0x000002670adba1b0, 0x000002670ae2e760,
0x000002670ae2edf0, 0x000002670ae2fb10, 0x000002670ae301a0, 0x000002670ae30ec0,
0x000002670adbbbf0, 0x000002670adb9b20, 0x000002670adbb560, 0x000002670a7865c0,
0x000002670a786c50, 0x000002670a788d20, 0x000002670a78a760, 0x000002670a788000,
0x000002670a7872e0, 0x000002670a78adf0, 0x000002670eb7d560, 0x000002670a78bb10,
0x000002670a78a0d0
}

Java Threads: ( => current thread )
  0x00000267691b6340 JavaThread "main"                              [_thread_blocked, id=13748, stack(0x000000b13e400000,0x000000b13e500000) (1024K)]
  0x000002677f2306b0 JavaThread "Common-Cleaner"             daemon [_thread_blocked, id=2924, stack(0x000000b13ec00000,0x000000b13ed00000) (1024K)]
  0x000002677f234480 JavaThread "Reference Handler"          daemon [_thread_blocked, id=11052, stack(0x000000b13ed00000,0x000000b13ee00000) (1024K)]
  0x000002677f232070 JavaThread "Finalizer"                  daemon [_thread_blocked, id=14376, stack(0x000000b13ee00000,0x000000b13ef00000) (1024K)]
  0x000002677f2548e0 JavaThread "Signal Dispatcher"          daemon [_thread_blocked, id=16648, stack(0x000000b13ef00000,0x000000b13f000000) (1024K)]
  0x000002677f255340 JavaThread "Attach Listener"            daemon [_thread_blocked, id=12768, stack(0x000000b13f000000,0x000000b13f100000) (1024K)]
  0x000002677f25f490 JavaThread "Service Thread"             daemon [_thread_blocked, id=10424, stack(0x000000b13f100000,0x000000b13f200000) (1024K)]
  0x000002677f261980 JavaThread "Monitor Deflation Thread"   daemon [_thread_blocked, id=7568, stack(0x000000b13f200000,0x000000b13f300000) (1024K)]
  0x000002677f268360 JavaThread "C2 CompilerThread0"         daemon [_thread_blocked, id=13028, stack(0x000000b13f300000,0x000000b13f400000) (1024K)]
  0x000002677f2793b0 JavaThread "C1 CompilerThread0"         daemon [_thread_blocked, id=7140, stack(0x000000b13f400000,0x000000b13f500000) (1024K)]
  0x000002677f25ff40 JavaThread "Notification Thread"        daemon [_thread_blocked, id=13956, stack(0x000000b13f500000,0x000000b13f600000) (1024K)]
  0x000002677f2605d0 JavaThread "Daemon health stats"               [_thread_blocked, id=4736, stack(0x000000b140000000,0x000000b140100000) (1024K)]
  0x000002677f260c60 JavaThread "Incoming local TCP Connector on port 60579"        [_thread_in_native, id=16612, stack(0x000000b13f600000,0x000000b13f700000) (1024K)]
  0x000002677f262010 JavaThread "Daemon periodic checks"            [_thread_blocked, id=3420, stack(0x000000b13f700000,0x000000b13f800000) (1024K)]
  0x000002677f262d30 JavaThread "Daemon"                            [_thread_blocked, id=15952, stack(0x000000b140100000,0x000000b140200000) (1024K)]
  0x000002677f2633c0 JavaThread "Handler for socket connection from /127.0.0.1:60579 to /127.0.0.1:60580"        [_thread_in_native, id=17632, stack(0x000000b140200000,0x000000b140300000) (1024K)]
  0x000002677f2612f0 JavaThread "Cancel handler"                    [_thread_blocked, id=2688, stack(0x000000b140300000,0x000000b140400000) (1024K)]
  0x00000267098dbd00 JavaThread "Daemon worker"                     [_thread_blocked, id=9740, stack(0x000000b140700000,0x000000b140800000) (1024K)]
  0x00000267098dddd0 JavaThread "Asynchronous log dispatcher for DefaultDaemonConnection: socket connection from /127.0.0.1:60579 to /127.0.0.1:60580"        [_thread_blocked, id=8792, stack(0x000000b140800000,0x000000b140900000) (1024K)]
  0x00000267098de460 JavaThread "Stdin handler"                     [_thread_blocked, id=9780, stack(0x000000b140900000,0x000000b140a00000) (1024K)]
  0x00000267098dd740 JavaThread "Daemon client event forwarder"        [_thread_blocked, id=3216, stack(0x000000b140a00000,0x000000b140b00000) (1024K)]
  0x00000267098dc390 JavaThread "Cache worker for journal cache (C:\Users\Mica\.gradle\caches\journal-1)"        [_thread_blocked, id=7708, stack(0x000000b140b00000,0x000000b140c00000) (1024K)]
  0x00000267098dca20 JavaThread "File lock request listener"        [_thread_in_native, id=20200, stack(0x000000b140c00000,0x000000b140d00000) (1024K)]
  0x00000267098deaf0 JavaThread "Cache worker for file hash cache (C:\Users\Mica\.gradle\caches\8.13\fileHashes)"        [_thread_blocked, id=14104, stack(0x000000b140d00000,0x000000b140e00000) (1024K)]
  0x00000267098df810 JavaThread "Cache worker for file hash cache (C:\Users\Mica\OneDrive\Pictures\WAD\finalmadexam\.gradle\8.13\fileHashes)"        [_thread_blocked, id=13884, stack(0x000000b141000000,0x000000b141100000) (1024K)]
  0x00000267098e0530 JavaThread "Cache worker for Build Output Cleanup Cache (C:\Users\Mica\OneDrive\Pictures\WAD\finalmadexam\.gradle\buildOutputCleanup)"        [_thread_blocked, id=19560, stack(0x000000b141100000,0x000000b141200000) (1024K)]
  0x00000267098dd0b0 JavaThread "File watcher server"        daemon [_thread_in_native, id=17316, stack(0x000000b141200000,0x000000b141300000) (1024K)]
  0x00000267098e2600 JavaThread "File watcher consumer"      daemon [_thread_blocked, id=20776, stack(0x000000b141300000,0x000000b141400000) (1024K)]
  0x00000267098e0bc0 JavaThread "jar transforms"                    [_thread_blocked, id=15396, stack(0x000000b141400000,0x000000b141500000) (1024K)]
  0x00000267098e1250 JavaThread "jar transforms Thread 2"           [_thread_blocked, id=15192, stack(0x000000b141500000,0x000000b141600000) (1024K)]
  0x00000267098e18e0 JavaThread "jar transforms Thread 3"           [_thread_blocked, id=2976, stack(0x000000b141600000,0x000000b141700000) (1024K)]
  0x00000267098e1f70 JavaThread "jar transforms Thread 4"           [_thread_blocked, id=7536, stack(0x000000b141700000,0x000000b141800000) (1024K)]
  0x00000267098df180 JavaThread "jar transforms Thread 5"           [_thread_blocked, id=14752, stack(0x000000b141800000,0x000000b141900000) (1024K)]
  0x00000267098dfea0 JavaThread "jar transforms Thread 6"           [_thread_blocked, id=20256, stack(0x000000b141900000,0x000000b141a00000) (1024K)]
  0x000002670b698d40 JavaThread "jar transforms Thread 7"           [_thread_blocked, id=20652, stack(0x000000b141a00000,0x000000b141b00000) (1024K)]
  0x000002670b6993d0 JavaThread "jar transforms Thread 8"           [_thread_blocked, id=14660, stack(0x000000b141b00000,0x000000b141c00000) (1024K)]
  0x000002670b699a60 JavaThread "jar transforms Thread 9"           [_thread_blocked, id=6628, stack(0x000000b141c00000,0x000000b141d00000) (1024K)]
  0x000002670b69a0f0 JavaThread "jar transforms Thread 10"          [_thread_blocked, id=6912, stack(0x000000b141d00000,0x000000b141e00000) (1024K)]
  0x000002670b69a780 JavaThread "jar transforms Thread 11"          [_thread_blocked, id=16380, stack(0x000000b141e00000,0x000000b141f00000) (1024K)]
  0x000002670b69ae10 JavaThread "jar transforms Thread 12"          [_thread_blocked, id=10600, stack(0x000000b141f00000,0x000000b142000000) (1024K)]
  0x000002670b69cee0 JavaThread "Cache worker for checksums cache (C:\Users\Mica\OneDrive\Pictures\WAD\finalmadexam\.gradle\8.13\checksums)"        [_thread_blocked, id=13520, stack(0x000000b140f00000,0x000000b141000000) (1024K)]
  0x000002670b69d570 JavaThread "Cache worker for file content cache (C:\Users\Mica\.gradle\caches\8.13\fileContent)"        [_thread_blocked, id=20820, stack(0x000000b142000000,0x000000b142100000) (1024K)]
  0x000002670b69efb0 JavaThread "Cache worker for cache directory md-supplier (C:\Users\Mica\.gradle\caches\8.13\md-supplier)"        [_thread_blocked, id=3908, stack(0x000000b142100000,0x000000b142200000) (1024K)]
  0x000002670b69c850 JavaThread "Cache worker for cache directory md-rule (C:\Users\Mica\.gradle\caches\8.13\md-rule)"        [_thread_blocked, id=15368, stack(0x000000b142200000,0x000000b142300000) (1024K)]
  0x000002670b69f640 JavaThread "Unconstrained build operations"        [_thread_blocked, id=6712, stack(0x000000b142300000,0x000000b142400000) (1024K)]
  0x000002670b69c1c0 JavaThread "Unconstrained build operations Thread 2"        [_thread_blocked, id=10844, stack(0x000000b142400000,0x000000b142500000) (1024K)]
  0x000002670d25ab20 JavaThread "Unconstrained build operations Thread 3"        [_thread_blocked, id=21132, stack(0x000000b142500000,0x000000b142600000) (1024K)]
  0x000002670d25bed0 JavaThread "Unconstrained build operations Thread 4"        [_thread_blocked, id=20020, stack(0x000000b142600000,0x000000b142700000) (1024K)]
  0x000002670d259770 JavaThread "Unconstrained build operations Thread 5"        [_thread_blocked, id=17160, stack(0x000000b142700000,0x000000b142800000) (1024K)]
  0x000002670d259e00 JavaThread "Unconstrained build operations Thread 6"        [_thread_blocked, id=21340, stack(0x000000b142800000,0x000000b142900000) (1024K)]
  0x000002670d25c560 JavaThread "Unconstrained build operations Thread 7"        [_thread_blocked, id=20048, stack(0x000000b142900000,0x000000b142a00000) (1024K)]
  0x000002670d25a490 JavaThread "Unconstrained build operations Thread 8"        [_thread_blocked, id=6008, stack(0x000000b142a00000,0x000000b142b00000) (1024K)]
  0x000002670d25b1b0 JavaThread "Unconstrained build operations Thread 9"        [_thread_blocked, id=18032, stack(0x000000b142b00000,0x000000b142c00000) (1024K)]
  0x000002670d25b840 JavaThread "Unconstrained build operations Thread 10"        [_thread_blocked, id=15880, stack(0x000000b142c00000,0x000000b142d00000) (1024K)]
  0x000002670d2590e0 JavaThread "Unconstrained build operations Thread 11"        [_thread_blocked, id=21256, stack(0x000000b142d00000,0x000000b142e00000) (1024K)]
  0x000002670d25f350 JavaThread "Unconstrained build operations Thread 12"        [_thread_blocked, id=10688, stack(0x000000b142e00000,0x000000b142f00000) (1024K)]
  0x000002670d25d280 JavaThread "Unconstrained build operations Thread 13"        [_thread_blocked, id=11696, stack(0x000000b142f00000,0x000000b143000000) (1024K)]
  0x000002670d25ecc0 JavaThread "Unconstrained build operations Thread 14"        [_thread_blocked, id=14548, stack(0x000000b143000000,0x000000b143100000) (1024K)]
  0x000002670d25f9e0 JavaThread "Unconstrained build operations Thread 15"        [_thread_blocked, id=19384, stack(0x000000b143100000,0x000000b143200000) (1024K)]
  0x000002670d260070 JavaThread "Unconstrained build operations Thread 16"        [_thread_blocked, id=16252, stack(0x000000b143200000,0x000000b143300000) (1024K)]
  0x000002670d25d910 JavaThread "Unconstrained build operations Thread 17"        [_thread_blocked, id=19348, stack(0x000000b143300000,0x000000b143400000) (1024K)]
  0x000002670d25cbf0 JavaThread "Unconstrained build operations Thread 18"        [_thread_blocked, id=12524, stack(0x000000b143400000,0x000000b143500000) (1024K)]
  0x000002670d260700 JavaThread "Unconstrained build operations Thread 19"        [_thread_blocked, id=19008, stack(0x000000b143500000,0x000000b143600000) (1024K)]
  0x000002670d25dfa0 JavaThread "Unconstrained build operations Thread 20"        [_thread_blocked, id=13104, stack(0x000000b143600000,0x000000b143700000) (1024K)]
  0x000002670d25e630 JavaThread "Unconstrained build operations Thread 21"        [_thread_blocked, id=19060, stack(0x000000b143700000,0x000000b143800000) (1024K)]
  0x000002670bec44f0 JavaThread "Unconstrained build operations Thread 22"        [_thread_blocked, id=16284, stack(0x000000b143800000,0x000000b143900000) (1024K)]
  0x000002670bec8000 JavaThread "Unconstrained build operations Thread 23"        [_thread_blocked, id=17808, stack(0x000000b143900000,0x000000b143a00000) (1024K)]
  0x000002670bec8690 JavaThread "Unconstrained build operations Thread 24"        [_thread_blocked, id=4588, stack(0x000000b143a00000,0x000000b143b00000) (1024K)]
  0x000002670bec8d20 JavaThread "Unconstrained build operations Thread 25"        [_thread_blocked, id=13320, stack(0x000000b143b00000,0x000000b143c00000) (1024K)]
  0x000002670bec58a0 JavaThread "Unconstrained build operations Thread 26"        [_thread_blocked, id=18504, stack(0x000000b143c00000,0x000000b143d00000) (1024K)]
  0x000002670bec9a40 JavaThread "Unconstrained build operations Thread 27"        [_thread_blocked, id=4420, stack(0x000000b143d00000,0x000000b143e00000) (1024K)]
  0x000002670bec93b0 JavaThread "Unconstrained build operations Thread 28"        [_thread_blocked, id=5236, stack(0x000000b143e00000,0x000000b143f00000) (1024K)]
  0x000002670beca0d0 JavaThread "Unconstrained build operations Thread 29"        [_thread_blocked, id=21480, stack(0x000000b143f00000,0x000000b144000000) (1024K)]
  0x000002670beca760 JavaThread "Unconstrained build operations Thread 30"        [_thread_blocked, id=8012, stack(0x000000b144000000,0x000000b144100000) (1024K)]
  0x000002670becadf0 JavaThread "Unconstrained build operations Thread 31"        [_thread_blocked, id=13728, stack(0x000000b144100000,0x000000b144200000) (1024K)]
  0x0000026708fa2910 JavaThread "Unconstrained build operations Thread 32"        [_thread_blocked, id=17492, stack(0x000000b144200000,0x000000b144300000) (1024K)]
  0x0000026708fa0ed0 JavaThread "Unconstrained build operations Thread 33"        [_thread_blocked, id=12556, stack(0x000000b144300000,0x000000b144400000) (1024K)]
  0x0000026708fa2280 JavaThread "Unconstrained build operations Thread 34"        [_thread_blocked, id=9916, stack(0x000000b144400000,0x000000b144500000) (1024K)]
  0x0000026708fa1560 JavaThread "Unconstrained build operations Thread 35"        [_thread_blocked, id=19760, stack(0x000000b144500000,0x000000b144600000) (1024K)]
  0x0000026708fa1bf0 JavaThread "Unconstrained build operations Thread 36"        [_thread_blocked, id=16176, stack(0x000000b144600000,0x000000b144700000) (1024K)]
  0x0000026708fa49e0 JavaThread "Unconstrained build operations Thread 37"        [_thread_blocked, id=12708, stack(0x000000b144700000,0x000000b144800000) (1024K)]
  0x0000026708fa4350 JavaThread "Unconstrained build operations Thread 38"        [_thread_blocked, id=11852, stack(0x000000b144800000,0x000000b144900000) (1024K)]
  0x0000026708fa5070 JavaThread "Unconstrained build operations Thread 39"        [_thread_blocked, id=18524, stack(0x000000b144900000,0x000000b144a00000) (1024K)]
  0x0000026708fa5d90 JavaThread "Unconstrained build operations Thread 40"        [_thread_blocked, id=13040, stack(0x000000b144a00000,0x000000b144b00000) (1024K)]
  0x0000026708fa5700 JavaThread "Unconstrained build operations Thread 41"        [_thread_blocked, id=4140, stack(0x000000b144b00000,0x000000b144c00000) (1024K)]
  0x0000026708fa3cc0 JavaThread "Unconstrained build operations Thread 42"        [_thread_blocked, id=16100, stack(0x000000b144c00000,0x000000b144d00000) (1024K)]
  0x0000026708fa6420 JavaThread "Unconstrained build operations Thread 43"        [_thread_blocked, id=20064, stack(0x000000b144d00000,0x000000b144e00000) (1024K)]
  0x0000026708fa84f0 JavaThread "Unconstrained build operations Thread 44"        [_thread_blocked, id=4804, stack(0x000000b144e00000,0x000000b144f00000) (1024K)]
  0x0000026708fa77d0 JavaThread "Unconstrained build operations Thread 45"        [_thread_blocked, id=17984, stack(0x000000b144f00000,0x000000b145000000) (1024K)]
  0x0000026708fa6ab0 JavaThread "Unconstrained build operations Thread 46"        [_thread_blocked, id=7012, stack(0x000000b145000000,0x000000b145100000) (1024K)]
  0x0000026708fa7e60 JavaThread "Unconstrained build operations Thread 47"        [_thread_blocked, id=352, stack(0x000000b145100000,0x000000b145200000) (1024K)]
  0x0000026708fa7140 JavaThread "Unconstrained build operations Thread 48"        [_thread_blocked, id=14280, stack(0x000000b145200000,0x000000b145300000) (1024K)]
  0x000002670adb66a0 JavaThread "Unconstrained build operations Thread 49"        [_thread_blocked, id=3936, stack(0x000000b145300000,0x000000b145400000) (1024K)]
  0x000002670adb7a50 JavaThread "Unconstrained build operations Thread 50"        [_thread_blocked, id=15264, stack(0x000000b145400000,0x000000b145500000) (1024K)]
  0x000002670adb80e0 JavaThread "Unconstrained build operations Thread 51"        [_thread_blocked, id=20108, stack(0x000000b145500000,0x000000b145600000) (1024K)]
  0x000002670adb6d30 JavaThread "Unconstrained build operations Thread 52"        [_thread_blocked, id=2864, stack(0x000000b145600000,0x000000b145700000) (1024K)]
  0x000002670adb8770 JavaThread "Unconstrained build operations Thread 53"        [_thread_blocked, id=11568, stack(0x000000b145700000,0x000000b145800000) (1024K)]
  0x000002670adb9490 JavaThread "Unconstrained build operations Thread 54"        [_thread_blocked, id=14560, stack(0x000000b145800000,0x000000b145900000) (1024K)]
  0x000002670adba1b0 JavaThread "Memory manager"                    [_thread_blocked, id=10968, stack(0x000000b145900000,0x000000b145a00000) (1024K)]
  0x000002670ae2e760 JavaThread "included builds"                   [_thread_blocked, id=19012, stack(0x000000b145a00000,0x000000b145b00000) (1024K)]
  0x000002670ae2edf0 JavaThread "Execution worker"                  [_thread_blocked, id=2452, stack(0x000000b145b00000,0x000000b145c00000) (1024K)]
  0x000002670ae2fb10 JavaThread "Execution worker Thread 2"         [_thread_blocked, id=15728, stack(0x000000b145c00000,0x000000b145d00000) (1024K)]
  0x000002670ae301a0 JavaThread "Execution worker Thread 3"         [_thread_blocked, id=1760, stack(0x000000b145d00000,0x000000b145e00000) (1024K)]
  0x000002670ae30ec0 JavaThread "Execution worker Thread 4"         [_thread_blocked, id=6596, stack(0x000000b145e00000,0x000000b145f00000) (1024K)]
  0x000002670adbbbf0 JavaThread "Execution worker Thread 5"         [_thread_blocked, id=11988, stack(0x000000b145f00000,0x000000b146000000) (1024K)]
  0x000002670adb9b20 JavaThread "Execution worker Thread 6"         [_thread_blocked, id=1344, stack(0x000000b146000000,0x000000b146100000) (1024K)]
  0x000002670adbb560 JavaThread "Execution worker Thread 7"         [_thread_blocked, id=9492, stack(0x000000b146100000,0x000000b146200000) (1024K)]
  0x000002670a7865c0 JavaThread "Execution worker Thread 8"         [_thread_blocked, id=5612, stack(0x000000b146200000,0x000000b146300000) (1024K)]
  0x000002670a786c50 JavaThread "Execution worker Thread 9"         [_thread_blocked, id=12856, stack(0x000000b146300000,0x000000b146400000) (1024K)]
  0x000002670a788d20 JavaThread "Execution worker Thread 10"        [_thread_blocked, id=11840, stack(0x000000b146400000,0x000000b146500000) (1024K)]
  0x000002670a78a760 JavaThread "Execution worker Thread 11"        [_thread_blocked, id=18176, stack(0x000000b146500000,0x000000b146600000) (1024K)]
  0x000002670a788000 JavaThread "Cache worker for execution history cache (C:\Users\Mica\OneDrive\Pictures\WAD\finalmadexam\.gradle\8.13\executionHistory)"        [_thread_blocked, id=18588, stack(0x000000b146600000,0x000000b146700000) (1024K)]
  0x000002670a7872e0 JavaThread "idea-tooling-model-converter"        [_thread_blocked, id=14844, stack(0x000000b146700000,0x000000b146800000) (1024K)]
  0x000002670a78adf0 JavaThread "Unconstrained build operations Thread 55"        [_thread_blocked, id=20260, stack(0x000000b146800000,0x000000b146900000) (1024K)]
  0x000002670eb7d560 JavaThread "C2 CompilerThread1"         daemon [_thread_blocked, id=19724, stack(0x000000b140e00000,0x000000b140f00000) (1024K)]
  0x000002670a78bb10 JavaThread "Unconstrained build operations Thread 56"        [_thread_blocked, id=15888, stack(0x000000b146900000,0x000000b146a00000) (1024K)]
  0x000002670a78a0d0 JavaThread "Unconstrained build operations Thread 57"        [_thread_blocked, id=9456, stack(0x000000b146a00000,0x000000b146b00000) (1024K)]
Total: 117

Other Threads:
=>0x000002677f1bb090 VMThread "VM Thread"                           [id=13388, stack(0x000000b13eb00000,0x000000b13ec00000) (1024K)]
  0x000002677f01b6d0 WatcherThread "VM Periodic Task Thread"        [id=19104, stack(0x000000b13ea00000,0x000000b13eb00000) (1024K)]
  0x000002676b5943d0 WorkerThread "GC Thread#0"                     [id=17252, stack(0x000000b13e500000,0x000000b13e600000) (1024K)]
  0x000002677f923a30 WorkerThread "GC Thread#1"                     [id=20736, stack(0x000000b13f800000,0x000000b13f900000) (1024K)]
  0x000002677f9fdc00 WorkerThread "GC Thread#2"                     [id=17784, stack(0x000000b13f900000,0x000000b13fa00000) (1024K)]
  0x0000026708a31d70 WorkerThread "GC Thread#3"                     [id=15144, stack(0x000000b13fa00000,0x000000b13fb00000) (1024K)]
  0x0000026708a32110 WorkerThread "GC Thread#4"                     [id=11008, stack(0x000000b13fb00000,0x000000b13fc00000) (1024K)]
  0x0000026708b788a0 WorkerThread "GC Thread#5"                     [id=17216, stack(0x000000b13fc00000,0x000000b13fd00000) (1024K)]
  0x00000267097927a0 WorkerThread "GC Thread#6"                     [id=14832, stack(0x000000b13fd00000,0x000000b13fe00000) (1024K)]
  0x0000026709792b40 WorkerThread "GC Thread#7"                     [id=3404, stack(0x000000b13fe00000,0x000000b13ff00000) (1024K)]
  0x00000267098ff010 WorkerThread "GC Thread#8"                     [id=7548, stack(0x000000b13ff00000,0x000000b140000000) (1024K)]
  0x00000267099190d0 WorkerThread "GC Thread#9"                     [id=11716, stack(0x000000b140400000,0x000000b140500000) (1024K)]
  0x000002676b5a52c0 ConcurrentGCThread "G1 Main Marker"            [id=4444, stack(0x000000b13e600000,0x000000b13e700000) (1024K)]
  0x000002676b5a5cd0 WorkerThread "G1 Conc#0"                       [id=13736, stack(0x000000b13e700000,0x000000b13e800000) (1024K)]
  0x0000026709919f50 WorkerThread "G1 Conc#1"                       [id=11752, stack(0x000000b140500000,0x000000b140600000) (1024K)]
  0x00000267099185f0 WorkerThread "G1 Conc#2"                       [id=8884, stack(0x000000b140600000,0x000000b140700000) (1024K)]
  0x000002677eeef0f0 ConcurrentGCThread "G1 Refine#0"               [id=9092, stack(0x000000b13e800000,0x000000b13e900000) (1024K)]
  0x000002677eeefa10 ConcurrentGCThread "G1 Service"                [id=15980, stack(0x000000b13e900000,0x000000b13ea00000) (1024K)]
Total: 18

Threads with active compile tasks:
Total: 0

VM state: at safepoint (normal execution)

VM Mutex/Monitor currently owned by a thread:  ([mutex/lock_event])
[0x00007ffc5e2f85b8] Threads_lock - owner thread: 0x000002677f1bb090
[0x00007ffc5e2f86b8] Heap_lock - owner thread: 0x000002676b5a52c0

Heap address: 0x0000000080000000, size: 2048 MB, Compressed Oops mode: 32-bit

CDS archive(s) not mapped
Compressed class space mapped at: 0x0000000100000000-0x0000000140000000, reserved size: 1073741824
Narrow klass base: 0x0000000000000000, Narrow klass shift: 3, Narrow klass range: 0x140000000

GC Precious Log:
 CardTable entry size: 512
 Card Set container configuration: InlinePtr #cards 5 size 8 Array Of Cards #cards 12 size 40 Howl #buckets 4 coarsen threshold 1843 Howl Bitmap #cards 512 size 80 coarsen threshold 460 Card regions per heap region 1 cards per card region 2048
 CPUs: 12 total, 12 available
 Memory: 7879M
 Large Page Support: Disabled
 NUMA Support: Disabled
 Compressed Oops: Enabled (32-bit)
 Heap Region Size: 1M
 Heap Min Capacity: 8M
 Heap Initial Capacity: 124M
 Heap Max Capacity: 2G
 Pre-touch: Disabled
 Parallel Workers: 10
 Concurrent Workers: 3
 Concurrent Refinement Workers: 10
 Periodic GC: Disabled

Heap:
 garbage-first heap   total 240640K, used 157014K [0x0000000080000000, 0x0000000100000000)
  region size 1024K, 10 young (10240K), 8 survivors (8192K)
 Metaspace       used 117949K, committed 120192K, reserved 1179648K
  class space    used 16407K, committed 17472K, reserved 1048576K

Heap Regions: E=young(eden), S=young(survivor), O=old, HS=humongous(starts), HC=humongous(continues), CS=collection set, F=free, TAMS=top-at-mark-start, PB=parsable bottom
|   0|0x0000000080000000, 0x0000000080100000, 0x0000000080100000|100%|HS|  |TAMS 0x0000000080100000| PB 0x0000000080000000| Complete 
|   1|0x0000000080100000, 0x0000000080200000, 0x0000000080200000|100%|HC|  |TAMS 0x0000000080200000| PB 0x0000000080100000| Complete 
|   2|0x0000000080200000, 0x0000000080300000, 0x0000000080300000|100%|HC|  |TAMS 0x0000000080300000| PB 0x0000000080200000| Complete 
|   3|0x0000000080300000, 0x0000000080400000, 0x0000000080400000|100%| O|  |TAMS 0x0000000080400000| PB 0x0000000080400000| Untracked 
|   4|0x0000000080400000, 0x0000000080500000, 0x0000000080500000|100%| O|  |TAMS 0x0000000080500000| PB 0x0000000080500000| Untracked 
|   5|0x0000000080500000, 0x0000000080600000, 0x0000000080600000|100%| O|  |TAMS 0x0000000080600000| PB 0x0000000080600000| Untracked 
|   6|0x0000000080600000, 0x0000000080700000, 0x0000000080700000|100%|HS|  |TAMS 0x0000000080700000| PB 0x0000000080600000| Complete 
|   7|0x0000000080700000, 0x0000000080800000, 0x0000000080800000|100%| O|  |TAMS 0x0000000080800000| PB 0x0000000080800000| Untracked 
|   8|0x0000000080800000, 0x0000000080900000, 0x0000000080900000|100%| O|  |TAMS 0x0000000080900000| PB 0x0000000080900000| Untracked 
|   9|0x0000000080900000, 0x0000000080a00000, 0x0000000080a00000|100%| O|  |TAMS 0x0000000080a00000| PB 0x0000000080a00000| Untracked 
|  10|0x0000000080a00000, 0x0000000080b00000, 0x0000000080b00000|100%| O|  |TAMS 0x0000000080b00000| PB 0x0000000080b00000| Updating 
|  11|0x0000000080b00000, 0x0000000080c00000, 0x0000000080c00000|100%| O|  |TAMS 0x0000000080c00000| PB 0x0000000080c00000| Untracked 
|  12|0x0000000080c00000, 0x0000000080d00000, 0x0000000080d00000|100%| O|  |TAMS 0x0000000080d00000| PB 0x0000000080d00000| Untracked 
|  13|0x0000000080d00000, 0x0000000080e00000, 0x0000000080e00000|100%| O|  |TAMS 0x0000000080e00000| PB 0x0000000080e00000| Untracked 
|  14|0x0000000080e00000, 0x0000000080f00000, 0x0000000080f00000|100%| O|  |TAMS 0x0000000080f00000| PB 0x0000000080f00000| Untracked 
|  15|0x0000000080f00000, 0x0000000081000000, 0x0000000081000000|100%| O|  |TAMS 0x0000000081000000| PB 0x0000000081000000| Untracked 
|  16|0x0000000081000000, 0x0000000081100000, 0x0000000081100000|100%| O|  |TAMS 0x0000000081100000| PB 0x0000000081100000| Untracked 
|  17|0x0000000081100000, 0x0000000081200000, 0x0000000081200000|100%| O|  |TAMS 0x0000000081200000| PB 0x0000000081200000| Updating 
|  18|0x0000000081200000, 0x0000000081300000, 0x0000000081300000|100%| O|  |TAMS 0x0000000081300000| PB 0x0000000081300000| Untracked 
|  19|0x0000000081300000, 0x0000000081400000, 0x0000000081400000|100%| O|  |TAMS 0x0000000081400000| PB 0x0000000081400000| Untracked 
|  20|0x0000000081400000, 0x0000000081500000, 0x0000000081500000|100%| O|  |TAMS 0x0000000081500000| PB 0x0000000081500000| Untracked 
|  21|0x0000000081500000, 0x0000000081600000, 0x0000000081600000|100%| O|  |TAMS 0x0000000081600000| PB 0x0000000081600000| Updating 
|  22|0x0000000081600000, 0x0000000081700000, 0x0000000081700000|100%|HS|  |TAMS 0x0000000081700000| PB 0x0000000081600000| Complete 
|  23|0x0000000081700000, 0x0000000081800000, 0x0000000081800000|100%|HC|  |TAMS 0x0000000081800000| PB 0x0000000081700000| Complete 
|  24|0x0000000081800000, 0x0000000081900000, 0x0000000081900000|100%|HC|  |TAMS 0x0000000081900000| PB 0x0000000081800000| Complete 
|  25|0x0000000081900000, 0x0000000081a00000, 0x0000000081a00000|100%|HC|  |TAMS 0x0000000081a00000| PB 0x0000000081900000| Complete 
|  26|0x0000000081a00000, 0x0000000081b00000, 0x0000000081b00000|100%|HC|  |TAMS 0x0000000081b00000| PB 0x0000000081a00000| Complete 
|  27|0x0000000081b00000, 0x0000000081c00000, 0x0000000081c00000|100%|HC|  |TAMS 0x0000000081c00000| PB 0x0000000081b00000| Complete 
|  28|0x0000000081c00000, 0x0000000081d00000, 0x0000000081d00000|100%|HS|  |TAMS 0x0000000081d00000| PB 0x0000000081c00000| Complete 
|  29|0x0000000081d00000, 0x0000000081e00000, 0x0000000081e00000|100%|HS|  |TAMS 0x0000000081e00000| PB 0x0000000081d00000| Complete 
|  30|0x0000000081e00000, 0x0000000081f00000, 0x0000000081f00000|100%|HC|  |TAMS 0x0000000081f00000| PB 0x0000000081e00000| Complete 
|  31|0x0000000081f00000, 0x0000000082000000, 0x0000000082000000|100%|HS|  |TAMS 0x0000000082000000| PB 0x0000000081f00000| Complete 
|  32|0x0000000082000000, 0x0000000082100000, 0x0000000082100000|100%|HC|  |TAMS 0x0000000082100000| PB 0x0000000082000000| Complete 
|  33|0x0000000082100000, 0x0000000082200000, 0x0000000082200000|100%|HC|  |TAMS 0x0000000082200000| PB 0x0000000082100000| Complete 
|  34|0x0000000082200000, 0x0000000082300000, 0x0000000082300000|100%|HC|  |TAMS 0x0000000082300000| PB 0x0000000082200000| Complete 
|  35|0x0000000082300000, 0x0000000082400000, 0x0000000082400000|100%|HS|  |TAMS 0x0000000082400000| PB 0x0000000082300000| Complete 
|  36|0x0000000082400000, 0x0000000082500000, 0x0000000082500000|100%|HS|  |TAMS 0x0000000082500000| PB 0x0000000082400000| Complete 
|  37|0x0000000082500000, 0x0000000082600000, 0x0000000082600000|100%|HC|  |TAMS 0x0000000082600000| PB 0x0000000082500000| Complete 
|  38|0x0000000082600000, 0x0000000082700000, 0x0000000082700000|100%|HC|  |TAMS 0x0000000082700000| PB 0x0000000082600000| Complete 
|  39|0x0000000082700000, 0x0000000082800000, 0x0000000082800000|100%|HC|  |TAMS 0x0000000082800000| PB 0x0000000082700000| Complete 
|  40|0x0000000082800000, 0x0000000082900000, 0x0000000082900000|100%|HC|  |TAMS 0x0000000082900000| PB 0x0000000082800000| Complete 
|  41|0x0000000082900000, 0x0000000082a00000, 0x0000000082a00000|100%|HC|  |TAMS 0x0000000082a00000| PB 0x0000000082900000| Complete 
|  42|0x0000000082a00000, 0x0000000082b00000, 0x0000000082b00000|100%|HS|  |TAMS 0x0000000082b00000| PB 0x0000000082a00000| Complete 
|  43|0x0000000082b00000, 0x0000000082c00000, 0x0000000082c00000|100%|HS|  |TAMS 0x0000000082c00000| PB 0x0000000082b00000| Complete 
|  44|0x0000000082c00000, 0x0000000082d00000, 0x0000000082d00000|100%|HC|  |TAMS 0x0000000082d00000| PB 0x0000000082c00000| Complete 
|  45|0x0000000082d00000, 0x0000000082e00000, 0x0000000082e00000|100%|HS|  |TAMS 0x0000000082e00000| PB 0x0000000082d00000| Complete 
|  46|0x0000000082e00000, 0x0000000082f00000, 0x0000000082f00000|100%|HC|  |TAMS 0x0000000082f00000| PB 0x0000000082e00000| Complete 
|  47|0x0000000082f00000, 0x0000000083000000, 0x0000000083000000|100%|HC|  |TAMS 0x0000000083000000| PB 0x0000000082f00000| Complete 
|  48|0x0000000083000000, 0x0000000083100000, 0x0000000083100000|100%|HC|  |TAMS 0x0000000083100000| PB 0x0000000083000000| Complete 
|  49|0x0000000083100000, 0x0000000083200000, 0x0000000083200000|100%|HS|  |TAMS 0x0000000083200000| PB 0x0000000083100000| Complete 
|  50|0x0000000083200000, 0x0000000083300000, 0x0000000083300000|100%| O|  |TAMS 0x0000000083300000| PB 0x0000000083300000| Untracked 
|  51|0x0000000083300000, 0x0000000083400000, 0x0000000083400000|100%| O|  |TAMS 0x0000000083400000| PB 0x0000000083400000| Untracked 
|  52|0x0000000083400000, 0x0000000083500000, 0x0000000083500000|100%| O|  |TAMS 0x0000000083500000| PB 0x0000000083500000| Untracked 
|  53|0x0000000083500000, 0x0000000083600000, 0x0000000083600000|100%| O|  |TAMS 0x0000000083600000| PB 0x0000000083600000| Untracked 
|  54|0x0000000083600000, 0x0000000083700000, 0x0000000083700000|100%| O|  |TAMS 0x0000000083700000| PB 0x0000000083700000| Untracked 
|  55|0x0000000083700000, 0x0000000083800000, 0x0000000083800000|100%| O|  |TAMS 0x0000000083800000| PB 0x0000000083800000| Untracked 
|  56|0x0000000083800000, 0x0000000083900000, 0x0000000083900000|100%| O|  |TAMS 0x0000000083900000| PB 0x0000000083900000| Untracked 
|  57|0x0000000083900000, 0x0000000083a00000, 0x0000000083a00000|100%| O|  |TAMS 0x0000000083a00000| PB 0x0000000083a00000| Updating 
|  58|0x0000000083a00000, 0x0000000083b00000, 0x0000000083b00000|100%| O|  |TAMS 0x0000000083b00000| PB 0x0000000083b00000| Untracked 
|  59|0x0000000083b00000, 0x0000000083c00000, 0x0000000083c00000|100%| O|  |TAMS 0x0000000083c00000| PB 0x0000000083c00000| Untracked 
|  60|0x0000000083c00000, 0x0000000083d00000, 0x0000000083d00000|100%| O|  |TAMS 0x0000000083d00000| PB 0x0000000083d00000| Untracked 
|  61|0x0000000083d00000, 0x0000000083e00000, 0x0000000083e00000|100%|HS|  |TAMS 0x0000000083e00000| PB 0x0000000083d00000| Complete 
|  62|0x0000000083e00000, 0x0000000083f00000, 0x0000000083f00000|100%|HC|  |TAMS 0x0000000083f00000| PB 0x0000000083e00000| Complete 
|  63|0x0000000083f00000, 0x0000000084000000, 0x0000000084000000|100%|HS|  |TAMS 0x0000000084000000| PB 0x0000000083f00000| Complete 
|  64|0x0000000084000000, 0x0000000084100000, 0x0000000084100000|100%| O|  |TAMS 0x0000000084100000| PB 0x0000000084100000| Untracked 
|  65|0x0000000084100000, 0x0000000084200000, 0x0000000084200000|100%|HS|  |TAMS 0x0000000084200000| PB 0x0000000084100000| Complete 
|  66|0x0000000084200000, 0x0000000084300000, 0x0000000084300000|100%| O|  |TAMS 0x0000000084300000| PB 0x0000000084300000| Untracked 
|  67|0x0000000084300000, 0x0000000084400000, 0x0000000084400000|100%| O|  |TAMS 0x0000000084400000| PB 0x0000000084400000| Untracked 
|  68|0x0000000084400000, 0x0000000084500000, 0x0000000084500000|100%| O|  |TAMS 0x0000000084500000| PB 0x0000000084500000| Untracked 
|  69|0x0000000084500000, 0x0000000084600000, 0x0000000084600000|100%| O|  |TAMS 0x0000000084600000| PB 0x0000000084600000| Updating 
|  70|0x0000000084600000, 0x0000000084700000, 0x0000000084700000|100%|HS|  |TAMS 0x0000000084700000| PB 0x0000000084600000| Complete 
|  71|0x0000000084700000, 0x0000000084800000, 0x0000000084800000|100%|HC|  |TAMS 0x0000000084800000| PB 0x0000000084700000| Complete 
|  72|0x0000000084800000, 0x0000000084900000, 0x0000000084900000|100%|HC|  |TAMS 0x0000000084900000| PB 0x0000000084800000| Complete 
|  73|0x0000000084900000, 0x0000000084a00000, 0x0000000084a00000|100%|HC|  |TAMS 0x0000000084a00000| PB 0x0000000084900000| Complete 
|  74|0x0000000084a00000, 0x0000000084b00000, 0x0000000084b00000|100%|HC|  |TAMS 0x0000000084b00000| PB 0x0000000084a00000| Complete 
|  75|0x0000000084b00000, 0x0000000084c00000, 0x0000000084c00000|100%|HC|  |TAMS 0x0000000084c00000| PB 0x0000000084b00000| Complete 
|  76|0x0000000084c00000, 0x0000000084d00000, 0x0000000084d00000|100%|HS|  |TAMS 0x0000000084d00000| PB 0x0000000084c00000| Complete 
|  77|0x0000000084d00000, 0x0000000084e00000, 0x0000000084e00000|100%|HC|  |TAMS 0x0000000084e00000| PB 0x0000000084d00000| Complete 
|  78|0x0000000084e00000, 0x0000000084f00000, 0x0000000084f00000|100%|HC|  |TAMS 0x0000000084f00000| PB 0x0000000084e00000| Complete 
|  79|0x0000000084f00000, 0x0000000085000000, 0x0000000085000000|100%|HC|  |TAMS 0x0000000085000000| PB 0x0000000084f00000| Complete 
|  80|0x0000000085000000, 0x0000000085100000, 0x0000000085100000|100%|HC|  |TAMS 0x0000000085100000| PB 0x0000000085000000| Complete 
|  81|0x0000000085100000, 0x0000000085200000, 0x0000000085200000|100%|HC|  |TAMS 0x0000000085200000| PB 0x0000000085100000| Complete 
|  82|0x0000000085200000, 0x0000000085300000, 0x0000000085300000|100%| O|  |TAMS 0x0000000085300000| PB 0x0000000085300000| Untracked 
|  83|0x0000000085300000, 0x0000000085400000, 0x0000000085400000|100%| O|  |TAMS 0x0000000085400000| PB 0x0000000085400000| Updating 
|  84|0x0000000085400000, 0x0000000085500000, 0x0000000085500000|100%| O|  |TAMS 0x0000000085500000| PB 0x0000000085500000| Untracked 
|  85|0x0000000085500000, 0x0000000085600000, 0x0000000085600000|100%| O|  |TAMS 0x0000000085600000| PB 0x0000000085600000| Untracked 
|  86|0x0000000085600000, 0x0000000085700000, 0x0000000085700000|100%| O|  |TAMS 0x0000000085700000| PB 0x0000000085700000| Untracked 
|  87|0x0000000085700000, 0x0000000085800000, 0x0000000085800000|100%| O|  |TAMS 0x0000000085800000| PB 0x0000000085800000| Untracked 
|  88|0x0000000085800000, 0x0000000085900000, 0x0000000085900000|100%| O|  |TAMS 0x0000000085900000| PB 0x0000000085900000| Untracked 
|  89|0x0000000085900000, 0x0000000085a00000, 0x0000000085a00000|100%| O|  |TAMS 0x0000000085a00000| PB 0x0000000085a00000| Updating 
|  90|0x0000000085a00000, 0x0000000085b00000, 0x0000000085b00000|100%| O|  |TAMS 0x0000000085b00000| PB 0x0000000085b00000| Untracked 
|  91|0x0000000085b00000, 0x0000000085c00000, 0x0000000085c00000|100%| O|  |TAMS 0x0000000085c00000| PB 0x0000000085c00000| Updating 
|  92|0x0000000085c00000, 0x0000000085d00000, 0x0000000085d00000|100%| O|  |TAMS 0x0000000085d00000| PB 0x0000000085d00000| Untracked 
|  93|0x0000000085d00000, 0x0000000085e00000, 0x0000000085e00000|100%|HS|  |TAMS 0x0000000085e00000| PB 0x0000000085d00000| Complete 
|  94|0x0000000085e00000, 0x0000000085f00000, 0x0000000085f00000|100%|HS|  |TAMS 0x0000000085f00000| PB 0x0000000085e00000| Complete 
|  95|0x0000000085f00000, 0x0000000086000000, 0x0000000086000000|100%|HS|  |TAMS 0x0000000086000000| PB 0x0000000085f00000| Complete 
|  96|0x0000000086000000, 0x0000000086100000, 0x0000000086100000|100%|HS|  |TAMS 0x0000000086100000| PB 0x0000000086000000| Complete 
|  97|0x0000000086100000, 0x0000000086200000, 0x0000000086200000|100%|HS|  |TAMS 0x0000000086200000| PB 0x0000000086100000| Complete 
|  98|0x0000000086200000, 0x0000000086300000, 0x0000000086300000|100%| O|  |TAMS 0x0000000086300000| PB 0x0000000086300000| Untracked 
|  99|0x0000000086300000, 0x0000000086400000, 0x0000000086400000|100%|HS|  |TAMS 0x0000000086400000| PB 0x0000000086300000| Complete 
| 100|0x0000000086400000, 0x0000000086500000, 0x0000000086500000|100%| O|  |TAMS 0x0000000086500000| PB 0x0000000086500000| Untracked 
| 101|0x0000000086500000, 0x0000000086600000, 0x0000000086600000|100%| O|  |TAMS 0x0000000086600000| PB 0x0000000086600000| Untracked 
| 102|0x0000000086600000, 0x0000000086700000, 0x0000000086700000|100%| O|  |TAMS 0x0000000086700000| PB 0x0000000086700000| Untracked 
| 103|0x0000000086700000, 0x0000000086800000, 0x0000000086800000|100%| O|  |TAMS 0x0000000086800000| PB 0x0000000086800000| Untracked 
| 104|0x0000000086800000, 0x0000000086900000, 0x0000000086900000|100%| O|  |TAMS 0x0000000086900000| PB 0x0000000086900000| Untracked 
| 105|0x0000000086900000, 0x0000000086a00000, 0x0000000086a00000|100%|HS|  |TAMS 0x0000000086a00000| PB 0x0000000086900000| Complete 
| 106|0x0000000086a00000, 0x0000000086b00000, 0x0000000086b00000|100%| O|  |TAMS 0x0000000086b00000| PB 0x0000000086b00000| Untracked 
| 107|0x0000000086b00000, 0x0000000086c00000, 0x0000000086c00000|100%| O|  |TAMS 0x0000000086c00000| PB 0x0000000086c00000| Untracked 
| 108|0x0000000086c00000, 0x0000000086d00000, 0x0000000086d00000|100%| O|  |TAMS 0x0000000086d00000| PB 0x0000000086d00000| Untracked 
| 109|0x0000000086d00000, 0x0000000086e00000, 0x0000000086e00000|100%| O|  |TAMS 0x0000000086e00000| PB 0x0000000086e00000| Updating 
| 110|0x0000000086e00000, 0x0000000086f00000, 0x0000000086f00000|100%| O|  |TAMS 0x0000000086f00000| PB 0x0000000086f00000| Updating 
| 111|0x0000000086f00000, 0x0000000087000000, 0x0000000087000000|100%| O|  |TAMS 0x0000000087000000| PB 0x0000000087000000| Updating 
| 112|0x0000000087000000, 0x0000000087100000, 0x0000000087100000|100%| O|  |TAMS 0x0000000087100000| PB 0x0000000087100000| Untracked 
| 113|0x0000000087100000, 0x0000000087200000, 0x0000000087200000|100%| O|  |TAMS 0x0000000087100000| PB 0x0000000087100000| Untracked 
| 114|0x0000000087200000, 0x0000000087300000, 0x0000000087300000|100%| O|  |TAMS 0x0000000087200000| PB 0x0000000087200000| Untracked 
| 115|0x0000000087300000, 0x0000000087400000, 0x0000000087400000|100%| O|  |TAMS 0x0000000087400000| PB 0x0000000087400000| Untracked 
| 116|0x0000000087400000, 0x0000000087500000, 0x0000000087500000|100%| O|  |TAMS 0x0000000087500000| PB 0x0000000087500000| Untracked 
| 117|0x0000000087500000, 0x0000000087600000, 0x0000000087600000|100%| O|  |TAMS 0x0000000087600000| PB 0x0000000087600000| Untracked 
| 118|0x0000000087600000, 0x0000000087700000, 0x0000000087700000|100%|HS|  |TAMS 0x0000000087700000| PB 0x0000000087600000| Complete 
| 119|0x0000000087700000, 0x0000000087800000, 0x0000000087800000|100%|HC|  |TAMS 0x0000000087800000| PB 0x0000000087700000| Complete 
| 120|0x0000000087800000, 0x0000000087900000, 0x0000000087900000|100%| O|  |TAMS 0x0000000087900000| PB 0x0000000087900000| Untracked 
| 121|0x0000000087900000, 0x0000000087a00000, 0x0000000087a00000|100%| O|  |TAMS 0x0000000087a00000| PB 0x0000000087a00000| Untracked 
| 122|0x0000000087a00000, 0x0000000087b00000, 0x0000000087b00000|100%| O|  |TAMS 0x0000000087b00000| PB 0x0000000087b00000| Untracked 
| 123|0x0000000087b00000, 0x0000000087c00000, 0x0000000087c00000|100%| O|  |TAMS 0x0000000087c00000| PB 0x0000000087c00000| Untracked 
| 124|0x0000000087c00000, 0x0000000087d00000, 0x0000000087d00000|100%| O|  |TAMS 0x0000000087d00000| PB 0x0000000087d00000| Untracked 
| 125|0x0000000087d00000, 0x0000000087e00000, 0x0000000087e00000|100%| O|  |TAMS 0x0000000087e00000| PB 0x0000000087e00000| Untracked 
| 126|0x0000000087e00000, 0x0000000087f00000, 0x0000000087f00000|100%| O|  |TAMS 0x0000000087f00000| PB 0x0000000087f00000| Untracked 
| 127|0x0000000087f00000, 0x0000000087fd60a0, 0x0000000088000000| 83%| O|  |TAMS 0x0000000087f00000| PB 0x0000000087f00000| Updating 
| 128|0x0000000088000000, 0x0000000088100000, 0x0000000088100000|100%|HS|  |TAMS 0x0000000088000000| PB 0x0000000088000000| Complete 
| 129|0x0000000088100000, 0x0000000088200000, 0x0000000088200000|100%| O|  |TAMS 0x0000000088200000| PB 0x0000000088200000| Untracked 
| 130|0x0000000088200000, 0x0000000088300000, 0x0000000088300000|100%| O|  |TAMS 0x0000000088300000| PB 0x0000000088300000| Untracked 
| 131|0x0000000088300000, 0x0000000088400000, 0x0000000088400000|100%| O|  |TAMS 0x0000000088400000| PB 0x0000000088400000| Untracked 
| 132|0x0000000088400000, 0x0000000088500000, 0x0000000088500000|100%| O|  |TAMS 0x00000000884d12b0| PB 0x00000000884d12b0| Updating 
| 133|0x0000000088500000, 0x0000000088600000, 0x0000000088600000|100%|HS|  |TAMS 0x0000000088500000| PB 0x0000000088500000| Complete 
| 134|0x0000000088600000, 0x0000000088700000, 0x0000000088700000|100%| O|  |TAMS 0x0000000088700000| PB 0x0000000088700000| Untracked 
| 135|0x0000000088700000, 0x0000000088800000, 0x0000000088800000|100%| O|  |TAMS 0x0000000088800000| PB 0x0000000088800000| Updating 
| 136|0x0000000088800000, 0x0000000088900000, 0x0000000088900000|100%|HS|  |TAMS 0x0000000088800000| PB 0x0000000088800000| Complete 
| 137|0x0000000088900000, 0x0000000088a00000, 0x0000000088a00000|100%|HS|  |TAMS 0x0000000088900000| PB 0x0000000088900000| Complete 
| 138|0x0000000088a00000, 0x0000000088b00000, 0x0000000088b00000|100%|HS|  |TAMS 0x0000000088a00000| PB 0x0000000088a00000| Complete 
| 139|0x0000000088b00000, 0x0000000088b00000, 0x0000000088c00000|  0%| F|  |TAMS 0x0000000088b00000| PB 0x0000000088b00000| Untracked 
| 140|0x0000000088c00000, 0x0000000088c00000, 0x0000000088d00000|  0%| F|  |TAMS 0x0000000088c00000| PB 0x0000000088c00000| Untracked 
| 141|0x0000000088d00000, 0x0000000088d00000, 0x0000000088e00000|  0%| F|  |TAMS 0x0000000088d00000| PB 0x0000000088d00000| Untracked 
| 142|0x0000000088e00000, 0x0000000088e00000, 0x0000000088f00000|  0%| F|  |TAMS 0x0000000088e00000| PB 0x0000000088e00000| Untracked 
| 143|0x0000000088f00000, 0x0000000088f00000, 0x0000000089000000|  0%| F|  |TAMS 0x0000000088f00000| PB 0x0000000088f00000| Untracked 
| 144|0x0000000089000000, 0x0000000089000000, 0x0000000089100000|  0%| F|  |TAMS 0x0000000089000000| PB 0x0000000089000000| Untracked 
| 145|0x0000000089100000, 0x0000000089100000, 0x0000000089200000|  0%| F|  |TAMS 0x0000000089100000| PB 0x0000000089100000| Untracked 
| 146|0x0000000089200000, 0x0000000089200000, 0x0000000089300000|  0%| F|  |TAMS 0x0000000089200000| PB 0x0000000089200000| Untracked 
| 147|0x0000000089300000, 0x0000000089300000, 0x0000000089400000|  0%| F|  |TAMS 0x0000000089300000| PB 0x0000000089300000| Untracked 
| 148|0x0000000089400000, 0x0000000089400000, 0x0000000089500000|  0%| F|  |TAMS 0x0000000089400000| PB 0x0000000089400000| Untracked 
| 149|0x0000000089500000, 0x0000000089500000, 0x0000000089600000|  0%| F|  |TAMS 0x0000000089500000| PB 0x0000000089500000| Untracked 
| 150|0x0000000089600000, 0x0000000089600000, 0x0000000089700000|  0%| F|  |TAMS 0x0000000089600000| PB 0x0000000089600000| Untracked 
| 151|0x0000000089700000, 0x0000000089700000, 0x0000000089800000|  0%| F|  |TAMS 0x0000000089700000| PB 0x0000000089700000| Untracked 
| 152|0x0000000089800000, 0x0000000089800000, 0x0000000089900000|  0%| F|  |TAMS 0x0000000089800000| PB 0x0000000089800000| Untracked 
| 153|0x0000000089900000, 0x0000000089900000, 0x0000000089a00000|  0%| F|  |TAMS 0x0000000089900000| PB 0x0000000089900000| Untracked 
| 154|0x0000000089a00000, 0x0000000089a00000, 0x0000000089b00000|  0%| F|  |TAMS 0x0000000089a00000| PB 0x0000000089a00000| Untracked 
| 155|0x0000000089b00000, 0x0000000089b00000, 0x0000000089c00000|  0%| F|  |TAMS 0x0000000089b00000| PB 0x0000000089b00000| Untracked 
| 156|0x0000000089c00000, 0x0000000089c00000, 0x0000000089d00000|  0%| F|  |TAMS 0x0000000089c00000| PB 0x0000000089c00000| Untracked 
| 157|0x0000000089d00000, 0x0000000089d00000, 0x0000000089e00000|  0%| F|  |TAMS 0x0000000089d00000| PB 0x0000000089d00000| Untracked 
| 158|0x0000000089e00000, 0x0000000089e00000, 0x0000000089f00000|  0%| F|  |TAMS 0x0000000089e00000| PB 0x0000000089e00000| Untracked 
| 159|0x0000000089f00000, 0x0000000089f00000, 0x000000008a000000|  0%| F|  |TAMS 0x0000000089f00000| PB 0x0000000089f00000| Untracked 
| 160|0x000000008a000000, 0x000000008a000000, 0x000000008a100000|  0%| F|  |TAMS 0x000000008a000000| PB 0x000000008a000000| Untracked 
| 161|0x000000008a100000, 0x000000008a100000, 0x000000008a200000|  0%| F|  |TAMS 0x000000008a100000| PB 0x000000008a100000| Untracked 
| 162|0x000000008a200000, 0x000000008a200000, 0x000000008a300000|  0%| F|  |TAMS 0x000000008a200000| PB 0x000000008a200000| Untracked 
| 163|0x000000008a300000, 0x000000008a300000, 0x000000008a400000|  0%| F|  |TAMS 0x000000008a300000| PB 0x000000008a300000| Untracked 
| 164|0x000000008a400000, 0x000000008a400000, 0x000000008a500000|  0%| F|  |TAMS 0x000000008a400000| PB 0x000000008a400000| Untracked 
| 165|0x000000008a500000, 0x000000008a500000, 0x000000008a600000|  0%| F|  |TAMS 0x000000008a500000| PB 0x000000008a500000| Untracked 
| 166|0x000000008a600000, 0x000000008a600000, 0x000000008a700000|  0%| F|  |TAMS 0x000000008a600000| PB 0x000000008a600000| Untracked 
| 167|0x000000008a700000, 0x000000008a700000, 0x000000008a800000|  0%| F|  |TAMS 0x000000008a700000| PB 0x000000008a700000| Untracked 
| 168|0x000000008a800000, 0x000000008a87fac0, 0x000000008a900000| 49%| S|CS|TAMS 0x000000008a800000| PB 0x000000008a800000| Complete 
| 169|0x000000008a900000, 0x000000008aa00000, 0x000000008aa00000|100%| S|CS|TAMS 0x000000008a900000| PB 0x000000008a900000| Complete 
| 170|0x000000008aa00000, 0x000000008ab00000, 0x000000008ab00000|100%| S|CS|TAMS 0x000000008aa00000| PB 0x000000008aa00000| Complete 
| 171|0x000000008ab00000, 0x000000008ac00000, 0x000000008ac00000|100%| S|CS|TAMS 0x000000008ab00000| PB 0x000000008ab00000| Complete 
| 172|0x000000008ac00000, 0x000000008ad00000, 0x000000008ad00000|100%| S|CS|TAMS 0x000000008ac00000| PB 0x000000008ac00000| Complete 
| 173|0x000000008ad00000, 0x000000008ae00000, 0x000000008ae00000|100%| S|CS|TAMS 0x000000008ad00000| PB 0x000000008ad00000| Complete 
| 174|0x000000008ae00000, 0x000000008af00000, 0x000000008af00000|100%| S|CS|TAMS 0x000000008ae00000| PB 0x000000008ae00000| Complete 
| 175|0x000000008af00000, 0x000000008b000000, 0x000000008b000000|100%| S|CS|TAMS 0x000000008af00000| PB 0x000000008af00000| Complete 
| 176|0x000000008b000000, 0x000000008b000000, 0x000000008b100000|  0%| F|  |TAMS 0x000000008b000000| PB 0x000000008b000000| Untracked 
| 177|0x000000008b100000, 0x000000008b100000, 0x000000008b200000|  0%| F|  |TAMS 0x000000008b100000| PB 0x000000008b100000| Untracked 
| 178|0x000000008b200000, 0x000000008b200000, 0x000000008b300000|  0%| F|  |TAMS 0x000000008b200000| PB 0x000000008b200000| Untracked 
| 179|0x000000008b300000, 0x000000008b300000, 0x000000008b400000|  0%| F|  |TAMS 0x000000008b300000| PB 0x000000008b300000| Untracked 
| 180|0x000000008b400000, 0x000000008b400000, 0x000000008b500000|  0%| F|  |TAMS 0x000000008b400000| PB 0x000000008b400000| Untracked 
| 181|0x000000008b500000, 0x000000008b500000, 0x000000008b600000|  0%| F|  |TAMS 0x000000008b500000| PB 0x000000008b500000| Untracked 
| 182|0x000000008b600000, 0x000000008b600000, 0x000000008b700000|  0%| F|  |TAMS 0x000000008b600000| PB 0x000000008b600000| Untracked 
| 183|0x000000008b700000, 0x000000008b700000, 0x000000008b800000|  0%| F|  |TAMS 0x000000008b700000| PB 0x000000008b700000| Untracked 
| 184|0x000000008b800000, 0x000000008b800000, 0x000000008b900000|  0%| F|  |TAMS 0x000000008b800000| PB 0x000000008b800000| Untracked 
| 185|0x000000008b900000, 0x000000008b900000, 0x000000008ba00000|  0%| F|  |TAMS 0x000000008b900000| PB 0x000000008b900000| Untracked 
| 186|0x000000008ba00000, 0x000000008ba00000, 0x000000008bb00000|  0%| F|  |TAMS 0x000000008ba00000| PB 0x000000008ba00000| Untracked 
| 187|0x000000008bb00000, 0x000000008bb00000, 0x000000008bc00000|  0%| F|  |TAMS 0x000000008bb00000| PB 0x000000008bb00000| Untracked 
| 188|0x000000008bc00000, 0x000000008bc00000, 0x000000008bd00000|  0%| F|  |TAMS 0x000000008bc00000| PB 0x000000008bc00000| Untracked 
| 189|0x000000008bd00000, 0x000000008bd00000, 0x000000008be00000|  0%| F|  |TAMS 0x000000008bd00000| PB 0x000000008bd00000| Untracked 
| 190|0x000000008be00000, 0x000000008be00000, 0x000000008bf00000|  0%| F|  |TAMS 0x000000008be00000| PB 0x000000008be00000| Untracked 
| 191|0x000000008bf00000, 0x000000008bf00000, 0x000000008c000000|  0%| F|  |TAMS 0x000000008bf00000| PB 0x000000008bf00000| Untracked 
| 192|0x000000008c000000, 0x000000008c000000, 0x000000008c100000|  0%| F|  |TAMS 0x000000008c000000| PB 0x000000008c000000| Untracked 
| 193|0x000000008c100000, 0x000000008c100000, 0x000000008c200000|  0%| F|  |TAMS 0x000000008c100000| PB 0x000000008c100000| Untracked 
| 194|0x000000008c200000, 0x000000008c200000, 0x000000008c300000|  0%| F|  |TAMS 0x000000008c200000| PB 0x000000008c200000| Untracked 
| 195|0x000000008c300000, 0x000000008c300000, 0x000000008c400000|  0%| F|  |TAMS 0x000000008c300000| PB 0x000000008c300000| Untracked 
| 196|0x000000008c400000, 0x000000008c400000, 0x000000008c500000|  0%| F|  |TAMS 0x000000008c400000| PB 0x000000008c400000| Untracked 
| 197|0x000000008c500000, 0x000000008c500000, 0x000000008c600000|  0%| F|  |TAMS 0x000000008c500000| PB 0x000000008c500000| Untracked 
| 198|0x000000008c600000, 0x000000008c600000, 0x000000008c700000|  0%| F|  |TAMS 0x000000008c600000| PB 0x000000008c600000| Untracked 
| 199|0x000000008c700000, 0x000000008c700000, 0x000000008c800000|  0%| F|  |TAMS 0x000000008c700000| PB 0x000000008c700000| Untracked 
| 200|0x000000008c800000, 0x000000008c800000, 0x000000008c900000|  0%| F|  |TAMS 0x000000008c800000| PB 0x000000008c800000| Untracked 
| 201|0x000000008c900000, 0x000000008c900000, 0x000000008ca00000|  0%| F|  |TAMS 0x000000008c900000| PB 0x000000008c900000| Untracked 
| 202|0x000000008ca00000, 0x000000008ca00000, 0x000000008cb00000|  0%| F|  |TAMS 0x000000008ca00000| PB 0x000000008ca00000| Untracked 
| 203|0x000000008cb00000, 0x000000008cb00000, 0x000000008cc00000|  0%| F|  |TAMS 0x000000008cb00000| PB 0x000000008cb00000| Untracked 
| 204|0x000000008cc00000, 0x000000008cc00000, 0x000000008cd00000|  0%| F|  |TAMS 0x000000008cc00000| PB 0x000000008cc00000| Untracked 
| 205|0x000000008cd00000, 0x000000008cd00000, 0x000000008ce00000|  0%| F|  |TAMS 0x000000008cd00000| PB 0x000000008cd00000| Untracked 
| 206|0x000000008ce00000, 0x000000008ce00000, 0x000000008cf00000|  0%| F|  |TAMS 0x000000008ce00000| PB 0x000000008ce00000| Untracked 
| 207|0x000000008cf00000, 0x000000008cf00000, 0x000000008d000000|  0%| F|  |TAMS 0x000000008cf00000| PB 0x000000008cf00000| Untracked 
| 208|0x000000008d000000, 0x000000008d000000, 0x000000008d100000|  0%| F|  |TAMS 0x000000008d000000| PB 0x000000008d000000| Untracked 
| 209|0x000000008d100000, 0x000000008d100000, 0x000000008d200000|  0%| F|  |TAMS 0x000000008d100000| PB 0x000000008d100000| Untracked 
| 210|0x000000008d200000, 0x000000008d200000, 0x000000008d300000|  0%| F|  |TAMS 0x000000008d200000| PB 0x000000008d200000| Untracked 
| 211|0x000000008d300000, 0x000000008d300000, 0x000000008d400000|  0%| F|  |TAMS 0x000000008d300000| PB 0x000000008d300000| Untracked 
| 212|0x000000008d400000, 0x000000008d400000, 0x000000008d500000|  0%| F|  |TAMS 0x000000008d400000| PB 0x000000008d400000| Untracked 
| 213|0x000000008d500000, 0x000000008d500000, 0x000000008d600000|  0%| F|  |TAMS 0x000000008d500000| PB 0x000000008d500000| Untracked 
| 214|0x000000008d600000, 0x000000008d600000, 0x000000008d700000|  0%| F|  |TAMS 0x000000008d600000| PB 0x000000008d600000| Untracked 
| 215|0x000000008d700000, 0x000000008d700000, 0x000000008d800000|  0%| F|  |TAMS 0x000000008d700000| PB 0x000000008d700000| Untracked 
| 216|0x000000008d800000, 0x000000008d800000, 0x000000008d900000|  0%| F|  |TAMS 0x000000008d800000| PB 0x000000008d800000| Untracked 
| 217|0x000000008d900000, 0x000000008d900000, 0x000000008da00000|  0%| F|  |TAMS 0x000000008d900000| PB 0x000000008d900000| Untracked 
| 218|0x000000008da00000, 0x000000008da00000, 0x000000008db00000|  0%| F|  |TAMS 0x000000008da00000| PB 0x000000008da00000| Untracked 
| 219|0x000000008db00000, 0x000000008db00000, 0x000000008dc00000|  0%| F|  |TAMS 0x000000008db00000| PB 0x000000008db00000| Untracked 
| 220|0x000000008dc00000, 0x000000008dc00000, 0x000000008dd00000|  0%| F|  |TAMS 0x000000008dc00000| PB 0x000000008dc00000| Untracked 
| 221|0x000000008dd00000, 0x000000008dd00000, 0x000000008de00000|  0%| F|  |TAMS 0x000000008dd00000| PB 0x000000008dd00000| Untracked 
| 222|0x000000008de00000, 0x000000008de00000, 0x000000008df00000|  0%| F|  |TAMS 0x000000008de00000| PB 0x000000008de00000| Untracked 
| 223|0x000000008df00000, 0x000000008df00000, 0x000000008e000000|  0%| F|  |TAMS 0x000000008df00000| PB 0x000000008df00000| Untracked 
| 224|0x000000008e000000, 0x000000008e000000, 0x000000008e100000|  0%| F|  |TAMS 0x000000008e000000| PB 0x000000008e000000| Untracked 
|2038|0x00000000ff600000, 0x00000000ff700000, 0x00000000ff700000|100%| O|  |TAMS 0x00000000ff700000| PB 0x00000000ff700000| Updating 
|2039|0x00000000ff700000, 0x00000000ff700000, 0x00000000ff800000|  0%| F|  |TAMS 0x00000000ff700000| PB 0x00000000ff700000| Untracked 
|2040|0x00000000ff800000, 0x00000000ff800000, 0x00000000ff900000|  0%| F|  |TAMS 0x00000000ff800000| PB 0x00000000ff800000| Untracked 
|2041|0x00000000ff900000, 0x00000000ff980000, 0x00000000ffa00000| 50%| E|  |TAMS 0x00000000ff900000| PB 0x00000000ff900000| Complete 
|2042|0x00000000ffa00000, 0x00000000ffb00000, 0x00000000ffb00000|100%| O|  |TAMS 0x00000000ffb00000| PB 0x00000000ffb00000| Updating 
|2043|0x00000000ffb00000, 0x00000000ffc00000, 0x00000000ffc00000|100%| O|  |TAMS 0x00000000ffc00000| PB 0x00000000ffc00000| Untracked 
|2044|0x00000000ffc00000, 0x00000000ffd00000, 0x00000000ffd00000|100%| O|  |TAMS 0x00000000ffd00000| PB 0x00000000ffd00000| Untracked 
|2045|0x00000000ffd00000, 0x00000000ffe00000, 0x00000000ffe00000|100%| E|CS|TAMS 0x00000000ffd00000| PB 0x00000000ffd00000| Complete 
|2046|0x00000000ffe00000, 0x00000000fff00000, 0x00000000fff00000|100%| O|  |TAMS 0x00000000fff00000| PB 0x00000000fff00000| Updating 
|2047|0x00000000fff00000, 0x0000000100000000, 0x0000000100000000|100%| O|  |TAMS 0x0000000100000000| PB 0x0000000100000000| Untracked 

Card table byte_map: [0x000002677dfe0000,0x000002677e3e0000] _byte_map_base: 0x000002677dbe0000

Marking Bits: (CMBitMap*) 0x000002676b5949e0
 Bits: [0x0000026700000000, 0x0000026702000000)

Polling page: 0x0000026769160000

Metaspace:

Usage:
  Non-class:     99.16 MB used.
      Class:     16.02 MB used.
       Both:    115.19 MB used.

Virtual space:
  Non-class space:      128.00 MB reserved,     100.31 MB ( 78%) committed,  2 nodes.
      Class space:        1.00 GB reserved,      17.06 MB (  2%) committed,  1 nodes.
             Both:        1.12 GB reserved,     117.38 MB ( 10%) committed. 

Chunk freelists:
   Non-Class:  11.28 MB
       Class:  14.90 MB
        Both:  26.18 MB

MaxMetaspaceSize: unlimited
CompressedClassSpaceSize: 1.00 GB
Initial GC threshold: 21.00 MB
Current GC threshold: 173.38 MB
CDS: off
 - commit_granule_bytes: 65536.
 - commit_granule_words: 8192.
 - virtual_space_node_default_size: 8388608.
 - enlarge_chunks_in_place: 1.
 - use_allocation_guard: 0.


Internal statistics:

num_allocs_failed_limit: 6.
num_arena_births: 4266.
num_arena_deaths: 0.
num_vsnodes_births: 3.
num_vsnodes_deaths: 0.
num_space_committed: 1877.
num_space_uncommitted: 0.
num_chunks_returned_to_freelist: 6.
num_chunks_taken_from_freelist: 9340.
num_chunk_merges: 3.
num_chunk_splits: 6122.
num_chunks_enlarged: 3846.
num_inconsistent_stats: 0.

CodeHeap 'non-profiled nmethods': size=120000Kb used=6427Kb max_used=6471Kb free=113572Kb
 bounds [0x0000026776160000, 0x00000267767c0000, 0x000002677d690000]
CodeHeap 'profiled nmethods': size=120000Kb used=17965Kb max_used=18324Kb free=102034Kb
 bounds [0x000002676e690000, 0x000002676f880000, 0x0000026775bc0000]
CodeHeap 'non-nmethods': size=5760Kb used=2968Kb max_used=2983Kb free=2792Kb
 bounds [0x0000026775bc0000, 0x0000026775eb0000, 0x0000026776160000]
CodeCache: size=245760Kb, used=27360Kb, max_used=27778Kb, free=218398Kb
 total_blobs=11054, nmethods=10008, adapters=950, full_count=0
Compilation: enabled, stopped_count=0, restarted_count=0

Compilation events (20 events):
Event: 15.512 Thread 0x000002677f2793b0 11990       3       kotlin.text.MatcherMatchResult::access$getMatchResult (5 bytes)
Event: 15.512 Thread 0x000002677f2793b0 nmethod 11990 0x000002676f870810 code [0x000002676f8709c0, 0x000002676f870b10]
Event: 15.512 Thread 0x000002677f2793b0 11991       3       kotlin.text.MatcherMatchResult::getMatchResult (8 bytes)
Event: 15.512 Thread 0x000002677f2793b0 nmethod 11991 0x000002676f870c10 code [0x000002676f870da0, 0x000002676f870eb0]
Event: 15.513 Thread 0x000002677f2793b0 11992       3       org.gradle.tooling.internal.adapter.ProtocolToModelAdapter$MethodInvocationCache$MethodInvocationKey::equals (89 bytes)
Event: 15.513 Thread 0x000002677f2793b0 nmethod 11992 0x000002676f870f90 code [0x000002676f871260, 0x000002676f872030]
Event: 15.513 Thread 0x000002677f2793b0 11993       3       org.gradle.tooling.internal.adapter.ProtocolToModelAdapter$MethodInvocationCache$MethodInvocationKey::isDirty (26 bytes)
Event: 15.513 Thread 0x000002677f2793b0 nmethod 11993 0x000002676f872490 code [0x000002676f872660, 0x000002676f872968]
Event: 15.513 Thread 0x000002677f2793b0 11994       3       java.util.concurrent.locks.ReentrantReadWriteLock$Sync::tryAcquire (92 bytes)
Event: 15.513 Thread 0x000002677f2793b0 nmethod 11994 0x000002676f872a90 code [0x000002676f872ca0, 0x000002676f8732f0]
Event: 15.517 Thread 0x000002677f2793b0 11999       3       java.util.ArrayList::hashCode (22 bytes)
Event: 15.518 Thread 0x000002677f2793b0 nmethod 11999 0x000002676f873490 code [0x000002676f873660, 0x000002676f8739a8]
Event: 15.518 Thread 0x000002677f268360 12002       4       jdk.internal.org.objectweb.asm.MethodWriter::visitAnnotation (40 bytes)
Event: 15.522 Thread 0x000002670eb7d560 12005       4       java.lang.Character::isUpperCase (5 bytes)
Event: 15.523 Thread 0x000002670eb7d560 nmethod 12005 0x00000267767b0a90 code [0x00000267767b0c20, 0x00000267767b0d28]
Event: 15.524 Thread 0x000002677f268360 nmethod 12002 0x00000267767b0e90 code [0x00000267767b1080, 0x00000267767b1a38]
Event: 15.527 Thread 0x000002677f2793b0 12006       3       org.gradle.internal.reflect.MutableClassDetails::getInstanceMethods (8 bytes)
Event: 15.527 Thread 0x000002677f2793b0 nmethod 12006 0x000002676f873b10 code [0x000002676f873d20, 0x000002676f874348]
Event: 15.527 Thread 0x000002677f2793b0 12007       3       org.gradle.internal.instantiation.generator.AbstractClassGenerator::hasRelevantFields (51 bytes)
Event: 15.527 Thread 0x000002677f2793b0 nmethod 12007 0x000002676f874590 code [0x000002676f8747a0, 0x000002676f874f40]

GC Heap History (20 events):
Event: 10.035 GC heap before
{Heap before GC invocations=31 (full 0):
 garbage-first heap   total 201728K, used 171397K [0x0000000080000000, 0x0000000100000000)
  region size 1024K, 47 young (48128K), 6 survivors (6144K)
 Metaspace       used 92825K, committed 94784K, reserved 1179648K
  class space    used 12930K, committed 13888K, reserved 1048576K
}
Event: 10.040 GC heap after
{Heap after GC invocations=32 (full 0):
 garbage-first heap   total 201728K, used 132123K [0x0000000080000000, 0x0000000100000000)
  region size 1024K, 3 young (3072K), 3 survivors (3072K)
 Metaspace       used 92825K, committed 94784K, reserved 1179648K
  class space    used 12930K, committed 13888K, reserved 1048576K
}
Event: 10.572 GC heap before
{Heap before GC invocations=33 (full 0):
 garbage-first heap   total 224256K, used 186395K [0x0000000080000000, 0x0000000100000000)
  region size 1024K, 55 young (56320K), 3 survivors (3072K)
 Metaspace       used 96955K, committed 99008K, reserved 1179648K
  class space    used 13676K, committed 14656K, reserved 1048576K
}
Event: 10.576 GC heap after
{Heap after GC invocations=34 (full 0):
 garbage-first heap   total 224256K, used 133567K [0x0000000080000000, 0x0000000100000000)
  region size 1024K, 4 young (4096K), 4 survivors (4096K)
 Metaspace       used 96955K, committed 99008K, reserved 1179648K
  class space    used 13676K, committed 14656K, reserved 1048576K
}
Event: 11.238 GC heap before
{Heap before GC invocations=34 (full 0):
 garbage-first heap   total 224256K, used 209343K [0x0000000080000000, 0x0000000100000000)
  region size 1024K, 76 young (77824K), 4 survivors (4096K)
 Metaspace       used 104254K, committed 106432K, reserved 1179648K
  class space    used 14735K, committed 15808K, reserved 1048576K
}
Event: 11.246 GC heap after
{Heap after GC invocations=35 (full 0):
 garbage-first heap   total 224256K, used 138882K [0x0000000080000000, 0x0000000100000000)
  region size 1024K, 9 young (9216K), 9 survivors (9216K)
 Metaspace       used 104254K, committed 106432K, reserved 1179648K
  class space    used 14735K, committed 15808K, reserved 1048576K
}
Event: 11.667 GC heap before
{Heap before GC invocations=35 (full 0):
 garbage-first heap   total 224256K, used 202370K [0x0000000080000000, 0x0000000100000000)
  region size 1024K, 71 young (72704K), 9 survivors (9216K)
 Metaspace       used 104291K, committed 106496K, reserved 1179648K
  class space    used 14743K, committed 15808K, reserved 1048576K
}
Event: 11.675 GC heap after
{Heap after GC invocations=36 (full 0):
 garbage-first heap   total 224256K, used 140544K [0x0000000080000000, 0x0000000100000000)
  region size 1024K, 4 young (4096K), 4 survivors (4096K)
 Metaspace       used 104291K, committed 106496K, reserved 1179648K
  class space    used 14743K, committed 15808K, reserved 1048576K
}
Event: 12.050 GC heap before
{Heap before GC invocations=37 (full 0):
 garbage-first heap   total 235520K, used 207104K [0x0000000080000000, 0x0000000100000000)
  region size 1024K, 69 young (70656K), 4 survivors (4096K)
 Metaspace       used 104291K, committed 106496K, reserved 1179648K
  class space    used 14743K, committed 15808K, reserved 1048576K
}
Event: 12.055 GC heap after
{Heap after GC invocations=38 (full 0):
 garbage-first heap   total 235520K, used 142294K [0x0000000080000000, 0x0000000100000000)
  region size 1024K, 6 young (6144K), 6 survivors (6144K)
 Metaspace       used 104291K, committed 106496K, reserved 1179648K
  class space    used 14743K, committed 15808K, reserved 1048576K
}
Event: 12.348 GC heap before
{Heap before GC invocations=38 (full 0):
 garbage-first heap   total 235520K, used 216022K [0x0000000080000000, 0x0000000100000000)
  region size 1024K, 78 young (79872K), 6 survivors (6144K)
 Metaspace       used 104291K, committed 106496K, reserved 1179648K
  class space    used 14743K, committed 15808K, reserved 1048576K
}
Event: 12.354 GC heap after
{Heap after GC invocations=39 (full 0):
 garbage-first heap   total 235520K, used 141875K [0x0000000080000000, 0x0000000100000000)
  region size 1024K, 7 young (7168K), 7 survivors (7168K)
 Metaspace       used 104291K, committed 106496K, reserved 1179648K
  class space    used 14743K, committed 15808K, reserved 1048576K
}
Event: 12.685 GC heap before
{Heap before GC invocations=39 (full 0):
 garbage-first heap   total 235520K, used 215603K [0x0000000080000000, 0x0000000100000000)
  region size 1024K, 79 young (80896K), 7 survivors (7168K)
 Metaspace       used 104291K, committed 106496K, reserved 1179648K
  class space    used 14743K, committed 15808K, reserved 1048576K
}
Event: 12.690 GC heap after
{Heap after GC invocations=40 (full 0):
 garbage-first heap   total 235520K, used 143648K [0x0000000080000000, 0x0000000100000000)
  region size 1024K, 6 young (6144K), 6 survivors (6144K)
 Metaspace       used 104291K, committed 106496K, reserved 1179648K
  class space    used 14743K, committed 15808K, reserved 1048576K
}
Event: 13.559 GC heap before
{Heap before GC invocations=41 (full 0):
 garbage-first heap   total 240640K, used 214304K [0x0000000080000000, 0x0000000100000000)
  region size 1024K, 76 young (77824K), 6 survivors (6144K)
 Metaspace       used 104528K, committed 106688K, reserved 1179648K
  class space    used 14763K, committed 15808K, reserved 1048576K
}
Event: 13.569 GC heap after
{Heap after GC invocations=42 (full 0):
 garbage-first heap   total 240640K, used 145225K [0x0000000080000000, 0x0000000100000000)
  region size 1024K, 6 young (6144K), 6 survivors (6144K)
 Metaspace       used 104528K, committed 106688K, reserved 1179648K
  class space    used 14763K, committed 15808K, reserved 1048576K
}
Event: 14.932 GC heap before
{Heap before GC invocations=42 (full 0):
 garbage-first heap   total 240640K, used 222025K [0x0000000080000000, 0x0000000100000000)
  region size 1024K, 80 young (81920K), 6 survivors (6144K)
 Metaspace       used 112155K, committed 114368K, reserved 1179648K
  class space    used 15791K, committed 16896K, reserved 1048576K
}
Event: 14.939 GC heap after
{Heap after GC invocations=43 (full 0):
 garbage-first heap   total 240640K, used 147381K [0x0000000080000000, 0x0000000100000000)
  region size 1024K, 8 young (8192K), 8 survivors (8192K)
 Metaspace       used 112155K, committed 114368K, reserved 1179648K
  class space    used 15791K, committed 16896K, reserved 1048576K
}
Event: 15.534 GC heap before
{Heap before GC invocations=43 (full 0):
 garbage-first heap   total 240640K, used 199605K [0x0000000080000000, 0x0000000100000000)
  region size 1024K, 61 young (62464K), 8 survivors (8192K)
 Metaspace       used 117018K, committed 119232K, reserved 1179648K
  class space    used 16392K, committed 17472K, reserved 1048576K
}
Event: 15.541 GC heap after
{Heap after GC invocations=44 (full 0):
 garbage-first heap   total 240640K, used 150870K [0x0000000080000000, 0x0000000100000000)
  region size 1024K, 8 young (8192K), 8 survivors (8192K)
 Metaspace       used 117018K, committed 119232K, reserved 1179648K
  class space    used 16392K, committed 17472K, reserved 1048576K
}

Dll operation events (3 events):
Event: 0.008 Loaded shared library C:\android2\jbr\bin\java.dll
Event: 0.011 Loaded shared library C:\android2\jbr\bin\zip.dll
Event: 0.420 Loaded shared library C:\android2\jbr\bin\verify.dll

Deoptimization events (20 events):
Event: 15.320 Thread 0x00000267098dbd00 Uncommon trap: trap_request=0xffffffd6 fr.pc=0x000002677678567c relative=0x000000000000197c
Event: 15.320 Thread 0x00000267098dbd00 Uncommon trap: reason=array_check action=maybe_recompile pc=0x000002677678567c method=java.util.TimSort.reverseRange([Ljava/lang/Object;II)V @ 20 c2
Event: 15.320 Thread 0x00000267098dbd00 DEOPT PACKING pc=0x000002677678567c sp=0x000000b1407f6fa0
Event: 15.320 Thread 0x00000267098dbd00 DEOPT UNPACKING pc=0x0000026775c146a2 sp=0x000000b1407f6de0 mode 2
Event: 15.334 Thread 0x00000267098dbd00 Uncommon trap: trap_request=0xffffffd6 fr.pc=0x000002677678567c relative=0x000000000000197c
Event: 15.334 Thread 0x00000267098dbd00 Uncommon trap: reason=array_check action=maybe_recompile pc=0x000002677678567c method=java.util.TimSort.reverseRange([Ljava/lang/Object;II)V @ 20 c2
Event: 15.334 Thread 0x00000267098dbd00 DEOPT PACKING pc=0x000002677678567c sp=0x000000b1407f6c30
Event: 15.334 Thread 0x00000267098dbd00 DEOPT UNPACKING pc=0x0000026775c146a2 sp=0x000000b1407f6a70 mode 2
Event: 15.365 Thread 0x00000267098dbd00 Uncommon trap: trap_request=0xffffff45 fr.pc=0x00000267761d5938 relative=0x0000000000000478
Event: 15.365 Thread 0x00000267098dbd00 Uncommon trap: reason=unstable_if action=reinterpret pc=0x00000267761d5938 method=java.lang.StringUTF16.compress([CII)[B @ 13 c2
Event: 15.365 Thread 0x00000267098dbd00 DEOPT PACKING pc=0x00000267761d5938 sp=0x000000b1407f8940
Event: 15.365 Thread 0x00000267098dbd00 DEOPT UNPACKING pc=0x0000026775c146a2 sp=0x000000b1407f8828 mode 2
Event: 15.367 Thread 0x00000267098dbd00 Uncommon trap: trap_request=0xffffffd6 fr.pc=0x000002677678567c relative=0x000000000000197c
Event: 15.367 Thread 0x00000267098dbd00 Uncommon trap: reason=array_check action=maybe_recompile pc=0x000002677678567c method=java.util.TimSort.reverseRange([Ljava/lang/Object;II)V @ 20 c2
Event: 15.367 Thread 0x00000267098dbd00 DEOPT PACKING pc=0x000002677678567c sp=0x000000b1407f6d80
Event: 15.367 Thread 0x00000267098dbd00 DEOPT UNPACKING pc=0x0000026775c146a2 sp=0x000000b1407f6bc0 mode 2
Event: 15.544 Thread 0x000002677f232070 Uncommon trap: trap_request=0xffffff45 fr.pc=0x000002677667b2a0 relative=0x0000000000000720
Event: 15.544 Thread 0x000002677f232070 Uncommon trap: reason=unstable_if action=reinterpret pc=0x000002677667b2a0 method=java.lang.ThreadLocal.remove(Ljava/lang/Thread;)V @ 7 c2
Event: 15.544 Thread 0x000002677f232070 DEOPT PACKING pc=0x000002677667b2a0 sp=0x000000b13eefef90
Event: 15.544 Thread 0x000002677f232070 DEOPT UNPACKING pc=0x0000026775c146a2 sp=0x000000b13eefeef0 mode 2

Classes loaded (20 events):
Event: 15.363 Loading class javax/xml/stream/events/Attribute
Event: 15.363 Loading class javax/xml/stream/events/Attribute done
Event: 15.363 Loading class javax/xml/stream/events/Namespace done
Event: 15.363 Loading class com/sun/xml/internal/stream/events/AttributeImpl
Event: 15.363 Loading class com/sun/xml/internal/stream/events/AttributeImpl done
Event: 15.363 Loading class com/sun/xml/internal/stream/events/NamespaceImpl done
Event: 15.363 Loading class com/sun/org/apache/xerces/internal/util/NamespaceSupport$Prefixes
Event: 15.363 Loading class com/sun/org/apache/xerces/internal/util/NamespaceSupport$Prefixes done
Event: 15.364 Loading class com/sun/xml/internal/stream/events/CharacterEvent
Event: 15.364 Loading class javax/xml/stream/events/Characters
Event: 15.364 Loading class javax/xml/stream/events/Characters done
Event: 15.364 Loading class com/sun/xml/internal/stream/events/CharacterEvent done
Event: 15.364 Loading class com/sun/xml/internal/stream/events/CommentEvent
Event: 15.364 Loading class javax/xml/stream/events/Comment
Event: 15.364 Loading class javax/xml/stream/events/Comment done
Event: 15.364 Loading class com/sun/xml/internal/stream/events/CommentEvent done
Event: 15.364 Loading class com/sun/xml/internal/stream/events/EndElementEvent
Event: 15.364 Loading class javax/xml/stream/events/EndElement
Event: 15.364 Loading class javax/xml/stream/events/EndElement done
Event: 15.364 Loading class com/sun/xml/internal/stream/events/EndElementEvent done

Classes unloaded (0 events):
No events

Classes redefined (0 events):
No events

Internal exceptions (20 events):
Event: 13.773 Thread 0x00000267098dbd00 Exception <a 'java/lang/ClassNotFoundException'{0x000000008dc08640}: org/gradle/api/internal/plugins/NaggingBasePluginConventionBeanInfo> (0x000000008dc08640) 
thrown [s\src\hotspot\share\classfile\systemDictionary.cpp, line 312]
Event: 13.773 Thread 0x00000267098dbd00 Exception <a 'java/lang/ClassNotFoundException'{0x000000008dc14050}: org/gradle/api/plugins/BasePluginConventionBeanInfo> (0x000000008dc14050) 
thrown [s\src\hotspot\share\classfile\systemDictionary.cpp, line 312]
Event: 13.774 Thread 0x00000267098dbd00 Exception <a 'java/lang/ClassNotFoundException'{0x000000008dc1fa28}: org/gradle/api/plugins/BasePluginConventionCustomizer> (0x000000008dc1fa28) 
thrown [s\src\hotspot\share\classfile\systemDictionary.cpp, line 312]
Event: 13.776 Thread 0x00000267098dbd00 Exception <a 'java/lang/ClassNotFoundException'{0x000000008dc37538}: org/gradle/api/internal/plugins/NaggingBasePluginConventionCustomizer> (0x000000008dc37538) 
thrown [s\src\hotspot\share\classfile\systemDictionary.cpp, line 312]
Event: 13.782 Thread 0x00000267098dbd00 Exception <a 'java/lang/ClassNotFoundException'{0x000000008dc73940}: org/gradle/api/plugins/internal/NaggingJavaPluginConventionBeanInfo> (0x000000008dc73940) 
thrown [s\src\hotspot\share\classfile\systemDictionary.cpp, line 312]
Event: 13.782 Thread 0x00000267098dbd00 Exception <a 'java/lang/ClassNotFoundException'{0x000000008dc7f5c0}: org/gradle/api/plugins/JavaPluginConventionBeanInfo> (0x000000008dc7f5c0) 
thrown [s\src\hotspot\share\classfile\systemDictionary.cpp, line 312]
Event: 13.782 Thread 0x00000267098dbd00 Exception <a 'java/lang/ClassNotFoundException'{0x000000008dc8af98}: org/gradle/api/plugins/JavaPluginConventionCustomizer> (0x000000008dc8af98) 
thrown [s\src\hotspot\share\classfile\systemDictionary.cpp, line 312]
Event: 13.783 Thread 0x00000267098dbd00 Exception <a 'java/lang/ClassNotFoundException'{0x000000008dcac548}: org/gradle/api/plugins/internal/NaggingJavaPluginConventionCustomizer> (0x000000008dcac548) 
thrown [s\src\hotspot\share\classfile\systemDictionary.cpp, line 312]
Event: 13.816 Thread 0x000002670a7872e0 Exception <a 'java/lang/NoSuchMethodError'{0x000000008d7c8808}: static Lorg/jetbrains/plugins/gradle/tooling/serialization/internal/adapter/kotlin/dsl/InternalKotlinDslScriptsModel;.<clinit>()V> (0x000000008d7c8808) 
thrown [s\src\hotspot\share\prims\jni.cpp, line 1144]
Event: 13.817 Thread 0x000002670a7872e0 Exception <a 'java/lang/NoSuchMethodError'{0x000000008d6042f0}: static Lorg/jetbrains/plugins/gradle/tooling/serialization/internal/adapter/kotlin/dsl/InternalKotlinDslScriptModel;.<clinit>()V> (0x000000008d6042f0) 
thrown [s\src\hotspot\share\prims\jni.cpp, line 1144]
Event: 13.917 Thread 0x000002670a7872e0 Exception <a 'java/lang/NoSuchMethodError'{0x000000008d659d10}: static Lcom/intellij/gradle/toolingExtension/impl/javaModel/manifestModel/DefaultJavaGradleManifestModel;.<clinit>()V> (0x000000008d659d10) 
thrown [s\src\hotspot\share\prims\jni.cpp, line 1144]
Event: 13.935 Thread 0x000002670a7872e0 Exception <a 'java/lang/NoSuchMethodError'{0x000000008d4429e8}: static Lcom/intellij/gradle/toolingExtension/impl/model/repositoryModel/DefaultProjectRepositoriesModel;.<clinit>()V> (0x000000008d4429e8) 
thrown [s\src\hotspot\share\prims\jni.cpp, line 1144]
Event: 14.188 Thread 0x00000267098dbd00 Exception <a 'java/lang/NoSuchMethodError'{0x000000008caef838}: 'void java.lang.invoke.DirectMethodHandle$Holder.invokeStatic(java.lang.Object, int, java.lang.Object)'> (0x000000008caef838) 
thrown [s\src\hotspot\share\interpreter\linkResolver.cpp, line 784]
Event: 14.585 Thread 0x00000267098dbd00 Exception <a 'sun/nio/fs/WindowsException'{0x000000008bc14da0}> (0x000000008bc14da0) 
thrown [s\src\hotspot\share\prims\jni.cpp, line 537]
Event: 14.585 Thread 0x00000267098dbd00 Exception <a 'sun/nio/fs/WindowsException'{0x000000008bc16470}> (0x000000008bc16470) 
thrown [s\src\hotspot\share\prims\jni.cpp, line 537]
Event: 14.585 Thread 0x00000267098dbd00 Exception <a 'sun/nio/fs/WindowsException'{0x000000008bc17b90}> (0x000000008bc17b90) 
thrown [s\src\hotspot\share\prims\jni.cpp, line 537]
Event: 14.585 Thread 0x00000267098dbd00 Exception <a 'sun/nio/fs/WindowsException'{0x000000008bc192b0}> (0x000000008bc192b0) 
thrown [s\src\hotspot\share\prims\jni.cpp, line 537]
Event: 14.689 Thread 0x00000267098dbd00 Exception <a 'java/lang/NullPointerException'{0x000000008b02c238}> (0x000000008b02c238) 
thrown [s\src\hotspot\share\interpreter\linkResolver.cpp, line 1471]
Event: 15.073 Thread 0x00000267098dbd00 Implicit null exception at 0x0000026776233e28 to 0x0000026776235a98
Event: 15.544 Thread 0x000002677f232070 Implicit null exception at 0x000002677667abc8 to 0x000002677667b290

ZGC Phase Switch (0 events):
No events

VM Operations (20 events):
Event: 14.053 Executing VM operation: HandshakeAllThreads (Deoptimize) done
Event: 14.586 Executing VM operation: ICBufferFull
Event: 14.586 Executing VM operation: ICBufferFull done
Event: 14.655 Executing VM operation: HandshakeAllThreads (Deoptimize)
Event: 14.656 Executing VM operation: HandshakeAllThreads (Deoptimize) done
Event: 14.919 Executing VM operation: HandshakeAllThreads (Deoptimize)
Event: 14.919 Executing VM operation: HandshakeAllThreads (Deoptimize) done
Event: 14.932 Executing VM operation: G1CollectForAllocation (G1 Evacuation Pause)
Event: 14.939 Executing VM operation: G1CollectForAllocation (G1 Evacuation Pause) done
Event: 14.963 Executing VM operation: HandshakeAllThreads (Deoptimize)
Event: 14.963 Executing VM operation: HandshakeAllThreads (Deoptimize) done
Event: 14.998 Executing VM operation: HandshakeAllThreads (Deoptimize)
Event: 14.999 Executing VM operation: HandshakeAllThreads (Deoptimize) done
Event: 15.035 Executing VM operation: HandshakeAllThreads (Deoptimize)
Event: 15.035 Executing VM operation: HandshakeAllThreads (Deoptimize) done
Event: 15.158 Executing VM operation: ICBufferFull
Event: 15.158 Executing VM operation: ICBufferFull done
Event: 15.534 Executing VM operation: G1TryInitiateConcMark (G1 Humongous Allocation)
Event: 15.541 Executing VM operation: G1TryInitiateConcMark (G1 Humongous Allocation) done
Event: 15.578 Executing VM operation: G1PauseRemark

Memory protections (0 events):
No events

Nmethod flushes (20 events):
Event: 15.582 Thread 0x000002677f1bb090 flushing  nmethod 0x000002676f45d690
Event: 15.582 Thread 0x000002677f1bb090 flushing osr nmethod 0x0000026776614790
Event: 15.582 Thread 0x000002677f1bb090 flushing  nmethod 0x000002676e6d8c90
Event: 15.582 Thread 0x000002677f1bb090 flushing  nmethod 0x000002676e75c990
Event: 15.582 Thread 0x000002677f1bb090 flushing  nmethod 0x000002676e88c110
Event: 15.582 Thread 0x000002677f1bb090 flushing  nmethod 0x000002676ed81b90
Event: 15.582 Thread 0x000002677f1bb090 flushing  nmethod 0x000002676ef5fe10
Event: 15.582 Thread 0x000002677f1bb090 flushing  nmethod 0x000002676efa5510
Event: 15.582 Thread 0x000002677f1bb090 flushing  nmethod 0x000002676eff0310
Event: 15.582 Thread 0x000002677f1bb090 flushing  nmethod 0x000002676f00d290
Event: 15.582 Thread 0x000002677f1bb090 flushing  nmethod 0x000002676f00e010
Event: 15.582 Thread 0x000002677f1bb090 flushing  nmethod 0x000002676f014310
Event: 15.582 Thread 0x000002677f1bb090 flushing  nmethod 0x000002676f06f790
Event: 15.582 Thread 0x000002677f1bb090 flushing  nmethod 0x000002676f0f5110
Event: 15.582 Thread 0x000002677f1bb090 flushing  nmethod 0x000002676f115090
Event: 15.582 Thread 0x000002677f1bb090 flushing  nmethod 0x000002676f2e3410
Event: 15.582 Thread 0x000002677f1bb090 flushing  nmethod 0x000002676f338410
Event: 15.582 Thread 0x000002677f1bb090 flushing  nmethod 0x000002676f341810
Event: 15.582 Thread 0x000002677f1bb090 flushing  nmethod 0x000002676f468e90
Event: 15.582 Thread 0x000002677f1bb090 flushing  nmethod 0x000002676f625e90

Events (20 events):
Event: 10.996 Thread 0x000002670ae2e760 Thread added: 0x000002670ae301a0
Event: 10.996 Thread 0x000002670ae2e760 Thread added: 0x000002670ae30ec0
Event: 10.996 Thread 0x000002670ae2e760 Thread added: 0x000002670adbbbf0
Event: 10.996 Thread 0x000002670ae2e760 Thread added: 0x000002670adb9b20
Event: 10.996 Thread 0x000002670ae2e760 Thread added: 0x000002670adbb560
Event: 10.996 Thread 0x000002670ae2e760 Thread added: 0x000002670a7865c0
Event: 10.996 Thread 0x000002670ae2e760 Thread added: 0x000002670a786c50
Event: 10.996 Thread 0x000002670ae2e760 Thread added: 0x000002670a788d20
Event: 10.996 Thread 0x000002670ae2e760 Thread added: 0x000002670a78a760
Event: 11.011 Thread 0x000002670ae2edf0 Thread added: 0x000002670a788000
Event: 11.075 Thread 0x00000267098dbd00 Thread added: 0x000002670a7872e0
Event: 11.182 Thread 0x00000267098dbd00 Thread added: 0x000002670a78adf0
Event: 12.500 Thread 0x000002670d82fe70 Thread exited: 0x000002670d82fe70
Event: 12.631 Thread 0x000002677f268360 Thread added: 0x000002670eb7c7c0
Event: 12.971 Thread 0x000002670eb7c7c0 Thread exited: 0x000002670eb7c7c0
Event: 13.734 Thread 0x000002677f268360 Thread added: 0x000002670eb7c7c0
Event: 14.252 Thread 0x000002670eb7c7c0 Thread exited: 0x000002670eb7c7c0
Event: 14.771 Thread 0x000002677f2793b0 Thread added: 0x000002670eb7d560
Event: 15.170 Thread 0x00000267098dbd00 Thread added: 0x000002670a78bb10
Event: 15.321 Thread 0x00000267098dbd00 Thread added: 0x000002670a78a0d0


Dynamic libraries:
0x00007ff6adfd0000 - 0x00007ff6adfda000 	C:\android2\jbr\bin\java.exe
0x00007ffcdaec0000 - 0x00007ffcdb127000 	C:\WINDOWS\SYSTEM32\ntdll.dll
0x00007ffcd9eb0000 - 0x00007ffcd9f79000 	C:\WINDOWS\System32\KERNEL32.DLL
0x00007ffcd7db0000 - 0x00007ffcd81a4000 	C:\WINDOWS\System32\KERNELBASE.dll
0x00007ffcd7bb0000 - 0x00007ffcd7cfb000 	C:\WINDOWS\System32\ucrtbase.dll
0x00007ffcd28c0000 - 0x00007ffcd28db000 	C:\android2\jbr\bin\VCRUNTIME140.dll
0x00007ffcc6940000 - 0x00007ffcc6958000 	C:\android2\jbr\bin\jli.dll
0x00007ffcd9be0000 - 0x00007ffcd9da5000 	C:\WINDOWS\System32\USER32.dll
0x00007ffcb99d0000 - 0x00007ffcb9c63000 	C:\WINDOWS\WinSxS\amd64_microsoft.windows.common-controls_6595b64144ccf1df_6.0.26100.8115_none_3e075c82e3354f9c\COMCTL32.dll
0x00007ffcd7790000 - 0x00007ffcd77b7000 	C:\WINDOWS\System32\win32u.dll
0x00007ffcda040000 - 0x00007ffcda0e9000 	C:\WINDOWS\System32\msvcrt.dll
0x00007ffcda310000 - 0x00007ffcda33b000 	C:\WINDOWS\System32\GDI32.dll
0x00007ffcd7880000 - 0x00007ffcd79ab000 	C:\WINDOWS\System32\gdi32full.dll
0x00007ffcd7d00000 - 0x00007ffcd7da3000 	C:\WINDOWS\System32\msvcp_win.dll
0x00007ffcd9e70000 - 0x00007ffcd9ea2000 	C:\WINDOWS\System32\IMM32.DLL
0x00007ffcd2df0000 - 0x00007ffcd2dfc000 	C:\android2\jbr\bin\vcruntime140_1.dll
0x00007ffc9efc0000 - 0x00007ffc9f04d000 	C:\android2\jbr\bin\msvcp140.dll
0x00007ffc5d740000 - 0x00007ffc5e3d6000 	C:\android2\jbr\bin\server\jvm.dll
0x00007ffcd9db0000 - 0x00007ffcd9e66000 	C:\WINDOWS\System32\ADVAPI32.dll
0x00007ffcd9f80000 - 0x00007ffcda027000 	C:\WINDOWS\System32\sechost.dll
0x00007ffcda1f0000 - 0x00007ffcda308000 	C:\WINDOWS\System32\RPCRT4.dll
0x00007ffcd9760000 - 0x00007ffcd97e0000 	C:\WINDOWS\System32\WS2_32.dll
0x00007ffcd7610000 - 0x00007ffcd766e000 	C:\WINDOWS\SYSTEM32\POWRPROF.dll
0x00007ffccf880000 - 0x00007ffccf8b6000 	C:\WINDOWS\SYSTEM32\WINMM.dll
0x00007ffcb8630000 - 0x00007ffcb863b000 	C:\WINDOWS\SYSTEM32\VERSION.dll
0x00007ffcd75f0000 - 0x00007ffcd7604000 	C:\WINDOWS\SYSTEM32\UMPDC.dll
0x00007ffcd6520000 - 0x00007ffcd653b000 	C:\WINDOWS\SYSTEM32\kernel.appcore.dll
0x00007ffcd2a80000 - 0x00007ffcd2a8a000 	C:\android2\jbr\bin\jimage.dll
0x00007ffcd5730000 - 0x00007ffcd5972000 	C:\WINDOWS\SYSTEM32\DBGHELP.DLL
0x00007ffcd93d0000 - 0x00007ffcd9752000 	C:\WINDOWS\System32\combase.dll
0x00007ffcd9a90000 - 0x00007ffcd9b68000 	C:\WINDOWS\System32\OLEAUT32.dll
0x00007ffcb7310000 - 0x00007ffcb734b000 	C:\WINDOWS\SYSTEM32\dbgcore.DLL
0x00007ffcd81b0000 - 0x00007ffcd8255000 	C:\WINDOWS\System32\bcryptPrimitives.dll
0x00007ffcc6900000 - 0x00007ffcc690e000 	C:\android2\jbr\bin\instrument.dll
0x00007ffcd2870000 - 0x00007ffcd2890000 	C:\android2\jbr\bin\java.dll
0x00007ffcc9530000 - 0x00007ffcc9548000 	C:\android2\jbr\bin\zip.dll
0x00007ffcd8c50000 - 0x00007ffcd93b7000 	C:\WINDOWS\System32\SHELL32.dll
0x00007ffcd7a40000 - 0x00007ffcd7baa000 	C:\WINDOWS\System32\wintypes.dll
0x00007ffcd8260000 - 0x00007ffcd8ac8000 	C:\WINDOWS\System32\windows.storage.dll
0x00007ffcda0f0000 - 0x00007ffcda1e8000 	C:\WINDOWS\System32\SHCORE.dll
0x00007ffcd9b70000 - 0x00007ffcd9bd6000 	C:\WINDOWS\System32\shlwapi.dll
0x00007ffcd76b0000 - 0x00007ffcd76d9000 	C:\WINDOWS\SYSTEM32\profapi.dll
0x00007ffcc6bb0000 - 0x00007ffcc6bc0000 	C:\android2\jbr\bin\net.dll
0x00007ffcd1ac0000 - 0x00007ffcd1bed000 	C:\WINDOWS\SYSTEM32\WINHTTP.dll
0x00007ffcd6a90000 - 0x00007ffcd6afc000 	C:\WINDOWS\system32\mswsock.dll
0x00007ffcc65d0000 - 0x00007ffcc65e6000 	C:\android2\jbr\bin\nio.dll
0x00007ffcc5a00000 - 0x00007ffcc5a10000 	C:\android2\jbr\bin\verify.dll
0x00007ffcc3480000 - 0x00007ffcc34a7000 	C:\Users\Mica\.gradle\native\1def1411415f61bf3af743bc5b6707747c0891f09f0c88961ee8f79bc544acac\windows-amd64\native-platform.dll
0x00007ffcc41c0000 - 0x00007ffcc4238000 	C:\Users\Mica\.gradle\native\0.2.7\x86_64-windows-gnu\gradle-fileevents.dll
0x00007ffcc6690000 - 0x00007ffcc6699000 	C:\android2\jbr\bin\management.dll
0x00007ffcc65c0000 - 0x00007ffcc65cb000 	C:\android2\jbr\bin\management_ext.dll
0x00007ffcda030000 - 0x00007ffcda038000 	C:\WINDOWS\System32\PSAPI.DLL
0x00007ffcd5ee0000 - 0x00007ffcd5f12000 	C:\WINDOWS\SYSTEM32\IPHLPAPI.DLL
0x00007ffcda5a0000 - 0x00007ffcda5aa000 	C:\WINDOWS\System32\NSI.dll
0x00007ffcc68e0000 - 0x00007ffcc68e9000 	C:\android2\jbr\bin\extnet.dll
0x00007ffcd6d70000 - 0x00007ffcd6d8b000 	C:\WINDOWS\SYSTEM32\CRYPTSP.dll
0x00007ffcd6480000 - 0x00007ffcd64b9000 	C:\WINDOWS\system32\rsaenh.dll
0x00007ffcd6b40000 - 0x00007ffcd6b73000 	C:\WINDOWS\SYSTEM32\USERENV.dll
0x00007ffcd7680000 - 0x00007ffcd76aa000 	C:\WINDOWS\SYSTEM32\bcrypt.dll
0x00007ffcd6d90000 - 0x00007ffcd6d9c000 	C:\WINDOWS\SYSTEM32\CRYPTBASE.dll
0x00007ffc98490000 - 0x00007ffc98498000 	C:\WINDOWS\system32\wshunix.dll

JVMTI agents:
C:\Users\Mica\.gradle\wrapper\dists\gradle-8.13-bin\5xuhj0ry160q40clulazy9h7d\gradle-8.13\lib\agents\gradle-instrumentation-agent-8.13.jar path:C:\android2\jbr\bin\instrument.dll, loaded, initialized, instrumentlib options:none

dbghelp: loaded successfully - version: 4.0.5 - missing functions: none
symbol engine: initialized successfully - sym options: 0x614 - pdb path: .;C:\android2\jbr\bin;C:\WINDOWS\SYSTEM32;C:\WINDOWS\WinSxS\amd64_microsoft.windows.common-controls_6595b64144ccf1df_6.0.26100.8115_none_3e075c82e3354f9c;C:\android2\jbr\bin\server;C:\Users\Mica\.gradle\native\1def1411415f61bf3af743bc5b6707747c0891f09f0c88961ee8f79bc544acac\windows-amd64;C:\Users\Mica\.gradle\native\0.2.7\x86_64-windows-gnu

VM Arguments:
jvm_args: --add-opens=java.base/java.lang=ALL-UNNAMED --add-opens=java.base/java.lang.invoke=ALL-UNNAMED --add-opens=java.base/java.util=ALL-UNNAMED --add-opens=java.prefs/java.util.prefs=ALL-UNNAMED --add-exports=jdk.compiler/com.sun.tools.javac.api=ALL-UNNAMED --add-exports=jdk.compiler/com.sun.tools.javac.util=ALL-UNNAMED --add-opens=java.base/java.util=ALL-UNNAMED --add-opens=java.prefs/java.util.prefs=ALL-UNNAMED --add-opens=java.base/java.nio.charset=ALL-UNNAMED --add-opens=java.base/java.net=ALL-UNNAMED --add-opens=java.base/java.util.concurrent.atomic=ALL-UNNAMED --add-opens=java.xml/javax.xml.namespace=ALL-UNNAMED -Xmx2048m -Dfile.encoding=UTF-8 -Duser.country=PH -Duser.language=en -Duser.variant -javaagent:C:\Users\Mica\.gradle\wrapper\dists\gradle-8.13-bin\5xuhj0ry160q40clulazy9h7d\gradle-8.13\lib\agents\gradle-instrumentation-agent-8.13.jar 
java_command: org.gradle.launcher.daemon.bootstrap.GradleDaemon 8.13
java_class_path (initial): C:\Users\Mica\.gradle\wrapper\dists\gradle-8.13-bin\5xuhj0ry160q40clulazy9h7d\gradle-8.13\lib\gradle-daemon-main-8.13.jar
Launcher Type: SUN_STANDARD

[Global flags]
     intx CICompilerCount                          = 4                                         {product} {ergonomic}
     uint ConcGCThreads                            = 3                                         {product} {ergonomic}
     uint G1ConcRefinementThreads                  = 10                                        {product} {ergonomic}
   size_t G1HeapRegionSize                         = 1048576                                   {product} {ergonomic}
    uintx GCDrainStackTargetSize                   = 64                                        {product} {ergonomic}
   size_t InitialHeapSize                          = 130023424                                 {product} {ergonomic}
   size_t MarkStackSize                            = 4194304                                   {product} {ergonomic}
   size_t MaxHeapSize                              = 2147483648                                {product} {command line}
   size_t MaxNewSize                               = 1287651328                                {product} {ergonomic}
   size_t MinHeapDeltaBytes                        = 1048576                                   {product} {ergonomic}
   size_t MinHeapSize                              = 8388608                                   {product} {ergonomic}
    uintx NonNMethodCodeHeapSize                   = 5839372                                {pd product} {ergonomic}
    uintx NonProfiledCodeHeapSize                  = 122909434                              {pd product} {ergonomic}
    uintx ProfiledCodeHeapSize                     = 122909434                              {pd product} {ergonomic}
    uintx ReservedCodeCacheSize                    = 251658240                              {pd product} {ergonomic}
     bool SegmentedCodeCache                       = true                                      {product} {ergonomic}
   size_t SoftMaxHeapSize                          = 2147483648                             {manageable} {ergonomic}
     bool UseCompressedOops                        = true                           {product lp64_product} {ergonomic}
     bool UseG1GC                                  = true                                      {product} {ergonomic}
     bool UseLargePagesIndividualAllocation        = false                                  {pd product} {ergonomic}

Logging:
Log output configuration:
 #0: stdout all=warning uptime,level,tags foldmultilines=false
 #1: stderr all=off uptime,level,tags foldmultilines=false

Environment Variables:
PATH=C:\WINDOWS\system32;C:\WINDOWS;C:\WINDOWS\System32\Wbem;C:\WINDOWS\System32\WindowsPowerShell\v1.0\;C:\WINDOWS\System32\OpenSSH\;C:\MinGW\bin;C:\Program Files\Java;C:\Program Files\Java\jdk1.8.0_351\bin;C:\MinGW;C:\jdk-25_windows-x64_bin;C:\Program Files\Git\cmd;C:\Program Files\MySQL\MySQL Shell 8.0\bin\;C:\Users\Mica\AppData\Local\Microsoft\WindowsApps;C:\Users\Mica\AppData\Local\Programs\Microsoft VS Code\bin;C:\MinGW;C:\jdk-25_windows-x64_bin\jdk-25
USERNAME=Mica
OS=Windows_NT
PROCESSOR_IDENTIFIER=Intel64 Family 6 Model 186 Stepping 3, GenuineIntel
TMP=C:\Users\Mica\AppData\Local\Temp
TEMP=C:\Users\Mica\AppData\Local\Temp




Periodic native trim disabled

JNI global refs:
JNI global refs: 27, weak refs: 0

JNI global refs memory usage: 835, weak refs: 201

Process memory usage:
Resident Set Size: 527788K (6% of 8069112K total physical memory with 670824K free physical memory)

OOME stack traces (most recent first):
Classloader memory used:
Loader org.gradle.internal.classloader.VisitableURLClassLoader                         : 42579K
Loader bootstrap                                                                       : 28090K
Loader org.gradle.internal.classloader.VisitableURLClassLoader$InstrumentingVisitableURLClassLoader: 26385K
Loader org.gradle.initialization.MixInLegacyTypesClassLoader                           : 13519K
Loader org.gradle.internal.classloader.VisitableURLClassLoader                         : 6046K
Loader jdk.internal.loader.ClassLoaders$PlatformClassLoader                            : 513K
Loader jdk.internal.reflect.DelegatingClassLoader                                      : 439K
Loader jdk.internal.loader.ClassLoaders$AppClassLoader                                 : 235K
Loader org.gradle.groovy.scripts.internal.DefaultScriptCompilationHandler$ScriptClassLoader: 92768B
Loader org.codehaus.groovy.runtime.callsite.CallSiteClassLoader                        : 49912B

Classes loaded by more than one classloader:
Class Program                                                                         : loaded 5 times (x 72B)
Class com.google.common.collect.ImmutableList$SubList                                 : loaded 3 times (x 209B)
Class com.google.common.collect.ImmutableSet$SetBuilderImpl                           : loaded 3 times (x 76B)
Class com.google.common.collect.ImmutableList                                         : loaded 3 times (x 206B)
Class Build_gradle                                                                    : loaded 3 times (x 130B)
Class com.google.common.base.Joiner$2                                                 : loaded 3 times (x 79B)
Class com.google.common.collect.PeekingIterator                                       : loaded 3 times (x 70B)
Class com.google.common.base.Joiner$1                                                 : loaded 3 times (x 80B)
Class com.google.common.base.Preconditions                                            : loaded 3 times (x 71B)
Class com.google.common.collect.ImmutableSet$RegularSetBuilderImpl                    : loaded 3 times (x 77B)
Class org.gradle.internal.IoActions                                                   : loaded 3 times (x 71B)
Class org.gradle.api.GradleException                                                  : loaded 3 times (x 82B)
Class com.google.common.base.Predicate                                                : loaded 3 times (x 70B)
Class org.gradle.api.Action                                                           : loaded 3 times (x 70B)
Class org.gradle.internal.Cast                                                        : loaded 3 times (x 71B)
Class com.google.common.collect.ImmutableSet                                          : loaded 3 times (x 145B)
Class Build_gradle$1                                                                  : loaded 3 times (x 74B)
Class com.google.common.collect.RegularImmutableList                                  : loaded 3 times (x 213B)
Class com.google.common.base.Function                                                 : loaded 3 times (x 70B)
Class com.google.common.collect.Iterators$MergingIterator                             : loaded 3 times (x 81B)
Class com.google.common.collect.ImmutableAsList                                       : loaded 3 times (x 209B)
Class com.google.common.collect.Iterators$9                                           : loaded 3 times (x 81B)
Class com.google.common.collect.ImmutableList$1                                       : loaded 3 times (x 97B)
Class com.google.common.collect.ImmutableSet$CachingAsList                            : loaded 3 times (x 148B)
Class com.google.common.collect.Lists                                                 : loaded 3 times (x 71B)
Class com.google.common.collect.ImmutableCollection                                   : loaded 3 times (x 125B)
Class com.google.common.collect.Iterators$5                                           : loaded 3 times (x 82B)
Class com.google.common.collect.Iterators$4                                           : loaded 3 times (x 82B)
Class com.google.common.collect.SingletonImmutableSet                                 : loaded 3 times (x 146B)
Class com.google.common.collect.Iterators$1                                           : loaded 3 times (x 81B)
Class com.google.common.collect.ImmutableList$ReverseImmutableList                    : loaded 3 times (x 209B)
Class org.gradle.api.UncheckedIOException                                             : loaded 3 times (x 82B)
Class com.google.common.collect.SingletonImmutableList                                : loaded 3 times (x 207B)
Class com.google.common.collect.RegularImmutableSet                                   : loaded 3 times (x 149B)
Class com.google.common.collect.AbstractIndexedListIterator                           : loaded 3 times (x 96B)
Class com.google.common.collect.AbstractIterator                                      : loaded 3 times (x 82B)
Class com.google.common.collect.Lists$StringAsImmutableList                           : loaded 3 times (x 207B)
Class com.google.common.collect.Iterators                                             : loaded 3 times (x 71B)
Class com.google.common.collect.UnmodifiableListIterator                              : loaded 3 times (x 95B)
Class com.google.common.collect.RegularImmutableAsList                                : loaded 3 times (x 217B)
Class com.google.common.collect.ImmutableList$Builder                                 : loaded 3 times (x 77B)
Class com.google.common.collect.UnmodifiableIterator                                  : loaded 3 times (x 80B)
Class com.google.common.base.Joiner                                                   : loaded 3 times (x 79B)
Class com.google.common.collect.ImmutableCollection$Builder                           : loaded 3 times (x 76B)
Class com.google.common.collect.Iterators$ArrayItr                                    : loaded 3 times (x 97B)
Class com.google.common.base.Suppliers                                                : loaded 2 times (x 71B)
Class org.jetbrains.kotlin.idea.gradleTooling.AndroidAwareGradleModelProvider$Companion: loaded 2 times (x 71B)
Class com.intellij.util.containers.IntObjectHashMap$ArrayProducer                     : loaded 2 times (x 70B)
Class org.gradle.internal.classloader.DefaultClassLoaderFactory                       : loaded 2 times (x 82B)
Class com.google.common.collect.ReverseNaturalOrdering                                : loaded 2 times (x 114B)
Class kotlin.text.MatcherMatchResult$groupValues$1                                    : loaded 2 times (x 198B)
Class kotlin.sequences.SequencesKt___SequencesKt                                      : loaded 2 times (x 71B)
Class kotlin.collections.AbstractList$Companion                                       : loaded 2 times (x 71B)
Class org.gradle.internal.classloader.ClassLoaderVisitor                              : loaded 2 times (x 76B)
Class [Lcom.google.common.collect.ImmutableMapEntry;                                  : loaded 2 times (x 69B)
Class [Lcom.android.ide.common.repository.AgpVersion$PreviewKind;                     : loaded 2 times (x 69B)
Class org.jetbrains.plugins.gradle.tooling.serialization.internal.IdeaProjectSerializationService: loaded 2 times (x 77B)
Class ijInit6_9uyb1y69h3ts3v3d7j083br7f                                               : loaded 2 times (x 179B)
Class com.google.common.collect.Ordering                                              : loaded 2 times (x 114B)
Class kotlin.sequences.SequencesKt___SequencesKt$flatMap$2                            : loaded 2 times (x 125B)
Class org.gradle.api.internal.classpath.EffectiveClassPath                            : loaded 2 times (x 90B)
Class com.android.builder.model.v2.models.AndroidDsl                                  : loaded 2 times (x 70B)
Class com.google.common.collect.ListMultimap                                          : loaded 2 times (x 70B)
Class com.google.common.collect.ImmutableEnumMap                                      : loaded 2 times (x 126B)
Class kotlin.text.StringsKt__AppendableKt                                             : loaded 2 times (x 71B)
Class com.google.common.collect.ImmutableRangeSet                                     : loaded 2 times (x 115B)
Class org.gradle.tooling.internal.gradle.DefaultProjectIdentifier                     : loaded 2 times (x 86B)
Class com.google.common.collect.Sets$1                                                : loaded 2 times (x 139B)
Class org.objectweb.asm.AnnotationVisitor                                             : loaded 2 times (x 78B)
Class com.intellij.gradle.toolingExtension.impl.model.buildScriptClasspathModel.GradleBuildScriptClasspathSerializationService$ReadContext: loaded 2 times (x 72B)
Class org.gradle.internal.impldep.gnu.trove.TObjectIntHashMap                         : loaded 2 times (x 109B)
Class com.google.common.collect.ComparatorOrdering                                    : loaded 2 times (x 115B)
Class org.gradle.api.internal.DefaultClassPathProvider                                : loaded 2 times (x 76B)
Class com.android.builder.model.v2.models.BasicAndroidProject                         : loaded 2 times (x 70B)
Class com.google.common.collect.Sets$2                                                : loaded 2 times (x 139B)
Class kotlin.text.StringsKt__StringNumberConversionsJVMKt                             : loaded 2 times (x 71B)
Class com.google.common.collect.NaturalOrdering                                       : loaded 2 times (x 115B)
Class kotlin.text.MatchResult                                                         : loaded 2 times (x 70B)
Class kotlin.sequences.SequenceScope                                                  : loaded 2 times (x 73B)
Class kotlin.sequences.Sequence                                                       : loaded 2 times (x 70B)
Class org.gradle.tooling.ToolingModelContract                                         : loaded 2 times (x 70B)
Class [Lorg.gradle.api.internal.ClassPathProvider;                                    : loaded 2 times (x 69B)
Class org.gradle.api.internal.ClassPathProvider                                       : loaded 2 times (x 70B)
Class [Lorg.objectweb.asm.AnnotationVisitor;                                          : loaded 2 times (x 69B)
Class com.google.common.collect.Sets$3                                                : loaded 2 times (x 139B)
Class com.google.common.util.concurrent.AbstractFuture$SafeAtomicHelper               : loaded 2 times (x 79B)
Class com.google.common.cache.LocalCache$LocalLoadingCache                            : loaded 2 times (x 134B)
Class org.gradle.internal.impldep.gnu.trove.TObjectHash$NULL                          : loaded 2 times (x 71B)
Class kotlin.collections.CollectionsKt___CollectionsKt$asSequence$$inlined$Sequence$1 : loaded 2 times (x 75B)
Class org.gradle.internal.service.UnknownServiceException                             : loaded 2 times (x 83B)
Class com.google.common.collect.Sets$4                                                : loaded 2 times (x 139B)
Class org.objectweb.asm.ModuleVisitor                                                 : loaded 2 times (x 81B)
Class com.google.common.cache.LocalCache$Strength$1                                   : loaded 2 times (x 81B)
Class org.jetbrains.kotlin.idea.gradleTooling.model.kapt.KaptGradleModel              : loaded 2 times (x 70B)
Class org.jetbrains.kotlin.idea.gradleTooling.KotlinDslScriptAdditionalTask           : loaded 2 times (x 70B)
Class org.jetbrains.plugins.gradle.model.ClasspathEntryModel                          : loaded 2 times (x 70B)
Class com.google.common.util.concurrent.SettableFuture                                : loaded 2 times (x 114B)
Class com.google.common.cache.LocalCache$Strength$2                                   : loaded 2 times (x 81B)
Class org.jetbrains.plugins.gradle.tooling.serialization.GradleExtensionsSerializationService: loaded 2 times (x 77B)
Class org.gradle.api.JavaVersion                                                      : loaded 2 times (x 79B)
Class org.gradle.tooling.model.Dependency                                             : loaded 2 times (x 70B)
Class com.android.builder.model.v2.ide.AbstractArtifact                               : loaded 2 times (x 70B)
Class com.google.common.cache.LocalCache$Strength$3                                   : loaded 2 times (x 81B)
Class com.google.common.collect.MapDifference                                         : loaded 2 times (x 70B)
Class com.intellij.openapi.externalSystem.model.project.dependencies.ResolutionState  : loaded 2 times (x 79B)
Class kotlin.text.StringsKt__RegexExtensionsJVMKt                                     : loaded 2 times (x 71B)
Class com.google.common.collect.AllEqualOrdering                                      : loaded 2 times (x 114B)
Class kotlin.collections.ArraysKt___ArraysJvmKt                                       : loaded 2 times (x 71B)
Class kotlin.collections.CollectionsKt__CollectionsKt                                 : loaded 2 times (x 71B)
Class org.objectweb.asm.FieldWriter                                                   : loaded 2 times (x 78B)
Class com.google.common.cache.CacheBuilder$NullListener                               : loaded 2 times (x 82B)
Class kotlin.text.Regex$Companion                                                     : loaded 2 times (x 71B)
Class org.gradle.internal.classpath.TransformedClassPath                              : loaded 2 times (x 96B)
Class org.gradle.internal.classloader.InstrumentingClassLoader                        : loaded 2 times (x 70B)
Class com.google.common.cache.CacheLoader$FunctionToCacheLoader                       : loaded 2 times (x 75B)
Class [Lcom.google.common.cache.CacheBuilder$OneWeigher;                              : loaded 2 times (x 69B)
Class org.objectweb.asm.MethodTooLargeException                                       : loaded 2 times (x 83B)
Class com.google.common.collect.ImmutableRangeSet$AsSet                               : loaded 2 times (x 300B)
Class kotlin.jvm.internal.FunctionReference                                           : loaded 2 times (x 122B)
Class [Lkotlin.coroutines.intrinsics.CoroutineSingletons;                             : loaded 2 times (x 69B)
Class kotlin.jvm.internal.FunctionBase                                                : loaded 2 times (x 70B)
Class kotlin.enums.EnumEntriesList                                                    : loaded 2 times (x 223B)
Class com.google.common.base.Platform$JdkPatternCompiler                              : loaded 2 times (x 75B)
Class com.google.common.base.MoreObjects                                              : loaded 2 times (x 71B)
Class kotlin.comparisons.ComparisonsKt___ComparisonsJvmKt                             : loaded 2 times (x 71B)
Class kotlin.collections.CollectionsKt__IteratorsJVMKt                                : loaded 2 times (x 71B)
Class com.android.builder.model.v2.ide.TestInfo$Execution                             : loaded 2 times (x 79B)
Class com.google.common.collect.Platform                                              : loaded 2 times (x 71B)
Class [Lorg.objectweb.asm.Type;                                                       : loaded 2 times (x 69B)
Class org.gradle.internal.operations.MultipleBuildOperationFailures                   : loaded 2 times (x 95B)
Class org.jetbrains.kotlin.idea.gradleTooling.KotlinSourceSetContainer                : loaded 2 times (x 70B)
Class org.jetbrains.plugins.gradle.model.IntelliJSettings                             : loaded 2 times (x 70B)
Class kotlin.Result                                                                   : loaded 2 times (x 72B)
Class org.gradle.internal.service.ServiceLocator                                      : loaded 2 times (x 70B)
Class com.google.common.base.Ascii                                                    : loaded 2 times (x 71B)
Class com.google.common.collect.SingletonImmutableBiMap                               : loaded 2 times (x 143B)
Class com.google.common.cache.LocalCache$1                                            : loaded 2 times (x 89B)
Class com.google.common.collect.Iterators$SingletonIterator                           : loaded 2 times (x 81B)
Class com.google.common.collect.AbstractMapEntry                                      : loaded 2 times (x 81B)
Class com.intellij.gradle.toolingExtension.util.GradleVersionUtil                     : loaded 2 times (x 71B)
Class com.android.ide.gradle.model.GradlePropertiesModel                              : loaded 2 times (x 70B)
Class kotlin.sequences.TransformingSequence$iterator$1                                : loaded 2 times (x 79B)
Class kotlin.Pair                                                                     : loaded 2 times (x 72B)
Class org.gradle.tooling.internal.adapter.ProtocolToModelAdapter$SupportedPropertyInvoker: loaded 2 times (x 76B)
Class org.gradle.tooling.model.UnsupportedMethodException                             : loaded 2 times (x 82B)
Class com.android.builder.model.v2.ide.BytecodeTransformation                         : loaded 2 times (x 79B)
Class com.google.common.collect.Sets$ImprovedAbstractSet                              : loaded 2 times (x 135B)
Class org.gradle.tooling.internal.adapter.MethodInvocation                            : loaded 2 times (x 85B)
Class com.google.common.collect.AbstractMultimap                                      : loaded 2 times (x 123B)
Class com.google.common.cache.LocalCache$2                                            : loaded 2 times (x 142B)
Class kotlin.collections.CollectionsKt__MutableCollectionsKt                          : loaded 2 times (x 71B)
Class com.android.builder.model.v2.ide.CodeShrinker                                   : loaded 2 times (x 79B)
Class com.google.common.util.concurrent.AbstractFuture$UnsafeAtomicHelper$1           : loaded 2 times (x 76B)
Class kotlin.sequences.TransformingSequence                                           : loaded 2 times (x 75B)
Class org.jetbrains.plugins.gradle.tooling.serialization.AnnotationProcessingModelSerializationService$WriteContext: loaded 2 times (x 72B)
Class org.gradle.internal.impldep.gnu.trove.THash                                     : loaded 2 times (x 81B)
Class kotlin.io.TerminateException                                                    : loaded 2 times (x 82B)
Class kotlin.io.FilesKt__FilePathComponentsKt                                         : loaded 2 times (x 71B)
Class com.google.common.collect.ImmutableRangeSet$1                                   : loaded 2 times (x 210B)
Class kotlin.reflect.KCallable                                                        : loaded 2 times (x 70B)
Class com.google.common.util.concurrent.AbstractFuture$Trusted                        : loaded 2 times (x 70B)
Class org.objectweb.asm.ClassVisitor                                                  : loaded 2 times (x 88B)
Class com.intellij.compose.ide.plugin.gradleTooling.rt.ComposeResourcesModel          : loaded 2 times (x 70B)
Class org.jetbrains.plugins.gradle.tooling.serialization.ProjectDependenciesSerializationService$WriteContext: loaded 2 times (x 72B)
Class org.jetbrains.plugins.gradle.tooling.serialization.ProjectDependenciesSerializationService: loaded 2 times (x 77B)
Class kotlin.text.CharsKt                                                             : loaded 2 times (x 71B)
Class com.google.common.collect.Range                                                 : loaded 2 times (x 86B)
Class org.gradle.tooling.model.kotlin.dsl.KotlinDslScriptModel                        : loaded 2 times (x 70B)
Class org.gradle.tooling.internal.adapter.CollectionMapper                            : loaded 2 times (x 73B)
Class [Lorg.objectweb.asm.Symbol;                                                     : loaded 2 times (x 69B)
Class com.google.common.util.concurrent.UncheckedExecutionException                   : loaded 2 times (x 82B)
Class org.gradle.kotlin.dsl.VersionCatalogAccessorsKt                                 : loaded 2 times (x 71B)
Class org.gradle.internal.impldep.gnu.trove.Equality                                  : loaded 2 times (x 70B)
Class com.google.common.collect.ExplicitOrdering                                      : loaded 2 times (x 115B)
Class com.intellij.gradle.toolingExtension.impl.model.buildScriptClasspathModel.GradleBuildScriptClasspathSerializationService$WriteContext: loaded 2 times (x 72B)
Class org.gradle.tooling.internal.adapter.ProtocolToModelAdapter                      : loaded 2 times (x 80B)
Class org.gradle.internal.InternalTransformer                                         : loaded 2 times (x 70B)
Class com.android.builder.model.v2.ide.AndroidGradlePluginProjectFlags$BooleanFlag    : loaded 2 times (x 79B)
Class com.google.common.collect.AbstractMapBasedMultimap$KeySet$1                     : loaded 2 times (x 82B)
Class org.objectweb.asm.ClassWriter                                                   : loaded 2 times (x 106B)
Class com.google.common.cache.CacheLoader$UnsupportedLoadingOperationException        : loaded 2 times (x 82B)
Class com.google.common.base.CharMatcher$And                                          : loaded 2 times (x 112B)
Class org.gradle.internal.impldep.gnu.trove.TObjectCanonicalHashingStrategy           : loaded 2 times (x 80B)
Class kotlin.collections.MapsKt__MapsJVMKt                                            : loaded 2 times (x 71B)
Class kotlin.collections.EmptyList                                                    : loaded 2 times (x 174B)
Class org.gradle.internal.time.DefaultTimer                                           : loaded 2 times (x 80B)
Class org.gradle.internal.classloader.ClasspathUtil$1                                 : loaded 2 times (x 76B)
Class org.objectweb.asm.FieldVisitor                                                  : loaded 2 times (x 77B)
Class com.google.common.collect.IndexedImmutableSet                                   : loaded 2 times (x 152B)
Class com.google.common.collect.ImmutableMap$1                                        : loaded 2 times (x 81B)
Class com.google.common.collect.BiMap                                                 : loaded 2 times (x 70B)
Class org.gradle.tooling.internal.adapter.ProtocolToModelAdapter$ViewKey              : loaded 2 times (x 72B)
Class org.gradle.api.internal.classpath.DefaultModuleRegistry$DefaultModule           : loaded 2 times (x 86B)
Class com.android.builder.model.v2.CustomSourceDirectory                              : loaded 2 times (x 70B)
Class com.google.common.primitives.Ints                                               : loaded 2 times (x 71B)
Class com.android.ide.common.repository.AgpVersion                                    : loaded 2 times (x 75B)
Class com.android.utils.FileUtils                                                     : loaded 2 times (x 71B)
Class com.google.common.collect.NullsFirstOrdering                                    : loaded 2 times (x 115B)
Class kotlin.ResultKt                                                                 : loaded 2 times (x 71B)
Class org.gradle.tooling.internal.adapter.ProtocolToModelAdapter$PropertyCachingMethodInvoker: loaded 2 times (x 76B)
Class com.android.builder.model.v2.models.ProjectSyncIssues                           : loaded 2 times (x 70B)
Class com.google.common.collect.ObjectArrays                                          : loaded 2 times (x 71B)
Class com.google.common.collect.Multiset                                              : loaded 2 times (x 70B)
Class com.google.common.collect.ArrayListMultimapGwtSerializationDependencies         : loaded 2 times (x 172B)
Class com.android.builder.model.v2.ide.AaptOptions$Namespacing                        : loaded 2 times (x 79B)
Class com.google.common.math.MathPreconditions                                        : loaded 2 times (x 71B)
Class com.intellij.openapi.externalSystem.model.ExternalSystemException               : loaded 2 times (x 86B)
Class org.jetbrains.plugins.gradle.model.ExternalTask                                 : loaded 2 times (x 70B)
Class kotlin.Result$Failure                                                           : loaded 2 times (x 72B)
Class kotlin.collections.ArraysKt__ArraysKt                                           : loaded 2 times (x 71B)
Class org.gradle.internal.time.DefaultCountdownTimer                                  : loaded 2 times (x 88B)
Class com.google.common.collect.ImmutableMapEntrySet                                  : loaded 2 times (x 152B)
Class org.jetbrains.plugins.gradle.model.GradleTaskModel                              : loaded 2 times (x 70B)
Class org.jetbrains.plugins.gradle.tooling.util.ObjectCollector                       : loaded 2 times (x 72B)
Class kotlin.collections.SetsKt__SetsJVMKt                                            : loaded 2 times (x 71B)
Class org.gradle.tooling.internal.adapter.ProtocolToModelAdapter$AdaptingMethodInvoker: loaded 2 times (x 76B)
Class org.gradle.tooling.internal.gradle.DefaultBuildIdentifier                       : loaded 2 times (x 79B)
Class kotlin.Function                                                                 : loaded 2 times (x 70B)
Class org.gradle.api.internal.classpath.Module                                        : loaded 2 times (x 70B)
Class com.google.common.cache.Weigher                                                 : loaded 2 times (x 70B)
Class com.intellij.openapi.externalSystem.model.project.IExternalSystemSourceType     : loaded 2 times (x 70B)
Class kotlin.io.FileAlreadyExistsException                                            : loaded 2 times (x 82B)
Class kotlin.internal.ProgressionUtilKt                                               : loaded 2 times (x 71B)
Class org.gradle.api.internal.classpath.UnknownModuleException                        : loaded 2 times (x 82B)
Class com.google.common.base.Stopwatch                                                : loaded 2 times (x 72B)
Class com.google.common.cache.LocalCache$Strength                                     : loaded 2 times (x 81B)
Class com.google.common.cache.Cache                                                   : loaded 2 times (x 70B)
Class com.intellij.openapi.externalSystem.model.project.dependencies.ProjectDependencies: loaded 2 times (x 70B)
Class org.jetbrains.plugins.gradle.tooling.serialization.ProjectDependenciesSerializationService$ReadContext: loaded 2 times (x 72B)
Class org.gradle.internal.impldep.gnu.trove.TObjectIdentityHashingStrategy            : loaded 2 times (x 78B)
Class com.google.common.util.concurrent.AbstractFuture$Cancellation                   : loaded 2 times (x 72B)
Class com.google.common.collect.ImmutableMap$Builder                                  : loaded 2 times (x 82B)
Class com.google.common.cache.RemovalListener                                         : loaded 2 times (x 70B)
Class org.jetbrains.plugins.gradle.tooling.serialization.RepositoriesModelSerializationService: loaded 2 times (x 82B)
Class com.android.ide.gradle.model.artifacts.AdditionalClassifierArtifactsModel       : loaded 2 times (x 70B)
Class org.gradle.tooling.internal.gradle.GradleProjectIdentity                        : loaded 2 times (x 70B)
Class org.gradle.api.internal.DefaultClassPathRegistry                                : loaded 2 times (x 76B)
Class com.android.builder.model.v2.ide.JavaArtifact                                   : loaded 2 times (x 70B)
Class com.google.common.primitives.IntsMethodsForWeb                                  : loaded 2 times (x 71B)
Class com.google.common.collect.Multimap                                              : loaded 2 times (x 70B)
Class org.jetbrains.plugins.gradle.tooling.serialization.RepositoriesModelSerializationService$ReadContext: loaded 2 times (x 72B)
Class kotlin.ranges.ClosedRange                                                       : loaded 2 times (x 70B)
Class org.gradle.api.internal.ClassPathRegistry                                       : loaded 2 times (x 70B)
Class org.gradle.internal.classpath.DefaultClassPath$ImmutableUniqueList              : loaded 2 times (x 199B)
Class com.intellij.gradle.toolingExtension.impl.model.projectModel.GradleExternalProjectSerializationService$WriteContext: loaded 2 times (x 73B)
Class kotlin.text.StringsKt__StringsJVMKt                                             : loaded 2 times (x 71B)
Class kotlin.collections.IntIterator                                                  : loaded 2 times (x 82B)
Class com.google.common.collect.NullnessCasts                                         : loaded 2 times (x 71B)
Class org.gradle.tooling.internal.adapter.TargetTypeProvider                          : loaded 2 times (x 70B)
Class com.android.builder.model.v2.dsl.SigningConfig                                  : loaded 2 times (x 70B)
Class com.android.builder.model.v2.models.AndroidProject                              : loaded 2 times (x 70B)
Class com.android.builder.model.v2.AndroidModel                                       : loaded 2 times (x 70B)
Class com.google.common.cache.CacheBuilder                                            : loaded 2 times (x 72B)
Class kotlin.ranges.IntProgression$Companion                                          : loaded 2 times (x 71B)
Class Settings_gradle$1                                                               : loaded 2 times (x 74B)
Class kotlin.text.StringsKt__IndentKt                                                 : loaded 2 times (x 71B)
Class kotlin.collections.SetsKt                                                       : loaded 2 times (x 71B)
Class org.jetbrains.plugins.gradle.model.GradleExtensions                             : loaded 2 times (x 70B)
Class org.gradle.internal.classpath.ClassPath                                         : loaded 2 times (x 70B)
Class com.google.common.base.JdkPattern                                               : loaded 2 times (x 75B)
Class org.jetbrains.plugins.gradle.model.AnnotationProcessingModel                    : loaded 2 times (x 70B)
Class org.jetbrains.plugins.gradle.tooling.serialization.KotlinDslScriptsModelSerializationService: loaded 2 times (x 81B)
Class kotlin.reflect.KFunction                                                        : loaded 2 times (x 70B)
Class kotlin.collections.ArrayDeque                                                   : loaded 2 times (x 207B)
Class org.objectweb.asm.SymbolTable$Entry                                             : loaded 2 times (x 74B)
Class com.google.common.util.concurrent.AbstractFuture$AtomicHelper                   : loaded 2 times (x 78B)
Class org.jetbrains.kotlin.idea.gradleTooling.KotlinGradleModel                       : loaded 2 times (x 70B)
Class org.jetbrains.plugins.gradle.tooling.serialization.ExternalTestsSerializationService$WriteContext: loaded 2 times (x 72B)
Class kotlin.collections.MapsKt__MapsKt                                               : loaded 2 times (x 71B)
Class com.android.builder.model.v2.ide.Variant                                        : loaded 2 times (x 70B)
Class org.objectweb.asm.Edge                                                          : loaded 2 times (x 72B)
Class com.google.common.base.Suppliers$SupplierOfInstance                             : loaded 2 times (x 79B)
Class com.google.common.collect.ImmutableMap$MapViewOfValuesAsSingletonSets           : loaded 2 times (x 126B)
Class org.gradle.tooling.model.Model                                                  : loaded 2 times (x 70B)
Class com.google.common.cache.LocalCache$ComputingValueReference                      : loaded 2 times (x 96B)
Class com.google.common.collect.RegularImmutableMap                                   : loaded 2 times (x 121B)
Class com.google.common.collect.ImmutableMap$IteratorBasedImmutableMap                : loaded 2 times (x 126B)
Class com.android.ide.gradle.model.composites.BuildMap                                : loaded 2 times (x 70B)
Class kotlin.text.MatchResult$Destructured                                            : loaded 2 times (x 72B)
Class kotlin.Metadata                                                                 : loaded 2 times (x 70B)
Class kotlin.UninitializedPropertyAccessException                                     : loaded 2 times (x 82B)
Class com.android.builder.model.v2.models.Versions                                    : loaded 2 times (x 70B)
Class com.google.common.cache.LocalCache$Segment                                      : loaded 2 times (x 154B)
Class org.jetbrains.plugins.gradle.model.IntelliJProjectSettings                      : loaded 2 times (x 70B)
Class org.gradle.tooling.internal.adapter.ProtocolToModelAdapter$MethodInvocationCache: loaded 2 times (x 73B)
Class com.android.builder.model.v2.models.ndk.NativeModule                            : loaded 2 times (x 70B)
Class com.google.common.collect.AbstractListMultimap                                  : loaded 2 times (x 172B)
Class [Lorg.objectweb.asm.SymbolTable$Entry;                                          : loaded 2 times (x 69B)
Class com.google.common.cache.CacheLoader                                             : loaded 2 times (x 74B)
Class com.android.builder.model.v2.ide.AndroidArtifact                                : loaded 2 times (x 70B)
Class com.google.common.collect.ImmutableBiMap                                        : loaded 2 times (x 143B)
Class org.jetbrains.plugins.gradle.model.ExternalDependency                           : loaded 2 times (x 70B)
Class com.intellij.util.containers.IntObjectHashMap                                   : loaded 2 times (x 72B)
Class com.google.common.collect.SortedIterable                                        : loaded 2 times (x 70B)
Class org.gradle.internal.installation.GradleInstallation$1                           : loaded 2 times (x 75B)
Class org.gradle.api.internal.classpath.ModuleRegistry                                : loaded 2 times (x 70B)
Class com.android.builder.model.v2.ide.PrivacySandboxSdkInfo                          : loaded 2 times (x 70B)
Class com.google.common.util.concurrent.internal.InternalFutureFailureAccess          : loaded 2 times (x 72B)
Class com.android.ide.common.repository.AgpVersion$PreviewKind$Companion              : loaded 2 times (x 71B)
Class org.gradle.api.internal.classpath.ManifestUtil                                  : loaded 2 times (x 71B)
Class com.google.common.collect.ImmutableSet$JdkBackedSetBuilderImpl                  : loaded 2 times (x 76B)
Class org.jetbrains.plugins.gradle.model.VersionCatalogsModel                         : loaded 2 times (x 70B)
Class com.intellij.gradle.toolingExtension.impl.model.sourceSetDependencyModel.GradleSourceSetDependencySerialisationService$SourceSetDependencyModelReadContext: loaded 2 times (x 72B)
Class com.intellij.gradle.toolingExtension.impl.model.dependencyModel.DependencyReadContext: loaded 2 times (x 72B)
Class org.gradle.tooling.internal.adapter.ObjectGraphAdapter                          : loaded 2 times (x 70B)
Class com.android.builder.model.v2.ide.Installation                                   : loaded 2 times (x 70B)
Class com.google.common.util.concurrent.AbstractFuture$UnsafeAtomicHelper             : loaded 2 times (x 78B)
Class com.google.common.cache.LocalCache$LocalManualCache$1                           : loaded 2 times (x 75B)
Class com.google.common.base.CharMatcher$ForPredicate                                 : loaded 2 times (x 112B)
Class org.jetbrains.plugins.gradle.model.ProjectImportModelProvider                   : loaded 2 times (x 70B)
Class org.jetbrains.plugins.gradle.model.ExternalSourceSet                            : loaded 2 times (x 70B)
Class com.intellij.gradle.toolingExtension.impl.model.warmUp.GradleTaskWarmUpRequest  : loaded 2 times (x 70B)
Class com.android.ide.gradle.model.LegacyAndroidGradlePluginPropertiesModelParameters : loaded 2 times (x 70B)
Class com.google.common.collect.ImmutableSortedAsList                                 : loaded 2 times (x 221B)
Class kotlin.text.RegexKt                                                             : loaded 2 times (x 71B)
Class kotlin.coroutines.intrinsics.IntrinsicsKt__IntrinsicsKt                         : loaded 2 times (x 71B)
Class com.google.common.base.CharMatcher$AnyOf                                        : loaded 2 times (x 112B)
Class org.gradle.tooling.internal.adapter.ProtocolToModelAdapter$InvocationHandlerImpl: loaded 2 times (x 77B)
Class com.intellij.gradle.toolingExtension.impl.model.sourceSetArtifactIndex.GradleSourceSetArtifactBuildRequest: loaded 2 times (x 70B)
Class kotlin.io.FilesKt__UtilsKt                                                      : loaded 2 times (x 71B)
Class com.google.common.collect.Lists$TransformingRandomAccessList                    : loaded 2 times (x 199B)
Class kotlin.collections.CollectionsKt__CollectionsJVMKt                              : loaded 2 times (x 71B)
Class org.gradle.api.internal.classpath.DefaultModuleRegistry                         : loaded 2 times (x 86B)
Class org.gradle.tooling.model.build.GradleEnvironment                                : loaded 2 times (x 70B)
Class com.google.common.util.concurrent.ListenableFuture                              : loaded 2 times (x 70B)
Class com.google.common.cache.ReferenceEntry                                          : loaded 2 times (x 70B)
Class com.google.common.base.Converter                                                : loaded 2 times (x 90B)
Class org.jetbrains.plugins.gradle.tooling.util.IntObjectMap$ObjectFactory            : loaded 2 times (x 70B)
Class org.jetbrains.plugins.gradle.tooling.serialization.internal.IdeaProjectSerializationService$WriteContext$1: loaded 2 times (x 83B)
Class org.jetbrains.plugins.gradle.model.ExternalProject                              : loaded 2 times (x 70B)
Class kotlin.sequences.SequencesKt                                                    : loaded 2 times (x 71B)
Class kotlin.collections.CollectionsKt__IteratorsKt                                   : loaded 2 times (x 71B)
Class [Lcom.android.builder.model.v2.ide.CodeShrinker;                                : loaded 2 times (x 69B)
Class com.google.common.collect.AbstractMapBasedMultimap                              : loaded 2 times (x 139B)
Class com.google.common.util.concurrent.AbstractFuture                                : loaded 2 times (x 106B)
Class com.google.common.base.FunctionalEquivalence                                    : loaded 2 times (x 83B)
Class com.google.common.util.concurrent.ExecutionError                                : loaded 2 times (x 82B)
Class com.google.common.collect.ImmutableEnumSet                                      : loaded 2 times (x 146B)
Class org.jetbrains.plugins.gradle.tooling.serialization.internal.IdeaProjectSerializationService$WriteContext$2: loaded 2 times (x 83B)
Class kotlin.text.StringsKt                                                           : loaded 2 times (x 71B)
Class org.objectweb.asm.RecordComponentVisitor                                        : loaded 2 times (x 77B)
Class com.google.common.cache.CacheLoader$SupplierToCacheLoader                       : loaded 2 times (x 75B)
Class org.jetbrains.plugins.gradle.tooling.serialization.AnnotationProcessingModelSerializationService$ReadContext: loaded 2 times (x 72B)
Class org.jetbrains.plugins.gradle.tooling.serialization.internal.IdeaProjectSerializationService$WriteContext$3: loaded 2 times (x 83B)
Class kotlin.coroutines.jvm.internal.RestrictedContinuationImpl                       : loaded 2 times (x 87B)
Class org.gradle.util.internal.DefaultGradleVersion$Stage                             : loaded 2 times (x 75B)
Class com.google.common.collect.Maps$EntryTransformer                                 : loaded 2 times (x 70B)
Class org.jetbrains.kotlin.idea.gradleTooling.AndroidAwareGradleModelProvider         : loaded 2 times (x 79B)
Class org.jetbrains.plugins.gradle.tooling.serialization.internal.IdeaProjectSerializationService$WriteContext$4: loaded 2 times (x 83B)
Class com.intellij.gradle.toolingExtension.impl.model.sourceSetDependencyModel.GradleSourceSetDependencySerialisationService$Companion: loaded 2 times (x 71B)
Class kotlin.text.StringsKt__StringNumberConversionsKt                                : loaded 2 times (x 71B)
Class kotlin.io.FilesKt__FileReadWriteKt                                              : loaded 2 times (x 71B)
Class com.google.common.collect.UsingToStringOrdering                                 : loaded 2 times (x 114B)
Class kotlin.text.MatchNamedGroupCollection                                           : loaded 2 times (x 70B)
Class kotlin.jvm.internal.markers.KMutableList                                        : loaded 2 times (x 70B)
Class org.gradle.internal.time.MonotonicClock                                         : loaded 2 times (x 77B)
Class com.android.builder.model.v2.models.VariantDependenciesAdjacencyList            : loaded 2 times (x 70B)
Class com.google.common.collect.Lists$ReverseList                                     : loaded 2 times (x 200B)
Class [Lcom.google.common.cache.LocalCache$EntryFactory;                              : loaded 2 times (x 69B)
Class org.jetbrains.plugins.gradle.tooling.serialization.internal.IdeaProjectSerializationService$WriteContext$5: loaded 2 times (x 83B)
Class com.intellij.gradle.toolingExtension.impl.model.sourceSetDependencyModel.GradleSourceSetDependencySerialisationService$SourceSetDependencyModelWriteContext: loaded 2 times (x 72B)
Class com.google.common.collect.ImmutableSortedSet                                    : loaded 2 times (x 300B)
Class org.gradle.internal.classloader.ClassLoaderFactory                              : loaded 2 times (x 70B)
Class com.google.common.base.CommonPattern                                            : loaded 2 times (x 74B)
Class com.google.common.cache.LocalCache$LocalManualCache                             : loaded 2 times (x 99B)
Class com.google.common.base.CharMatcher$IsNot                                        : loaded 2 times (x 111B)
Class org.jetbrains.plugins.gradle.tooling.serialization.internal.IdeaProjectSerializationService$WriteContext$6: loaded 2 times (x 83B)
Class org.jetbrains.plugins.gradle.tooling.util.IntObjectMap                          : loaded 2 times (x 73B)
Class sync_studio_tooling9_7jeyzw8pmt7cydbmqntavwcq8                                  : loaded 2 times (x 179B)
Class org.gradle.internal.service.CachingServiceLocator                               : loaded 2 times (x 82B)
Class com.google.common.collect.AbstractMapBasedMultimap$KeySet                       : loaded 2 times (x 137B)
Class com.google.common.math.IntMath                                                  : loaded 2 times (x 71B)
Class org.jetbrains.plugins.gradle.model.RepositoryModels                             : loaded 2 times (x 70B)
Class org.jetbrains.plugins.gradle.tooling.serialization.internal.IdeaProjectSerializationService$WriteContext$7: loaded 2 times (x 83B)
Class com.google.common.collect.RegularImmutableSortedSet                             : loaded 2 times (x 300B)
Class kotlin.collections.AbstractList$SubList                                         : loaded 2 times (x 198B)
Class kotlin.jvm.internal.CallableReference                                           : loaded 2 times (x 106B)
Class com.google.common.collect.ImmutableMapEntry                                     : loaded 2 times (x 85B)
Class org.jetbrains.plugins.gradle.tooling.serialization.internal.IdeaProjectSerializationService$WriteContext$8: loaded 2 times (x 83B)
Class kotlin.ranges.IntRange                                                          : loaded 2 times (x 93B)
Class org.gradle.tooling.model.idea.IdeaDependencyScope                               : loaded 2 times (x 70B)
Class org.gradle.internal.time.TimeSource                                             : loaded 2 times (x 70B)
Class org.gradle.tooling.model.kotlin.dsl.KotlinDslScriptsModel                       : loaded 2 times (x 70B)
Class com.android.builder.model.v2.ide.TestInfo                                       : loaded 2 times (x 70B)
Class com.google.common.base.Equivalence                                              : loaded 2 times (x 82B)
Class org.gradle.internal.classloader.ClassLoaderHierarchy                            : loaded 2 times (x 70B)
Class com.google.common.collect.ImmutableMapEntry$NonTerminalImmutableMapEntry        : loaded 2 times (x 85B)
Class org.jetbrains.plugins.gradle.tooling.serialization.SerializationService         : loaded 2 times (x 70B)
Class org.gradle.tooling.internal.gradle.GradleBuildIdentity                          : loaded 2 times (x 70B)
Class kotlin.enums.EnumEntries                                                        : loaded 2 times (x 70B)
Class com.android.builder.model.v2.ide.JavaCompileOptions                             : loaded 2 times (x 70B)
Class com.google.common.cache.CacheBuilder$OneWeigher                                 : loaded 2 times (x 82B)
Class kotlin.collections.CollectionsKt__ReversedViewsKt                               : loaded 2 times (x 71B)
Class org.jetbrains.plugins.gradle.tooling.serialization.internal.adapter.Supplier    : loaded 2 times (x 70B)
Class org.gradle.tooling.internal.adapter.ProtocolToModelAdapter$MixInMappingAction   : loaded 2 times (x 80B)
Class org.gradle.internal.exceptions.ResolutionProvider                               : loaded 2 times (x 70B)
Class kotlin.text.MatchResult$DefaultImpls                                            : loaded 2 times (x 71B)
Class org.gradle.tooling.model.idea.IdeaCompilerOutput                                : loaded 2 times (x 70B)
Class org.gradle.tooling.model.ProjectIdentifier                                      : loaded 2 times (x 70B)
Class org.gradle.internal.classloader.ClasspathUtil                                   : loaded 2 times (x 71B)
Class com.google.common.base.Charsets                                                 : loaded 2 times (x 71B)
Class com.google.common.util.concurrent.Uninterruptibles                              : loaded 2 times (x 71B)
Class com.android.builder.model.v2.ide.ProjectType                                    : loaded 2 times (x 79B)
Class com.intellij.gradle.toolingExtension.impl.model.sourceSetModel.GradleSourceSetSerialisationService: loaded 2 times (x 77B)
Class kotlin.io.FileSystemException                                                   : loaded 2 times (x 82B)
Class com.android.builder.model.v2.dsl.BaseConfig                                     : loaded 2 times (x 70B)
Class com.google.common.collect.Maps                                                  : loaded 2 times (x 71B)
Class org.gradle.internal.time.TimeSource$1                                           : loaded 2 times (x 77B)
Class kotlin.jvm.internal.DefaultConstructorMarker                                    : loaded 2 times (x 71B)
Class org.gradle.api.specs.Spec                                                       : loaded 2 times (x 70B)
Class [Lcom.google.common.collect.ImmutableEntry;                                     : loaded 2 times (x 69B)
Class com.google.common.cache.LocalCache$LoadingValueReference                        : loaded 2 times (x 96B)
Class com.intellij.gradle.toolingExtension.impl.model.buildScriptClasspathModel.GradleBuildScriptClasspathSerializationService: loaded 2 times (x 77B)
Class kotlin.sequences.SequencesKt__SequenceBuilderKt                                 : loaded 2 times (x 71B)
Class com.google.common.base.Platform                                                 : loaded 2 times (x 71B)
Class org.jetbrains.plugins.gradle.model.FileCollectionDependency                     : loaded 2 times (x 70B)
Class org.gradle.internal.impldep.gnu.trove.TObjectHashingStrategy                    : loaded 2 times (x 70B)
Class com.intellij.gradle.toolingExtension.impl.model.utilDummyModel.DummyModel       : loaded 2 times (x 70B)
Class kotlin.text.StringsKt__RegexExtensionsKt                                        : loaded 2 times (x 71B)
Class kotlin.collections.EmptyIterator                                                : loaded 2 times (x 89B)
Class org.gradle.internal.time.Clock                                                  : loaded 2 times (x 70B)
Class com.android.builder.model.v2.dsl.ProductFlavor                                  : loaded 2 times (x 70B)
Class [Lcom.android.builder.model.v2.ide.TestInfo$Execution;                          : loaded 2 times (x 69B)
Class [Lorg.objectweb.asm.AnnotationWriter;                                           : loaded 2 times (x 69B)
Class com.google.common.collect.Maps$8                                                : loaded 2 times (x 82B)
Class org.jetbrains.plugins.gradle.model.GradleSourceSetDependencyModel               : loaded 2 times (x 70B)
Class com.google.common.collect.CompoundOrdering                                      : loaded 2 times (x 115B)
Class kotlin.sequences.SequencesKt__SequencesJVMKt                                    : loaded 2 times (x 71B)
Class kotlin.coroutines.jvm.internal.RestrictedSuspendLambda                          : loaded 2 times (x 91B)
Class org.gradle.tooling.internal.adapter.TypeInspector                               : loaded 2 times (x 73B)
Class org.gradle.tooling.internal.adapter.ProtocolToModelAdapter$NoOpDecoration       : loaded 2 times (x 79B)
Class org.gradle.tooling.model.Element                                                : loaded 2 times (x 70B)
Class kotlin.collections.AbstractList                                                 : loaded 2 times (x 197B)
Class kotlin.collections.AbstractCollection                                           : loaded 2 times (x 117B)
Class com.google.common.collect.Lists$ReverseList$1                                   : loaded 2 times (x 99B)
Class com.google.common.collect.Sets$SetView                                          : loaded 2 times (x 138B)
Class com.google.common.cache.LocalCache$StrongValueReference                         : loaded 2 times (x 90B)
Class com.google.common.util.concurrent.AbstractFuture$SynchronizedHelper             : loaded 2 times (x 78B)
Class com.intellij.gradle.toolingExtension.impl.model.taskModel.GradleTaskSerialisationService: loaded 2 times (x 76B)
Class com.android.ide.gradle.model.LegacyV1AgpVersionModel                            : loaded 2 times (x 70B)
Class kotlin.text.StringsKt__StringBuilderJVMKt                                       : loaded 2 times (x 71B)
Class com.google.common.collect.ImmutableRangeSet$Builder                             : loaded 2 times (x 77B)
Class kotlin.text.Regex                                                               : loaded 2 times (x 72B)
Class kotlin.sequences.SequencesKt__SequenceBuilderKt$sequence$$inlined$Sequence$1    : loaded 2 times (x 75B)
Class org.objectweb.asm.Type                                                          : loaded 2 times (x 72B)
Class org.jetbrains.plugins.gradle.tooling.util.IntObjectMap$1                        : loaded 2 times (x 77B)
Class org.gradle.internal.impldep.com.google.common.base.Preconditions                : loaded 2 times (x 71B)
Class org.gradle.internal.classloader.VisitableURLClassLoader$InstrumentingVisitableURLClassLoader: loaded 2 times (x 123B)
Class com.android.builder.model.v2.ide.AndroidGradlePluginProjectFlags                : loaded 2 times (x 70B)
Class [Lcom.android.builder.model.v2.ide.AndroidGradlePluginProjectFlags$BooleanFlag; : loaded 2 times (x 69B)
Class com.android.builder.model.v2.ide.BasicVariant                                   : loaded 2 times (x 70B)
Class org.objectweb.asm.ByteVector                                                    : loaded 2 times (x 79B)
Class [Lcom.google.common.cache.CacheBuilder$NullListener;                            : loaded 2 times (x 69B)
Class com.google.common.math.IntMath$1                                                : loaded 2 times (x 71B)
Class kotlin.comparisons.ComparisonsKt__ComparisonsKt                                 : loaded 2 times (x 71B)
Class kotlin.ranges.RangesKt__RangesKt                                                : loaded 2 times (x 71B)
Class kotlin.collections.SetsKt___SetsKt                                              : loaded 2 times (x 71B)
Class kotlin.sequences.SequencesKt__SequencesKt                                       : loaded 2 times (x 71B)
Class kotlin.coroutines.Continuation                                                  : loaded 2 times (x 70B)
Class org.gradle.internal.classloader.VisitableURLClassLoader$Spec                    : loaded 2 times (x 74B)
Class org.gradle.internal.classpath.DefaultClassPath                                  : loaded 2 times (x 90B)
Class com.android.builder.model.v2.ide.BundleInfo                                     : loaded 2 times (x 70B)
Class com.android.builder.model.v2.ide.SourceProvider                                 : loaded 2 times (x 70B)
Class org.objectweb.asm.Symbol                                                        : loaded 2 times (x 73B)
Class org.jetbrains.plugins.gradle.model.GradleBuildScriptClasspathModel              : loaded 2 times (x 70B)
Class kotlin.text.CharsKt__CharJVMKt                                                  : loaded 2 times (x 71B)
Class kotlin.comparisons.ComparisonsKt                                                : loaded 2 times (x 71B)
Class kotlin.comparisons.ComparisonsKt___ComparisonsKt                                : loaded 2 times (x 71B)
Class kotlin.coroutines.jvm.internal.BaseContinuationImpl                             : loaded 2 times (x 87B)
Class kotlin.Result$Companion                                                         : loaded 2 times (x 71B)
Class org.gradle.util.internal.DefaultGradleVersion                                   : loaded 2 times (x 80B)
Class com.google.common.base.CharMatcher$Ascii                                        : loaded 2 times (x 112B)
Class com.google.common.base.CharMatcher$BitSetMatcher                                : loaded 2 times (x 112B)
Class com.google.common.collect.RegularImmutableMap$Values                            : loaded 2 times (x 207B)
Class kotlin.io.FilesKt__FileTreeWalkKt                                               : loaded 2 times (x 71B)
Class org.gradle.internal.classloader.ClassLoaderSpec                                 : loaded 2 times (x 71B)
Class org.objectweb.asm.AnnotationWriter                                              : loaded 2 times (x 79B)
Class com.google.common.cache.CacheStats                                              : loaded 2 times (x 71B)
Class kotlin.jvm.internal.FunctionReferenceImpl                                       : loaded 2 times (x 122B)
Class kotlin.collections.CollectionsKt___CollectionsJvmKt                             : loaded 2 times (x 71B)
Class org.objectweb.asm.RecordComponentWriter                                         : loaded 2 times (x 78B)
Class com.google.common.util.concurrent.AbstractFuture$Listener                       : loaded 2 times (x 72B)
Class [Lcom.android.builder.model.v2.ide.ProjectType;                                 : loaded 2 times (x 69B)
Class com.google.common.base.CharMatcher$Or                                           : loaded 2 times (x 112B)
Class Settings_gradle$1$1                                                             : loaded 2 times (x 74B)
Class kotlin.TuplesKt                                                                 : loaded 2 times (x 71B)
Class kotlin.jvm.internal.markers.KMutableIterable                                    : loaded 2 times (x 70B)
Class kotlin.sequences.SequencesKt___SequencesJvmKt                                   : loaded 2 times (x 71B)
Class org.gradle.tooling.internal.adapter.ProtocolToModelAdapter$DefaultViewBuilder   : loaded 2 times (x 80B)
Class kotlin.Unit                                                                     : loaded 2 times (x 71B)
Class [Lcom.android.builder.model.v2.ide.AaptOptions$Namespacing;                     : loaded 2 times (x 69B)
Class org.objectweb.asm.Attribute                                                     : loaded 2 times (x 77B)
Class com.google.common.base.Supplier                                                 : loaded 2 times (x 70B)
Class kotlin.ranges.RangesKt                                                          : loaded 2 times (x 71B)
Class org.gradle.tooling.internal.adapter.ProtocolToModelAdapter$ViewGraphDetails$1   : loaded 2 times (x 77B)
Class org.gradle.internal.classloader.VisitableURLClassLoader                         : loaded 2 times (x 117B)
Class com.google.common.util.concurrent.AbstractFuture$Waiter                         : loaded 2 times (x 72B)
Class com.android.ide.common.repository.AgpVersion$Companion                          : loaded 2 times (x 71B)
Class Settings_gradle                                                                 : loaded 2 times (x 128B)
Class org.jetbrains.plugins.gradle.tooling.serialization.ExternalTestsSerializationService$ReadContext: loaded 2 times (x 72B)
Class kotlin.sequences.FlatteningSequence$iterator$1                                  : loaded 2 times (x 79B)
Class kotlin.jvm.functions.Function0                                                  : loaded 2 times (x 70B)
Class kotlin.collections.ArraysUtilJVM                                                : loaded 2 times (x 71B)
Class kotlin.jvm.internal.CollectionToArray                                           : loaded 2 times (x 71B)
Class com.intellij.gradle.toolingExtension.impl.model.sourceSetModel.GradleSourceSetSerialisationService$Companion: loaded 2 times (x 71B)
Class org.gradle.tooling.model.idea.IdeaDependency                                    : loaded 2 times (x 70B)
Class com.android.builder.model.v2.ide.AaptOptions                                    : loaded 2 times (x 70B)
Class [Lcom.android.builder.model.v2.ide.BytecodeTransformation;                      : loaded 2 times (x 69B)
Class com.google.common.base.Strings                                                  : loaded 2 times (x 71B)
Class com.google.common.collect.Sets                                                  : loaded 2 times (x 71B)
Class org.objectweb.asm.Handler                                                       : loaded 2 times (x 72B)
Class com.google.common.base.Ticker                                                   : loaded 2 times (x 72B)
Class com.google.common.base.CharMatcher$FastMatcher                                  : loaded 2 times (x 111B)
Class kotlin.collections.AbstractMutableList                                          : loaded 2 times (x 206B)
Class kotlin.jvm.functions.Function1                                                  : loaded 2 times (x 70B)
Class com.android.builder.model.v2.models.ndk.NativeModelBuilderParameter             : loaded 2 times (x 70B)
Class [Lcom.google.common.cache.LocalCache$Segment;                                   : loaded 2 times (x 69B)
Class [Lcom.google.common.cache.LocalCache$Strength;                                  : loaded 2 times (x 69B)
Class com.google.common.cache.CacheBuilder$1                                          : loaded 2 times (x 85B)
Class com.google.common.base.CharMatcher$IsEither                                     : loaded 2 times (x 111B)
Class com.google.common.collect.ImmutableMap                                          : loaded 2 times (x 120B)
Class org.jetbrains.plugins.gradle.tooling.serialization.internal.IdeaProjectSerializationService$WriteContext: loaded 2 times (x 72B)
Class com.intellij.gradle.toolingExtension.impl.model.sourceSetDependencyModel.GradleSourceSetDependencySerialisationService: loaded 2 times (x 77B)
Class org.jetbrains.plugins.gradle.model.GradleSourceSetModel                         : loaded 2 times (x 70B)
Class kotlin.KotlinNothingValueException                                              : loaded 2 times (x 82B)
Class kotlin.jvm.functions.Function2                                                  : loaded 2 times (x 70B)
Class org.gradle.internal.classpath.DefaultClassPath$ImmutableUniqueList$Builder      : loaded 2 times (x 75B)
Class com.google.common.cache.LocalCache                                              : loaded 2 times (x 187B)
Class com.google.common.cache.CacheBuilder$2                                          : loaded 2 times (x 79B)
Class com.google.common.base.CharMatcher$NegatedFastMatcher                           : loaded 2 times (x 113B)
Class com.android.ide.gradle.model.dependencies.Coordinates                           : loaded 2 times (x 70B)
Class com.google.common.collect.AbstractRangeSet                                      : loaded 2 times (x 114B)
Class kotlin.collections.MapsKt___MapsJvmKt                                           : loaded 2 times (x 71B)
Class org.gradle.tooling.internal.adapter.WeakIdentityHashMap$AbsentValueProvider     : loaded 2 times (x 70B)
Class com.google.common.collect.ArrayListMultimap                                     : loaded 2 times (x 172B)
Class com.google.common.cache.CacheBuilder$3                                          : loaded 2 times (x 72B)
Class [Lcom.google.common.collect.AbstractMapEntry;                                   : loaded 2 times (x 69B)
Class com.google.common.collect.ImmutableEntry                                        : loaded 2 times (x 82B)
Class org.jetbrains.plugins.gradle.tooling.util.ObjectCollector$Processor             : loaded 2 times (x 70B)
Class kotlin.collections.EmptySet                                                     : loaded 2 times (x 122B)
Class kotlin.annotation.Target                                                        : loaded 2 times (x 70B)
Class kotlin.collections.CollectionsKt___CollectionsKt                                : loaded 2 times (x 71B)
Class org.gradle.internal.classloader.FilteringClassLoader                            : loaded 2 times (x 105B)
Class org.gradle.internal.exceptions.NonGradleCauseExceptionsHolder                   : loaded 2 times (x 70B)
Class org.gradle.tooling.model.idea.IdeaModuleDependency                              : loaded 2 times (x 70B)
Class org.gradle.tooling.internal.adapter.ViewBuilder                                 : loaded 2 times (x 70B)
Class com.android.builder.model.v2.ide.ApiVersion                                     : loaded 2 times (x 70B)
Class com.google.common.collect.CollectPreconditions                                  : loaded 2 times (x 71B)
Class org.jetbrains.plugins.gradle.model.AnnotationProcessingConfig                   : loaded 2 times (x 70B)
Class kotlin.text.StringsKt___StringsJvmKt                                            : loaded 2 times (x 71B)
Class kotlin.reflect.KDeclarationContainer                                            : loaded 2 times (x 70B)
Class kotlin.annotation.Retention                                                     : loaded 2 times (x 70B)
Class com.android.builder.model.v2.models.Versions$Version                            : loaded 2 times (x 70B)
Class com.google.common.collect.SortedMapDifference                                   : loaded 2 times (x 70B)
Class org.jetbrains.plugins.gradle.tooling.ModelBuilderService$Parameter              : loaded 2 times (x 70B)
Class kotlin.io.FilesKt                                                               : loaded 2 times (x 71B)
Class kotlin.collections.MapsKt___MapsKt                                              : loaded 2 times (x 71B)
Class kotlin.collections.ArraysKt___ArraysKt                                          : loaded 2 times (x 71B)
Class com.google.common.cache.LocalCache$EntryFactory                                 : loaded 2 times (x 83B)
Class org.gradle.internal.impldep.gnu.trove.TObjectIntProcedure                       : loaded 2 times (x 70B)
Class kotlin.collections.MapsKt__MapWithDefaultKt                                     : loaded 2 times (x 71B)
Class org.gradle.tooling.internal.adapter.ProtocolToModelAdapter$ReflectionMethodInvoker: loaded 2 times (x 76B)
Class com.google.common.cache.LocalCache$AbstractReferenceEntry                       : loaded 2 times (x 107B)
Class kotlin.text.StringsKt___StringsKt                                               : loaded 2 times (x 71B)
Class com.google.common.collect.NullsLastOrdering                                     : loaded 2 times (x 115B)
Class kotlin.collections.CollectionsKt__MutableCollectionsJVMKt                       : loaded 2 times (x 71B)
Class kotlin.NotImplementedError                                                      : loaded 2 times (x 82B)
Class kotlin.enums.EnumEntriesKt                                                      : loaded 2 times (x 71B)
Class com.android.builder.model.v2.models.VariantDependencies                         : loaded 2 times (x 70B)
Class org.objectweb.asm.SymbolTable                                                   : loaded 2 times (x 72B)
Class com.google.common.cache.CacheLoader$InvalidCacheLoadException                   : loaded 2 times (x 82B)
Class kotlin.sequences.FlatteningSequence                                             : loaded 2 times (x 75B)
Class com.intellij.gradle.toolingExtension.model.repositoryModel.ProjectRepositoriesModel: loaded 2 times (x 70B)
Class org.jetbrains.plugins.gradle.model.GradleProperty                               : loaded 2 times (x 70B)
Class com.google.common.collect.ImmutableRangeSet$ComplementRanges                    : loaded 2 times (x 207B)
Class org.gradle.internal.classloader.SystemClassLoaderSpec                           : loaded 2 times (x 71B)
Class com.android.builder.model.v2.ide.TestedTargetVariant                            : loaded 2 times (x 70B)
Class com.google.common.cache.LocalCache$StrongEntry                                  : loaded 2 times (x 108B)
Class com.google.common.util.concurrent.AbstractFuture$TrustedFuture                  : loaded 2 times (x 114B)
Class com.google.common.cache.LoadingCache                                            : loaded 2 times (x 70B)
Class kotlin.ranges.IntRange$Companion                                                : loaded 2 times (x 71B)
Class kotlin.text.MatcherMatchResult$groups$1                                         : loaded 2 times (x 151B)
Class kotlin.collections.EmptyMap                                                     : loaded 2 times (x 108B)
Class kotlin.reflect.KAnnotatedElement                                                : loaded 2 times (x 70B)
Class kotlin.jvm.internal.markers.KMutableCollection                                  : loaded 2 times (x 70B)
Class kotlin.coroutines.intrinsics.IntrinsicsKt                                       : loaded 2 times (x 71B)
Class org.gradle.internal.exceptions.MultiCauseException                              : loaded 2 times (x 70B)
Class org.gradle.internal.time.CountdownTimer                                         : loaded 2 times (x 70B)
Class kotlin.jvm.internal.Intrinsics                                                  : loaded 2 times (x 71B)
Class org.objectweb.asm.MethodWriter                                                  : loaded 2 times (x 106B)
Class [Lcom.google.common.cache.Weigher;                                              : loaded 2 times (x 69B)
Class com.google.common.collect.RegularImmutableMap$BucketOverflowException           : loaded 2 times (x 82B)
Class com.intellij.gradle.toolingExtension.impl.model.projectModel.GradleExternalProjectSerializationService$ReadContext: loaded 2 times (x 73B)
Class com.intellij.gradle.toolingExtension.impl.model.dependencyModel.DependencyWriteContext: loaded 2 times (x 72B)
Class kotlin.collections.MapsKt                                                       : loaded 2 times (x 71B)
Class kotlin.coroutines.intrinsics.CoroutineSingletons                                : loaded 2 times (x 79B)
Class kotlin.collections.CollectionsKt__IterablesKt                                   : loaded 2 times (x 71B)
Class org.gradle.tooling.model.ProjectModel                                           : loaded 2 times (x 70B)
Class kotlin.ranges.OpenEndRange                                                      : loaded 2 times (x 70B)
Class kotlin.sequences.SequenceBuilderIterator                                        : loaded 2 times (x 85B)
Class kotlin.KotlinNullPointerException                                               : loaded 2 times (x 83B)
Class com.android.ide.common.repository.AgpVersion$Companion$WhenMappings             : loaded 2 times (x 71B)
Class com.google.common.collect.RegularImmutableBiMap                                 : loaded 2 times (x 149B)
Class com.google.common.cache.LocalCache$ValueReference                               : loaded 2 times (x 70B)
Class com.google.common.base.CharMatcher$Is                                           : loaded 2 times (x 111B)
Class com.google.common.base.CharMatcher$Negated                                      : loaded 2 times (x 113B)
Class org.jetbrains.plugins.gradle.model.tests.ExternalTestsModel                     : loaded 2 times (x 70B)
Class kotlin.ranges.RangesKt___RangesKt                                               : loaded 2 times (x 71B)
Class org.gradle.tooling.model.idea.IdeaLanguageLevel                                 : loaded 2 times (x 70B)
Class org.gradle.tooling.internal.adapter.ProtocolToModelAdapter$SafeMethodInvoker    : loaded 2 times (x 76B)
Class org.gradle.tooling.internal.adapter.WeakIdentityHashMap$WeakKey                 : loaded 2 times (x 79B)
Class org.gradle.internal.exceptions.DefaultMultiCauseException                       : loaded 2 times (x 95B)
Class com.google.common.base.PatternCompiler                                          : loaded 2 times (x 70B)
Class com.google.common.util.concurrent.AbstractFuture$Failure                        : loaded 2 times (x 72B)
Class com.google.common.base.Equivalence$Equals                                       : loaded 2 times (x 82B)
Class com.google.common.collect.Hashing                                               : loaded 2 times (x 71B)
Class kotlin.text.MatcherMatchResult                                                  : loaded 2 times (x 80B)
Class com.intellij.gradle.toolingExtension.impl.model.projectModel.GradleExternalProjectSerializationService: loaded 2 times (x 77B)
Class kotlin.text.CharsKt__CharKt                                                     : loaded 2 times (x 71B)
Class kotlin.collections.ArrayDeque$Companion                                         : loaded 2 times (x 71B)
Class kotlin.collections.ArraysKt                                                     : loaded 2 times (x 71B)
Class org.gradle.tooling.model.HierarchicalElement                                    : loaded 2 times (x 70B)
Class com.android.builder.model.v2.dsl.DependenciesInfo                               : loaded 2 times (x 70B)
Class kotlin.text.MatchGroupCollection                                                : loaded 2 times (x 70B)
Class org.objectweb.asm.Label                                                         : loaded 2 times (x 73B)
Class org.objectweb.asm.CurrentFrame                                                  : loaded 2 times (x 73B)
Class org.objectweb.asm.ClassTooLargeException                                        : loaded 2 times (x 83B)
Class com.google.common.base.CharMatcher                                              : loaded 2 times (x 111B)
Class kotlin.text.StringsKt__StringsKt                                                : loaded 2 times (x 71B)
Class org.jetbrains.plugins.gradle.tooling.serialization.ExternalTestsSerializationService: loaded 2 times (x 77B)
Class com.google.common.collect.ByFunctionOrdering                                    : loaded 2 times (x 115B)
Class kotlin.collections.SetsKt__SetsKt                                               : loaded 2 times (x 71B)
Class kotlin.coroutines.EmptyCoroutineContext                                         : loaded 2 times (x 77B)
Class org.gradle.internal.time.Time                                                   : loaded 2 times (x 71B)
Class com.android.builder.model.v2.models.ProjectGraph                                : loaded 2 times (x 70B)
Class com.android.ide.gradle.model.dependencies.DeclaredDependencies                  : loaded 2 times (x 70B)
Class org.objectweb.asm.Frame                                                         : loaded 2 times (x 73B)
Class org.objectweb.asm.MethodVisitor                                                 : loaded 2 times (x 105B)
Class com.google.common.cache.LocalCache$EntryFactory$1                               : loaded 2 times (x 83B)
Class [Lcom.google.common.cache.RemovalListener;                                      : loaded 2 times (x 69B)
Class com.google.common.base.CharMatcher$1                                            : loaded 2 times (x 113B)
Class com.google.common.base.CharMatcher$NamedFastMatcher                             : loaded 2 times (x 112B)
Class com.android.ide.common.repository.AgpVersion$PreviewKind                        : loaded 2 times (x 79B)
Class org.jetbrains.plugins.gradle.tooling.serialization.AnnotationProcessingModelSerializationService: loaded 2 times (x 77B)
Class com.google.common.collect.RangeGwtSerializationDependencies                     : loaded 2 times (x 71B)
Class kotlin.collections.ArraysKt__ArraysJVMKt                                        : loaded 2 times (x 71B)
Class com.google.common.cache.LocalCache$EntryFactory$2                               : loaded 2 times (x 83B)
Class org.jetbrains.plugins.gradle.model.DependencyAccessorsModel                     : loaded 2 times (x 70B)
Class [Lcom.intellij.openapi.externalSystem.model.project.dependencies.ResolutionState;: loaded 2 times (x 69B)
Class org.gradle.internal.impldep.gnu.trove.TObjectHash                               : loaded 2 times (x 94B)
Class kotlin.text.StringsKt__StringBuilderKt                                          : loaded 2 times (x 71B)
Class com.google.common.collect.RangeSet                                              : loaded 2 times (x 70B)
Class kotlin.jvm.internal.CallableReference$NoReceiver                                : loaded 2 times (x 71B)
Class org.gradle.api.internal.classpath.GlobalCacheRootsProvider                      : loaded 2 times (x 70B)
Class org.objectweb.asm.ModuleWriter                                                  : loaded 2 times (x 82B)
Class com.google.common.cache.LocalCache$EntryFactory$3                               : loaded 2 times (x 83B)
Class com.google.common.base.Ticker$1                                                 : loaded 2 times (x 72B)
Class com.google.common.collect.Maps$BiMapConverter                                   : loaded 2 times (x 90B)
Class com.google.common.collect.ImmutableMapEntrySet$RegularEntrySet                  : loaded 2 times (x 152B)
Class org.jetbrains.kotlin.idea.gradleTooling.KotlinMPPGradleModel                    : loaded 2 times (x 70B)
Class com.intellij.gradle.toolingExtension.impl.model.dependencyDownloadPolicyModel.GradleDependencyDownloadPolicy: loaded 2 times (x 70B)
Class kotlin.NoWhenBranchMatchedException                                             : loaded 2 times (x 82B)
Class org.gradle.tooling.model.BuildIdentifier                                        : loaded 2 times (x 70B)
Class com.android.builder.model.v2.ide.VectorDrawablesOptions                         : loaded 2 times (x 70B)
Class com.google.common.cache.LocalCache$EntryFactory$4                               : loaded 2 times (x 83B)
Class com.google.common.base.CharMatcher$InRange                                      : loaded 2 times (x 111B)
Class com.google.common.collect.ImmutableSet$Builder                                  : loaded 2 times (x 85B)
Class org.jetbrains.kotlin.idea.gradleTooling.PrepareKotlinIdeImportTaskModel         : loaded 2 times (x 70B)
Class com.android.builder.model.v2.models.VariantDependenciesFlatList                 : loaded 2 times (x 70B)
Class com.google.common.cache.LocalCache$EntryFactory$5                               : loaded 2 times (x 83B)
Class com.android.ide.gradle.model.GradlePluginModel                                  : loaded 2 times (x 70B)
Class com.google.common.collect.ReverseOrdering                                       : loaded 2 times (x 115B)
Class org.gradle.tooling.model.build.JavaEnvironment                                  : loaded 2 times (x 70B)
Class org.jetbrains.plugins.gradle.tooling.serialization.internal.IdeaProjectSerializationService$ReadContext: loaded 2 times (x 72B)
Class com.android.builder.model.v2.ide.SourceSetContainer                             : loaded 2 times (x 70B)
Class com.google.common.cache.LocalCache$EntryFactory$6                               : loaded 2 times (x 83B)
Class org.gradle.internal.time.Timer                                                  : loaded 2 times (x 70B)
Class kotlin.jvm.internal.markers.KMappedMarker                                       : loaded 2 times (x 70B)
Class org.gradle.internal.installation.CurrentGradleInstallationLocator               : loaded 2 times (x 71B)
Class com.android.builder.model.v2.ide.LintOptions                                    : loaded 2 times (x 70B)
Class com.google.common.collect.Maps$KeySet                                           : loaded 2 times (x 137B)
Class com.google.common.cache.LocalCache$EntryFactory$7                               : loaded 2 times (x 83B)
Class com.google.common.collect.ImmutableSet$EmptySetBuilderImpl                      : loaded 2 times (x 76B)
Class com.google.common.collect.RegularImmutableMap$KeySet                            : loaded 2 times (x 152B)
Class org.gradle.tooling.internal.adapter.ProtocolToModelAdapter$ViewGraphDetails     : loaded 2 times (x 72B)
Class org.gradle.tooling.model.idea.IdeaProject                                       : loaded 2 times (x 70B)
Class org.gradle.tooling.model.DomainObjectSet                                        : loaded 2 times (x 70B)
Class org.gradle.internal.service.DefaultServiceLocator                               : loaded 2 times (x 83B)
Class com.android.builder.model.v2.ide.BasicArtifact                                  : loaded 2 times (x 70B)
Class com.google.common.cache.LocalCache$EntryFactory$8                               : loaded 2 times (x 83B)
Class com.google.common.base.PairwiseEquivalence                                      : loaded 2 times (x 83B)
Class kotlin.coroutines.jvm.internal.SuspendFunction                                  : loaded 2 times (x 70B)
Class org.gradle.util.GradleVersion                                                   : loaded 2 times (x 79B)
Class org.gradle.internal.installation.CurrentGradleInstallation                      : loaded 2 times (x 73B)
Class com.google.common.cache.CacheLoader$1                                           : loaded 2 times (x 75B)
Class com.google.common.collect.ForwardingObject                                      : loaded 2 times (x 72B)
Class com.google.common.base.Equivalence$Identity                                     : loaded 2 times (x 82B)
Class org.jetbrains.plugins.gradle.javaModel.JavaGradleManifestModel                  : loaded 2 times (x 70B)
Class org.jetbrains.plugins.gradle.tooling.serialization.GradleExtensionsSerializationService$WriteContext: loaded 2 times (x 72B)
Class com.intellij.gradle.toolingExtension.impl.model.taskModel.GradleTaskSerialisationService$Companion: loaded 2 times (x 71B)
Class kotlin.jvm.internal.StringCompanionObject                                       : loaded 2 times (x 71B)
Class kotlin.coroutines.intrinsics.IntrinsicsKt__IntrinsicsJvmKt                      : loaded 2 times (x 71B)
Class kotlin.coroutines.jvm.internal.CoroutineStackFrame                              : loaded 2 times (x 70B)
Class org.gradle.tooling.internal.adapter.ProtocolToModelAdapter$MethodInvocationCache$MethodInvocationKey: loaded 2 times (x 73B)
Class org.gradle.util.internal.GUtil                                                  : loaded 2 times (x 71B)
Class com.google.common.util.concurrent.AbstractFuture$SetFuture                      : loaded 2 times (x 75B)
Class com.google.common.cache.AbstractCache$StatsCounter                              : loaded 2 times (x 70B)
Class com.intellij.gradle.toolingExtension.impl.model.utilTurnOffDefaultTasksModel.TurnOffDefaultTasks: loaded 2 times (x 70B)
Class com.intellij.gradle.toolingExtension.impl.model.sourceSetModel.GradleSourceSetSerialisationService$SourceSetModelReadContext: loaded 2 times (x 72B)
Class kotlin.io.NoSuchFileException                                                   : loaded 2 times (x 82B)
Class kotlin.collections.CollectionsKt                                                : loaded 2 times (x 71B)
Class com.android.builder.model.v2.dsl.BuildType                                      : loaded 2 times (x 70B)
Class org.gradle.internal.service.ServiceLookupException                              : loaded 2 times (x 82B)
Class com.android.builder.model.v2.ide.ViewBindingOptions                             : loaded 2 times (x 70B)
Class com.intellij.gradle.toolingExtension.impl.model.sourceSetModel.GradleSourceSetSerialisationService$SourceSetModelWriteContext: loaded 2 times (x 72B)
Class kotlin.ranges.IntProgressionIterator                                            : loaded 2 times (x 82B)
Class kotlin.coroutines.CoroutineContext                                              : loaded 2 times (x 70B)
Class kotlin.coroutines.jvm.internal.DebugProbesKt                                    : loaded 2 times (x 71B)
Class org.gradle.tooling.internal.adapter.WeakIdentityHashMap                         : loaded 2 times (x 76B)
Class org.gradle.tooling.GradleConnectionException                                    : loaded 2 times (x 83B)
Class org.gradle.tooling.internal.adapter.ProtocolToModelAdapter$1                    : loaded 2 times (x 75B)
Class org.gradle.tooling.internal.adapter.ProtocolToModelAdapter$ViewDecoration       : loaded 2 times (x 70B)
Class org.gradle.internal.installation.GradleInstallation                             : loaded 2 times (x 75B)
Class com.google.common.collect.Iterables                                             : loaded 2 times (x 71B)
Class org.jetbrains.plugins.gradle.tooling.serialization.GradleExtensionsSerializationService$ReadContext: loaded 2 times (x 72B)
Class com.google.common.collect.LexicographicalOrdering                               : loaded 2 times (x 115B)
Class org.gradle.tooling.internal.adapter.MethodInvoker                               : loaded 2 times (x 70B)
Class com.google.common.collect.Lists$RandomAccessReverseList                         : loaded 2 times (x 200B)
Class org.jetbrains.plugins.gradle.tooling.serialization.RepositoriesModelSerializationService$WriteContext: loaded 2 times (x 72B)
Class com.android.ide.gradle.model.LegacyAndroidGradlePluginProperties                : loaded 2 times (x 70B)
Class kotlin.ranges.IntProgression                                                    : loaded 2 times (x 81B)
Class kotlin.jvm.KotlinReflectionNotSupportedError                                    : loaded 2 times (x 82B)
Class org.gradle.tooling.model.gradle.GradleScript                                    : loaded 2 times (x 70B)

---------------  S Y S T E M  ---------------

OS:
 Windows 11 , 64 bit Build 26100 (10.0.26100.8246)
OS uptime: 0 days 18:16 hours
Hyper-V role detected

CPU: total 12 (initial active 12) (6 cores per cpu, 2 threads per core) family 6 model 186 stepping 3 microcode 0x410e, cx8, cmov, fxsr, ht, mmx, 3dnowpref, sse, sse2, sse3, ssse3, sse4.1, sse4.2, popcnt, lzcnt, tsc, tscinvbit, avx, avx2, aes, erms, clmul, bmi1, bmi2, adx, sha, fma, vzeroupper, clflush, clflushopt, clwb, hv, serialize, rdtscp, rdpid, fsrm, f16c, cet_ibt, cet_ss
Processor Information for processor 0
  Max Mhz: 1300, Current Mhz: 1300, Mhz Limit: 1300
Processor Information for processor 1
  Max Mhz: 1300, Current Mhz: 1300, Mhz Limit: 1300
Processor Information for processor 2
  Max Mhz: 1300, Current Mhz: 1300, Mhz Limit: 1300
Processor Information for processor 3
  Max Mhz: 1300, Current Mhz: 1300, Mhz Limit: 1300
Processor Information for processor 4
  Max Mhz: 1300, Current Mhz: 900, Mhz Limit: 897
Processor Information for processor 5
  Max Mhz: 1300, Current Mhz: 900, Mhz Limit: 897
Processor Information for processor 6
  Max Mhz: 1300, Current Mhz: 900, Mhz Limit: 897
Processor Information for processor 7
  Max Mhz: 1300, Current Mhz: 900, Mhz Limit: 897
Processor Information for processor 8
  Max Mhz: 1300, Current Mhz: 900, Mhz Limit: 897
Processor Information for processor 9
  Max Mhz: 1300, Current Mhz: 900, Mhz Limit: 897
Processor Information for processor 10
  Max Mhz: 1300, Current Mhz: 900, Mhz Limit: 897
Processor Information for processor 11
  Max Mhz: 1300, Current Mhz: 900, Mhz Limit: 897

Memory: 4k page, system-wide physical 7879M (655M free)
TotalPageFile size 11975M (AvailPageFile size 13M)
current process WorkingSet (physical memory assigned to process): 516M, peak: 530M
current process commit charge ("private bytes"): 561M, peak: 581M

vm_info: OpenJDK 64-Bit Server VM (21.0.8+-14196175-b1038.72) for windows-amd64 JRE (21.0.8+-14196175-b1038.72), built on 2025-10-01T10:24:33Z by "builder" with MS VC++ 16.10 / 16.11 (VS2019)

END.
