#
# There is insufficient memory for the Java Runtime Environment to continue.
# Native memory allocation (malloc) failed to allocate 801168 bytes. Error detail: Chunk::new
# Possible reasons:
#   The system is out of physical RAM or swap space
#   This process is running with CompressedOops enabled, and the Java Heap may be blocking the growth of the native heap
# Possible solutions:
#   Reduce memory load on the system
#   Increase physical memory or swap space
#   Check if swap backing store is full
#   Decrease Java heap size (-Xmx/-Xms)
#   Decrease number of Java threads
#   Decrease Java thread stack sizes (-Xss)
#   Set larger code cache with -XX:ReservedCodeCacheSize=
#   JVM is running with Unscaled Compressed Oops mode in which the Java heap is
#     placed in the first 4GB address space. The Java Heap base address is the
#     maximum limit for the native heap growth. Please use -XX:HeapBaseMinAddress
#     to set the Java Heap base and to place the Java Heap above 4GB virtual address.
# This output file may be truncated or incomplete.
#
#  Out of Memory Error (arena.cpp:168), pid=14272, tid=6288
#
# JRE version: OpenJDK Runtime Environment (21.0.8) (build 21.0.8+-14196175-b1038.72)
# Java VM: OpenJDK 64-Bit Server VM (21.0.8+-14196175-b1038.72, mixed mode, tiered, compressed oops, compressed class ptrs, g1 gc, windows-amd64)
# No core dump will be written. Minidumps are not enabled by default on client versions of Windows
#

---------------  S U M M A R Y ------------

Command Line: --add-opens=java.base/java.lang=ALL-UNNAMED --add-opens=java.base/java.lang.invoke=ALL-UNNAMED --add-opens=java.base/java.util=ALL-UNNAMED --add-opens=java.prefs/java.util.prefs=ALL-UNNAMED --add-exports=jdk.compiler/com.sun.tools.javac.api=ALL-UNNAMED --add-exports=jdk.compiler/com.sun.tools.javac.util=ALL-UNNAMED --add-opens=java.base/java.util=ALL-UNNAMED --add-opens=java.prefs/java.util.prefs=ALL-UNNAMED --add-opens=java.base/java.nio.charset=ALL-UNNAMED --add-opens=java.base/java.net=ALL-UNNAMED --add-opens=java.base/java.util.concurrent.atomic=ALL-UNNAMED --add-opens=java.xml/javax.xml.namespace=ALL-UNNAMED -Xmx2048m -Dfile.encoding=UTF-8 -Duser.country=PH -Duser.language=en -Duser.variant -javaagent:C:\Users\Mica\.gradle\wrapper\dists\gradle-8.13-bin\5xuhj0ry160q40clulazy9h7d\gradle-8.13\lib\agents\gradle-instrumentation-agent-8.13.jar org.gradle.launcher.daemon.bootstrap.GradleDaemon 8.13

Host: 13th Gen Intel(R) Core(TM) i5-1335U, 12 cores, 7G,  Windows 11 , 64 bit Build 26100 (10.0.26100.8246)
Time: Tue May 12 14:54:29 2026 Malay Peninsula Standard Time elapsed time: 20.650356 seconds (0d 0h 0m 20s)

---------------  T H R E A D  ---------------

Current thread (0x000001959f302ef0):  JavaThread "C2 CompilerThread2" daemon [_thread_in_native, id=6288, stack(0x0000003358e00000,0x0000003358f00000) (1024K)]


Current CompileTask:
C2:20650 14486       4       org.gradle.internal.operations.DefaultBuildOperationRunner::execute (147 bytes)

Stack: [0x0000003358e00000,0x0000003358f00000]
Native frames: (J=compiled Java code, j=interpreted, Vv=VM code, C=native code)
V  [jvm.dll+0x6d68d9]
V  [jvm.dll+0x866693]
V  [jvm.dll+0x868c4e]
V  [jvm.dll+0x869333]
V  [jvm.dll+0x280566]
V  [jvm.dll+0xc07cd]
V  [jvm.dll+0xc0d03]
V  [jvm.dll+0x3b961b]
V  [jvm.dll+0x1dfd12]
V  [jvm.dll+0x2493a4]
V  [jvm.dll+0x248821]
V  [jvm.dll+0x1c73a4]
V  [jvm.dll+0x257f9e]
V  [jvm.dll+0x2564e6]
V  [jvm.dll+0x3f4696]
V  [jvm.dll+0x80eac8]
V  [jvm.dll+0x6d512d]
C  [ucrtbase.dll+0x37b0]
C  [KERNEL32.DLL+0x2e8d7]
C  [ntdll.dll+0x8c3fc]


---------------  P R O C E S S  ---------------

Threads class SMR info:
_java_thread_list=0x000001959e743cd0, length=183, elements={
0x00000195fecad220, 0x000001959693b410, 0x0000019596970520, 0x00000195969659a0,
0x000001959698b280, 0x0000019596995150, 0x0000019596995bb0, 0x0000019596996610,
0x00000195969987c0, 0x000001959699cc90, 0x0000019596cb7180, 0x000001959cf70a00,
0x000001959cf6dc10, 0x000001959cf6e930, 0x000001959cf71090, 0x000001959cf6efc0,
0x000001959cf6e2a0, 0x000001959cf6fce0, 0x000001959cf6f650, 0x000001959d249c20,
0x000001959d24a2b0, 0x000001959d2481e0, 0x000001959d24a940, 0x000001959d24afd0,
0x000001959d247b50, 0x000001959d24b660, 0x000001959d24bcf0, 0x000001959d248870,
0x000001959d24ca10, 0x000001959d24c380, 0x000001959d24d0a0, 0x000001959d24f170,
0x000001959d24d730, 0x000001959d24ddc0, 0x000001959d24e450, 0x000001959db0b600,
0x000001959db0e3f0, 0x000001959db0c320, 0x000001959db0dd60, 0x000001959db0bc90,
0x000001959db0c9b0, 0x000001959db0ea80, 0x000001959db0d040, 0x000001959db0d6d0,
0x00000195a11835c0, 0x00000195a1182210, 0x00000195a1183c50, 0x00000195a1185690,
0x00000195a11842e0, 0x00000195a1184970, 0x00000195a1185000, 0x00000195a1185d20,
0x00000195a11828a0, 0x00000195a11863b0, 0x00000195a1182f30, 0x00000195a1186a40,
0x00000195a1187760, 0x00000195a11870d0, 0x00000195a1187df0, 0x00000195a1188480,
0x000001959dba7970, 0x000001959dba4b80, 0x000001959dba8690, 0x000001959dba8000,
0x000001959dba5210, 0x000001959dba65c0, 0x000001959dba5f30, 0x000001959dba6c50,
0x000001959dba58a0, 0x000001959dbaa760, 0x000001959dba93b0, 0x000001959dba72e0,
0x000001959dbabb10, 0x000001959dbac1a0, 0x000001959dba9a40, 0x000001959dba8d20,
0x000001959dbaa0d0, 0x000001959dbaadf0, 0x000001959dbab480, 0x00000195a123b3b0,
0x00000195a1239970, 0x00000195a123c0d0, 0x00000195a123ba40, 0x00000195a1238c50,
0x00000195a123c760, 0x00000195a12392e0, 0x00000195a123d480, 0x00000195a123cdf0,
0x000001959e2aa2f0, 0x00000195a123a690, 0x00000195a123e1a0, 0x00000195a1ff33e0,
0x00000195a1ff05f0, 0x00000195a1ff26c0, 0x00000195a1ff1310, 0x00000195a1ff3a70,
0x00000195a1ff19a0, 0x00000195a1ff0c80, 0x00000195a1ff6860, 0x00000195a1ff6ef0,
0x00000195a1ff7580, 0x00000195a1ff7c10, 0x00000195a1ff4790, 0x00000195a1ff4e20,
0x00000195a1ff54b0, 0x00000195a1ff5b40, 0x00000195a123e830, 0x00000195a123eec0,
0x00000195a123f550, 0x00000195a123fbe0, 0x00000195a1240270, 0x000001959c97c110,
0x000001959c97b3f0, 0x000001959c97a040, 0x000001959c97c7a0, 0x000001959b239370,
0x000001959b23c160, 0x000001959b23bad0, 0x000001959b23b440, 0x000001959b239a00,
0x000001959b23c7f0, 0x000001959b23ce80, 0x000001959b23d510, 0x000001959b23a090,
0x000001959b23dba0, 0x000001959b23a720, 0x000001959b23e230, 0x000001959b23adb0,
0x000001959b240300, 0x000001959b23ef50, 0x000001959b23f5e0, 0x000001959b23fc70,
0x000001959b240990, 0x00000195a1ff61d0, 0x00000195a19a7bd0, 0x00000195a19a8f80,
0x00000195a19a7540, 0x00000195a7b69d90, 0x00000195a7b69070, 0x00000195a7b6c4f0,
0x00000195a7b69700, 0x00000195a7b6a420, 0x00000195a7b6cb80, 0x00000195a7b6d210,
0x00000195a7b6aab0, 0x00000195a7b6df30, 0x00000195a7b6b7d0, 0x00000195a7b6e5c0,
0x00000195a7b6d8a0, 0x00000195a7b6b140, 0x00000195a7b720d0, 0x00000195a7b70000,
0x00000195a7b713b0, 0x00000195a7b70d20, 0x00000195a7b71a40, 0x00000195a7b6f2e0,
0x00000195a7b6ec50, 0x00000195a7b72760, 0x00000195a7b72df0, 0x00000195a7b6f970,
0x00000195a7b73b10, 0x00000195a7b73480, 0x000001959f302ef0, 0x00000195a7b74ec0,
0x00000195a7b76f90, 0x00000195a7b75be0, 0x00000195a7b74830, 0x00000195a7b75550,
0x00000195a7b76270, 0x00000195a7b77620, 0x00000195a7b741a0, 0x00000195a7b77cb0,
0x00000195a7b78340, 0x00000195a19a9610, 0x00000195a19a9ca0, 0x00000195a19a88f0,
0x00000195a19aa330, 0x00000195a19a6eb0, 0x00000195a19ade40, 0x00000195a19ac400,
0x000001959b16cd90, 0x000001959b16d420, 0x000001959b16c700
}

Java Threads: ( => current thread )
  0x00000195fecad220 JavaThread "main"                              [_thread_blocked, id=15996, stack(0x0000003352100000,0x0000003352200000) (1024K)]
  0x000001959693b410 JavaThread "Common-Cleaner"             daemon [_thread_blocked, id=6616, stack(0x0000003352900000,0x0000003352a00000) (1024K)]
  0x0000019596970520 JavaThread "Reference Handler"          daemon [_thread_blocked, id=20536, stack(0x0000003352a00000,0x0000003352b00000) (1024K)]
  0x00000195969659a0 JavaThread "Finalizer"                  daemon [_thread_blocked, id=18940, stack(0x0000003352b00000,0x0000003352c00000) (1024K)]
  0x000001959698b280 JavaThread "Signal Dispatcher"          daemon [_thread_blocked, id=19288, stack(0x0000003352c00000,0x0000003352d00000) (1024K)]
  0x0000019596995150 JavaThread "Attach Listener"            daemon [_thread_blocked, id=19992, stack(0x0000003352d00000,0x0000003352e00000) (1024K)]
  0x0000019596995bb0 JavaThread "Service Thread"             daemon [_thread_blocked, id=20500, stack(0x0000003352e00000,0x0000003352f00000) (1024K)]
  0x0000019596996610 JavaThread "Monitor Deflation Thread"   daemon [_thread_blocked, id=18896, stack(0x0000003352f00000,0x0000003353000000) (1024K)]
  0x00000195969987c0 JavaThread "C2 CompilerThread0"         daemon [_thread_in_native, id=19524, stack(0x0000003353000000,0x0000003353100000) (1024K)]
  0x000001959699cc90 JavaThread "C1 CompilerThread0"         daemon [_thread_blocked, id=14028, stack(0x0000003353100000,0x0000003353200000) (1024K)]
  0x0000019596cb7180 JavaThread "Notification Thread"        daemon [_thread_blocked, id=16564, stack(0x0000003353200000,0x0000003353300000) (1024K)]
  0x000001959cf70a00 JavaThread "Daemon health stats"               [_thread_blocked, id=10268, stack(0x0000003353b00000,0x0000003353c00000) (1024K)]
  0x000001959cf6dc10 JavaThread "Incoming local TCP Connector on port 61793"        [_thread_in_native, id=12060, stack(0x0000003353c00000,0x0000003353d00000) (1024K)]
  0x000001959cf6e930 JavaThread "Daemon periodic checks"            [_thread_blocked, id=18952, stack(0x0000003353d00000,0x0000003353e00000) (1024K)]
  0x000001959cf71090 JavaThread "Daemon"                            [_thread_blocked, id=16592, stack(0x0000003353e00000,0x0000003353f00000) (1024K)]
  0x000001959cf6efc0 JavaThread "Handler for socket connection from /127.0.0.1:61793 to /127.0.0.1:61794"        [_thread_in_native, id=10936, stack(0x0000003353f00000,0x0000003354000000) (1024K)]
  0x000001959cf6e2a0 JavaThread "Cancel handler"                    [_thread_blocked, id=2988, stack(0x0000003354000000,0x0000003354100000) (1024K)]
  0x000001959cf6fce0 JavaThread "Daemon worker"                     [_thread_blocked, id=1900, stack(0x0000003354100000,0x0000003354200000) (1024K)]
  0x000001959cf6f650 JavaThread "Asynchronous log dispatcher for DefaultDaemonConnection: socket connection from /127.0.0.1:61793 to /127.0.0.1:61794"        [_thread_blocked, id=17496, stack(0x0000003354200000,0x0000003354300000) (1024K)]
  0x000001959d249c20 JavaThread "Stdin handler"                     [_thread_blocked, id=17944, stack(0x0000003354300000,0x0000003354400000) (1024K)]
  0x000001959d24a2b0 JavaThread "Daemon client event forwarder"        [_thread_blocked, id=18276, stack(0x0000003354400000,0x0000003354500000) (1024K)]
  0x000001959d2481e0 JavaThread "Cache worker for journal cache (C:\Users\Mica\.gradle\caches\journal-1)"        [_thread_blocked, id=15940, stack(0x0000003354a00000,0x0000003354b00000) (1024K)]
  0x000001959d24a940 JavaThread "File lock request listener"        [_thread_in_native, id=5192, stack(0x0000003354b00000,0x0000003354c00000) (1024K)]
  0x000001959d24afd0 JavaThread "Cache worker for file hash cache (C:\Users\Mica\.gradle\caches\8.13\fileHashes)"        [_thread_blocked, id=19592, stack(0x0000003354c00000,0x0000003354d00000) (1024K)]
  0x000001959d247b50 JavaThread "Cache worker for file hash cache (C:\Users\Mica\OneDrive\Pictures\WAD\finalmadexam\.gradle\8.13\fileHashes)"        [_thread_blocked, id=5096, stack(0x0000003354d00000,0x0000003354e00000) (1024K)]
  0x000001959d24b660 JavaThread "Cache worker for Build Output Cleanup Cache (C:\Users\Mica\OneDrive\Pictures\WAD\finalmadexam\.gradle\buildOutputCleanup)"        [_thread_blocked, id=14228, stack(0x0000003354e00000,0x0000003354f00000) (1024K)]
  0x000001959d24bcf0 JavaThread "File watcher server"        daemon [_thread_in_native, id=15856, stack(0x0000003354f00000,0x0000003355000000) (1024K)]
  0x000001959d248870 JavaThread "File watcher consumer"      daemon [_thread_blocked, id=9048, stack(0x0000003355000000,0x0000003355100000) (1024K)]
  0x000001959d24ca10 JavaThread "jar transforms"                    [_thread_blocked, id=18764, stack(0x0000003355100000,0x0000003355200000) (1024K)]
  0x000001959d24c380 JavaThread "jar transforms Thread 2"           [_thread_blocked, id=8108, stack(0x0000003355200000,0x0000003355300000) (1024K)]
  0x000001959d24d0a0 JavaThread "Cache worker for checksums cache (C:\Users\Mica\OneDrive\Pictures\WAD\finalmadexam\.gradle\8.13\checksums)"        [_thread_blocked, id=8560, stack(0x0000003355300000,0x0000003355400000) (1024K)]
  0x000001959d24f170 JavaThread "Cache worker for file content cache (C:\Users\Mica\.gradle\caches\8.13\fileContent)"        [_thread_blocked, id=8616, stack(0x0000003355400000,0x0000003355500000) (1024K)]
  0x000001959d24d730 JavaThread "jar transforms Thread 3"           [_thread_blocked, id=17180, stack(0x0000003355500000,0x0000003355600000) (1024K)]
  0x000001959d24ddc0 JavaThread "Cache worker for cache directory md-supplier (C:\Users\Mica\.gradle\caches\8.13\md-supplier)"        [_thread_blocked, id=18092, stack(0x0000003355600000,0x0000003355700000) (1024K)]
  0x000001959d24e450 JavaThread "Cache worker for cache directory md-rule (C:\Users\Mica\.gradle\caches\8.13\md-rule)"        [_thread_blocked, id=21072, stack(0x0000003355700000,0x0000003355800000) (1024K)]
  0x000001959db0b600 JavaThread "Unconstrained build operations"        [_thread_blocked, id=2168, stack(0x0000003355800000,0x0000003355900000) (1024K)]
  0x000001959db0e3f0 JavaThread "Unconstrained build operations Thread 2"        [_thread_blocked, id=20764, stack(0x0000003355900000,0x0000003355a00000) (1024K)]
  0x000001959db0c320 JavaThread "Unconstrained build operations Thread 3"        [_thread_blocked, id=11240, stack(0x0000003355a00000,0x0000003355b00000) (1024K)]
  0x000001959db0dd60 JavaThread "Unconstrained build operations Thread 4"        [_thread_blocked, id=6976, stack(0x0000003355b00000,0x0000003355c00000) (1024K)]
  0x000001959db0bc90 JavaThread "Unconstrained build operations Thread 5"        [_thread_blocked, id=3380, stack(0x0000003355c00000,0x0000003355d00000) (1024K)]
  0x000001959db0c9b0 JavaThread "Unconstrained build operations Thread 6"        [_thread_blocked, id=14968, stack(0x0000003353400000,0x0000003353500000) (1024K)]
  0x000001959db0ea80 JavaThread "Unconstrained build operations Thread 7"        [_thread_blocked, id=3364, stack(0x0000003355d00000,0x0000003355e00000) (1024K)]
  0x000001959db0d040 JavaThread "Unconstrained build operations Thread 8"        [_thread_blocked, id=19488, stack(0x0000003355e00000,0x0000003355f00000) (1024K)]
  0x000001959db0d6d0 JavaThread "Unconstrained build operations Thread 9"        [_thread_blocked, id=15632, stack(0x0000003355f00000,0x0000003356000000) (1024K)]
  0x00000195a11835c0 JavaThread "Unconstrained build operations Thread 10"        [_thread_blocked, id=2804, stack(0x0000003356000000,0x0000003356100000) (1024K)]
  0x00000195a1182210 JavaThread "jar transforms Thread 4"           [_thread_blocked, id=10416, stack(0x0000003356100000,0x0000003356200000) (1024K)]
  0x00000195a1183c50 JavaThread "jar transforms Thread 5"           [_thread_blocked, id=17560, stack(0x0000003356200000,0x0000003356300000) (1024K)]
  0x00000195a1185690 JavaThread "Unconstrained build operations Thread 11"        [_thread_blocked, id=14972, stack(0x0000003356300000,0x0000003356400000) (1024K)]
  0x00000195a11842e0 JavaThread "Unconstrained build operations Thread 12"        [_thread_blocked, id=7876, stack(0x0000003356400000,0x0000003356500000) (1024K)]
  0x00000195a1184970 JavaThread "Unconstrained build operations Thread 13"        [_thread_blocked, id=11184, stack(0x0000003356500000,0x0000003356600000) (1024K)]
  0x00000195a1185000 JavaThread "Unconstrained build operations Thread 14"        [_thread_blocked, id=11924, stack(0x0000003356600000,0x0000003356700000) (1024K)]
  0x00000195a1185d20 JavaThread "Unconstrained build operations Thread 15"        [_thread_blocked, id=11956, stack(0x0000003356700000,0x0000003356800000) (1024K)]
  0x00000195a11828a0 JavaThread "jar transforms Thread 6"           [_thread_blocked, id=1712, stack(0x0000003356800000,0x0000003356900000) (1024K)]
  0x00000195a11863b0 JavaThread "jar transforms Thread 7"           [_thread_blocked, id=10976, stack(0x0000003356900000,0x0000003356a00000) (1024K)]
  0x00000195a1182f30 JavaThread "jar transforms Thread 8"           [_thread_blocked, id=3228, stack(0x0000003356a00000,0x0000003356b00000) (1024K)]
  0x00000195a1186a40 JavaThread "Unconstrained build operations Thread 16"        [_thread_blocked, id=1256, stack(0x0000003356b00000,0x0000003356c00000) (1024K)]
  0x00000195a1187760 JavaThread "Unconstrained build operations Thread 17"        [_thread_blocked, id=4792, stack(0x0000003356c00000,0x0000003356d00000) (1024K)]
  0x00000195a11870d0 JavaThread "Unconstrained build operations Thread 18"        [_thread_blocked, id=10512, stack(0x0000003356d00000,0x0000003356e00000) (1024K)]
  0x00000195a1187df0 JavaThread "Unconstrained build operations Thread 19"        [_thread_blocked, id=15272, stack(0x0000003356e00000,0x0000003356f00000) (1024K)]
  0x00000195a1188480 JavaThread "Unconstrained build operations Thread 20"        [_thread_blocked, id=3660, stack(0x0000003356f00000,0x0000003357000000) (1024K)]
  0x000001959dba7970 JavaThread "Unconstrained build operations Thread 21"        [_thread_blocked, id=4540, stack(0x0000003357000000,0x0000003357100000) (1024K)]
  0x000001959dba4b80 JavaThread "Unconstrained build operations Thread 22"        [_thread_blocked, id=8780, stack(0x0000003357100000,0x0000003357200000) (1024K)]
  0x000001959dba8690 JavaThread "Unconstrained build operations Thread 23"        [_thread_blocked, id=10444, stack(0x0000003357200000,0x0000003357300000) (1024K)]
  0x000001959dba8000 JavaThread "Unconstrained build operations Thread 24"        [_thread_blocked, id=3552, stack(0x0000003357300000,0x0000003357400000) (1024K)]
  0x000001959dba5210 JavaThread "Unconstrained build operations Thread 25"        [_thread_blocked, id=17372, stack(0x0000003357400000,0x0000003357500000) (1024K)]
  0x000001959dba65c0 JavaThread "Unconstrained build operations Thread 26"        [_thread_blocked, id=2872, stack(0x0000003357500000,0x0000003357600000) (1024K)]
  0x000001959dba5f30 JavaThread "Unconstrained build operations Thread 27"        [_thread_blocked, id=11704, stack(0x0000003357600000,0x0000003357700000) (1024K)]
  0x000001959dba6c50 JavaThread "Unconstrained build operations Thread 28"        [_thread_blocked, id=15900, stack(0x0000003357700000,0x0000003357800000) (1024K)]
  0x000001959dba58a0 JavaThread "Unconstrained build operations Thread 29"        [_thread_blocked, id=17384, stack(0x0000003357800000,0x0000003357900000) (1024K)]
  0x000001959dbaa760 JavaThread "Unconstrained build operations Thread 30"        [_thread_blocked, id=10700, stack(0x0000003357900000,0x0000003357a00000) (1024K)]
  0x000001959dba93b0 JavaThread "Unconstrained build operations Thread 31"        [_thread_blocked, id=3692, stack(0x0000003357a00000,0x0000003357b00000) (1024K)]
  0x000001959dba72e0 JavaThread "Unconstrained build operations Thread 32"        [_thread_blocked, id=19476, stack(0x0000003357b00000,0x0000003357c00000) (1024K)]
  0x000001959dbabb10 JavaThread "Unconstrained build operations Thread 33"        [_thread_blocked, id=20308, stack(0x0000003357c00000,0x0000003357d00000) (1024K)]
  0x000001959dbac1a0 JavaThread "Unconstrained build operations Thread 34"        [_thread_blocked, id=14700, stack(0x0000003357d00000,0x0000003357e00000) (1024K)]
  0x000001959dba9a40 JavaThread "Unconstrained build operations Thread 35"        [_thread_blocked, id=3796, stack(0x0000003357e00000,0x0000003357f00000) (1024K)]
  0x000001959dba8d20 JavaThread "Unconstrained build operations Thread 36"        [_thread_blocked, id=14016, stack(0x0000003357f00000,0x0000003358000000) (1024K)]
  0x000001959dbaa0d0 JavaThread "Unconstrained build operations Thread 37"        [_thread_blocked, id=15896, stack(0x0000003358000000,0x0000003358100000) (1024K)]
  0x000001959dbaadf0 JavaThread "Unconstrained build operations Thread 38"        [_thread_blocked, id=19016, stack(0x0000003358100000,0x0000003358200000) (1024K)]
  0x000001959dbab480 JavaThread "Unconstrained build operations Thread 39"        [_thread_blocked, id=6536, stack(0x0000003358200000,0x0000003358300000) (1024K)]
  0x00000195a123b3b0 JavaThread "Unconstrained build operations Thread 40"        [_thread_blocked, id=4084, stack(0x0000003358300000,0x0000003358400000) (1024K)]
  0x00000195a1239970 JavaThread "Unconstrained build operations Thread 41"        [_thread_blocked, id=15616, stack(0x0000003358400000,0x0000003358500000) (1024K)]
  0x00000195a123c0d0 JavaThread "Unconstrained build operations Thread 42"        [_thread_blocked, id=18448, stack(0x0000003358500000,0x0000003358600000) (1024K)]
  0x00000195a123ba40 JavaThread "Unconstrained build operations Thread 43"        [_thread_blocked, id=20664, stack(0x0000003358600000,0x0000003358700000) (1024K)]
  0x00000195a1238c50 JavaThread "Unconstrained build operations Thread 44"        [_thread_blocked, id=8756, stack(0x0000003358700000,0x0000003358800000) (1024K)]
  0x00000195a123c760 JavaThread "Unconstrained build operations Thread 45"        [_thread_blocked, id=15168, stack(0x0000003358800000,0x0000003358900000) (1024K)]
  0x00000195a12392e0 JavaThread "Unconstrained build operations Thread 46"        [_thread_blocked, id=11432, stack(0x0000003358900000,0x0000003358a00000) (1024K)]
  0x00000195a123d480 JavaThread "Unconstrained build operations Thread 47"        [_thread_blocked, id=2396, stack(0x0000003358a00000,0x0000003358b00000) (1024K)]
  0x00000195a123cdf0 JavaThread "Unconstrained build operations Thread 48"        [_thread_blocked, id=18716, stack(0x0000003358b00000,0x0000003358c00000) (1024K)]
  0x000001959e2aa2f0 JavaThread "C2 CompilerThread1"         daemon [_thread_in_native, id=10192, stack(0x0000003353300000,0x0000003353400000) (1024K)]
  0x00000195a123a690 JavaThread "build event listener"              [_thread_blocked, id=3440, stack(0x0000003358c00000,0x0000003358d00000) (1024K)]
  0x00000195a123e1a0 JavaThread "Memory manager"                    [_thread_blocked, id=16980, stack(0x0000003358d00000,0x0000003358e00000) (1024K)]
  0x00000195a1ff33e0 JavaThread "included builds"                   [_thread_blocked, id=19820, stack(0x0000003358f00000,0x0000003359000000) (1024K)]
  0x00000195a1ff05f0 JavaThread "Execution worker"                  [_thread_blocked, id=18392, stack(0x0000003359000000,0x0000003359100000) (1024K)]
  0x00000195a1ff26c0 JavaThread "Execution worker Thread 2"         [_thread_blocked, id=3716, stack(0x0000003359100000,0x0000003359200000) (1024K)]
  0x00000195a1ff1310 JavaThread "Execution worker Thread 3"         [_thread_blocked, id=18572, stack(0x0000003359200000,0x0000003359300000) (1024K)]
  0x00000195a1ff3a70 JavaThread "Execution worker Thread 4"         [_thread_blocked, id=18624, stack(0x0000003359300000,0x0000003359400000) (1024K)]
  0x00000195a1ff19a0 JavaThread "Execution worker Thread 5"         [_thread_blocked, id=20964, stack(0x0000003359400000,0x0000003359500000) (1024K)]
  0x00000195a1ff0c80 JavaThread "Execution worker Thread 6"         [_thread_blocked, id=20968, stack(0x0000003359500000,0x0000003359600000) (1024K)]
  0x00000195a1ff6860 JavaThread "Execution worker Thread 7"         [_thread_blocked, id=2012, stack(0x0000003359600000,0x0000003359700000) (1024K)]
  0x00000195a1ff6ef0 JavaThread "Execution worker Thread 8"         [_thread_blocked, id=9040, stack(0x0000003359700000,0x0000003359800000) (1024K)]
  0x00000195a1ff7580 JavaThread "Execution worker Thread 9"         [_thread_blocked, id=17248, stack(0x0000003359800000,0x0000003359900000) (1024K)]
  0x00000195a1ff7c10 JavaThread "Execution worker Thread 10"        [_thread_blocked, id=9116, stack(0x0000003359900000,0x0000003359a00000) (1024K)]
  0x00000195a1ff4790 JavaThread "Execution worker Thread 11"        [_thread_blocked, id=12116, stack(0x0000003359a00000,0x0000003359b00000) (1024K)]
  0x00000195a1ff4e20 JavaThread "Cache worker for execution history cache (C:\Users\Mica\OneDrive\Pictures\WAD\finalmadexam\.gradle\8.13\executionHistory)"        [_thread_blocked, id=10316, stack(0x0000003359b00000,0x0000003359c00000) (1024K)]
  0x00000195a1ff54b0 JavaThread "Unconstrained build operations Thread 49"        [_thread_blocked, id=17860, stack(0x0000003359c00000,0x0000003359d00000) (1024K)]
  0x00000195a1ff5b40 JavaThread "Unconstrained build operations Thread 50"        [_thread_blocked, id=18824, stack(0x0000003359d00000,0x0000003359e00000) (1024K)]
  0x00000195a123e830 JavaThread "Unconstrained build operations Thread 51"        [_thread_blocked, id=18228, stack(0x0000003359e00000,0x0000003359f00000) (1024K)]
  0x00000195a123eec0 JavaThread "Unconstrained build operations Thread 52"        [_thread_blocked, id=18728, stack(0x0000003359f00000,0x000000335a000000) (1024K)]
  0x00000195a123f550 JavaThread "Unconstrained build operations Thread 53"        [_thread_blocked, id=9404, stack(0x000000335a000000,0x000000335a100000) (1024K)]
  0x00000195a123fbe0 JavaThread "Unconstrained build operations Thread 54"        [_thread_blocked, id=6588, stack(0x000000335a100000,0x000000335a200000) (1024K)]
  0x00000195a1240270 JavaThread "Unconstrained build operations Thread 55"        [_thread_blocked, id=4464, stack(0x000000335a200000,0x000000335a300000) (1024K)]
  0x000001959c97c110 JavaThread "Unconstrained build operations Thread 56"        [_thread_blocked, id=6440, stack(0x000000335a300000,0x000000335a400000) (1024K)]
  0x000001959c97b3f0 JavaThread "Unconstrained build operations Thread 57"        [_thread_blocked, id=19800, stack(0x000000335a400000,0x000000335a500000) (1024K)]
  0x000001959c97a040 JavaThread "Unconstrained build operations Thread 58"        [_thread_blocked, id=15732, stack(0x000000335a500000,0x000000335a600000) (1024K)]
  0x000001959c97c7a0 JavaThread "Unconstrained build operations Thread 59"        [_thread_blocked, id=11680, stack(0x000000335a600000,0x000000335a700000) (1024K)]
  0x000001959b239370 JavaThread "Unconstrained build operations Thread 60"        [_thread_blocked, id=11440, stack(0x000000335a700000,0x000000335a800000) (1024K)]
  0x000001959b23c160 JavaThread "Unconstrained build operations Thread 61"        [_thread_blocked, id=11292, stack(0x000000335a800000,0x000000335a900000) (1024K)]
  0x000001959b23bad0 JavaThread "Unconstrained build operations Thread 62"        [_thread_blocked, id=11084, stack(0x000000335a900000,0x000000335aa00000) (1024K)]
  0x000001959b23b440 JavaThread "Unconstrained build operations Thread 63"        [_thread_blocked, id=14388, stack(0x000000335aa00000,0x000000335ab00000) (1024K)]
  0x000001959b239a00 JavaThread "Unconstrained build operations Thread 64"        [_thread_blocked, id=10276, stack(0x000000335ab00000,0x000000335ac00000) (1024K)]
  0x000001959b23c7f0 JavaThread "Unconstrained build operations Thread 65"        [_thread_blocked, id=11692, stack(0x000000335ac00000,0x000000335ad00000) (1024K)]
  0x000001959b23ce80 JavaThread "Unconstrained build operations Thread 66"        [_thread_blocked, id=12588, stack(0x000000335ad00000,0x000000335ae00000) (1024K)]
  0x000001959b23d510 JavaThread "Unconstrained build operations Thread 67"        [_thread_blocked, id=19708, stack(0x000000335ae00000,0x000000335af00000) (1024K)]
  0x000001959b23a090 JavaThread "Unconstrained build operations Thread 68"        [_thread_blocked, id=20104, stack(0x000000335af00000,0x000000335b000000) (1024K)]
  0x000001959b23dba0 JavaThread "Unconstrained build operations Thread 69"        [_thread_blocked, id=18784, stack(0x000000335b000000,0x000000335b100000) (1024K)]
  0x000001959b23a720 JavaThread "Unconstrained build operations Thread 70"        [_thread_blocked, id=3920, stack(0x000000335b100000,0x000000335b200000) (1024K)]
  0x000001959b23e230 JavaThread "Unconstrained build operations Thread 71"        [_thread_blocked, id=5644, stack(0x000000335b200000,0x000000335b300000) (1024K)]
  0x000001959b23adb0 JavaThread "Unconstrained build operations Thread 72"        [_thread_blocked, id=11028, stack(0x000000335b300000,0x000000335b400000) (1024K)]
  0x000001959b240300 JavaThread "Unconstrained build operations Thread 73"        [_thread_blocked, id=19152, stack(0x000000335b400000,0x000000335b500000) (1024K)]
  0x000001959b23ef50 JavaThread "Unconstrained build operations Thread 74"        [_thread_blocked, id=8664, stack(0x000000335b500000,0x000000335b600000) (1024K)]
  0x000001959b23f5e0 JavaThread "Unconstrained build operations Thread 75"        [_thread_blocked, id=11588, stack(0x000000335b600000,0x000000335b700000) (1024K)]
  0x000001959b23fc70 JavaThread "Unconstrained build operations Thread 76"        [_thread_blocked, id=12312, stack(0x000000335b700000,0x000000335b800000) (1024K)]
  0x000001959b240990 JavaThread "Unconstrained build operations Thread 77"        [_thread_blocked, id=15860, stack(0x000000335b800000,0x000000335b900000) (1024K)]
  0x00000195a1ff61d0 JavaThread "Unconstrained build operations Thread 78"        [_thread_blocked, id=19688, stack(0x000000335b900000,0x000000335ba00000) (1024K)]
  0x00000195a19a7bd0 JavaThread "Unconstrained build operations Thread 79"        [_thread_blocked, id=13364, stack(0x000000335ba00000,0x000000335bb00000) (1024K)]
  0x00000195a19a8f80 JavaThread "Unconstrained build operations Thread 80"        [_thread_blocked, id=2496, stack(0x000000335bb00000,0x000000335bc00000) (1024K)]
  0x00000195a19a7540 JavaThread "Unconstrained build operations Thread 81"        [_thread_blocked, id=11336, stack(0x000000335bc00000,0x000000335bd00000) (1024K)]
  0x00000195a7b69d90 JavaThread "WorkerExecutor Queue"              [_thread_in_native, id=3700, stack(0x000000335bd00000,0x000000335be00000) (1024K)]
  0x00000195a7b69070 JavaThread "Unconstrained build operations Thread 82"        [_thread_blocked, id=11920, stack(0x000000335be00000,0x000000335bf00000) (1024K)]
  0x00000195a7b6c4f0 JavaThread "WorkerExecutor Queue Thread 2"        [_thread_blocked, id=3168, stack(0x000000335bf00000,0x000000335c000000) (1024K)]
  0x00000195a7b69700 JavaThread "Unconstrained build operations Thread 83"        [_thread_blocked, id=13376, stack(0x000000335c000000,0x000000335c100000) (1024K)]
  0x00000195a7b6a420 JavaThread "Unconstrained build operations Thread 84"        [_thread_blocked, id=18264, stack(0x000000335c100000,0x000000335c200000) (1024K)]
  0x00000195a7b6cb80 JavaThread "Unconstrained build operations Thread 85"        [_thread_blocked, id=9468, stack(0x000000335c200000,0x000000335c300000) (1024K)]
  0x00000195a7b6d210 JavaThread "Unconstrained build operations Thread 86"        [_thread_blocked, id=15680, stack(0x000000335c300000,0x000000335c400000) (1024K)]
  0x00000195a7b6aab0 JavaThread "Unconstrained build operations Thread 87"        [_thread_blocked, id=8740, stack(0x000000335c400000,0x000000335c500000) (1024K)]
  0x00000195a7b6df30 JavaThread "Unconstrained build operations Thread 88"        [_thread_blocked, id=20740, stack(0x000000335c500000,0x000000335c600000) (1024K)]
  0x00000195a7b6b7d0 JavaThread "Unconstrained build operations Thread 89"        [_thread_blocked, id=4796, stack(0x000000335c600000,0x000000335c700000) (1024K)]
  0x00000195a7b6e5c0 JavaThread "Unconstrained build operations Thread 90"        [_thread_blocked, id=18652, stack(0x000000335c700000,0x000000335c800000) (1024K)]
  0x00000195a7b6d8a0 JavaThread "Unconstrained build operations Thread 91"        [_thread_blocked, id=8372, stack(0x000000335c800000,0x000000335c900000) (1024K)]
  0x00000195a7b6b140 JavaThread "Unconstrained build operations Thread 92"        [_thread_blocked, id=8592, stack(0x000000335c900000,0x000000335ca00000) (1024K)]
  0x00000195a7b720d0 JavaThread "Unconstrained build operations Thread 93"        [_thread_blocked, id=16848, stack(0x000000335ca00000,0x000000335cb00000) (1024K)]
  0x00000195a7b70000 JavaThread "Unconstrained build operations Thread 94"        [_thread_blocked, id=15684, stack(0x000000335cb00000,0x000000335cc00000) (1024K)]
  0x00000195a7b713b0 JavaThread "Unconstrained build operations Thread 95"        [_thread_blocked, id=14640, stack(0x000000335cc00000,0x000000335cd00000) (1024K)]
  0x00000195a7b70d20 JavaThread "Unconstrained build operations Thread 96"        [_thread_blocked, id=20140, stack(0x000000335cd00000,0x000000335ce00000) (1024K)]
  0x00000195a7b71a40 JavaThread "Unconstrained build operations Thread 97"        [_thread_blocked, id=19796, stack(0x000000335ce00000,0x000000335cf00000) (1024K)]
  0x00000195a7b6f2e0 JavaThread "Unconstrained build operations Thread 98"        [_thread_blocked, id=17380, stack(0x000000335cf00000,0x000000335d000000) (1024K)]
  0x00000195a7b6ec50 JavaThread "Unconstrained build operations Thread 99"        [_thread_blocked, id=14136, stack(0x000000335d000000,0x000000335d100000) (1024K)]
  0x00000195a7b72760 JavaThread "Unconstrained build operations Thread 100"        [_thread_blocked, id=14908, stack(0x000000335d100000,0x000000335d200000) (1024K)]
  0x00000195a7b72df0 JavaThread "Unconstrained build operations Thread 101"        [_thread_blocked, id=19308, stack(0x000000335d200000,0x000000335d300000) (1024K)]
  0x00000195a7b6f970 JavaThread "Unconstrained build operations Thread 102"        [_thread_blocked, id=19852, stack(0x000000335d300000,0x000000335d400000) (1024K)]
  0x00000195a7b73b10 JavaThread "Unconstrained build operations Thread 103"        [_thread_blocked, id=19716, stack(0x000000335d400000,0x000000335d500000) (1024K)]
  0x00000195a7b73480 JavaThread "Unconstrained build operations Thread 104"        [_thread_blocked, id=18592, stack(0x000000335d500000,0x000000335d600000) (1024K)]
=>0x000001959f302ef0 JavaThread "C2 CompilerThread2"         daemon [_thread_in_native, id=6288, stack(0x0000003358e00000,0x0000003358f00000) (1024K)]
  0x00000195a7b74ec0 JavaThread "Unconstrained build operations Thread 105"        [_thread_blocked, id=7520, stack(0x000000335d600000,0x000000335d700000) (1024K)]
  0x00000195a7b76f90 JavaThread "Unconstrained build operations Thread 106"        [_thread_blocked, id=3856, stack(0x000000335d700000,0x000000335d800000) (1024K)]
  0x00000195a7b75be0 JavaThread "Unconstrained build operations Thread 107"        [_thread_blocked, id=17148, stack(0x000000335d800000,0x000000335d900000) (1024K)]
  0x00000195a7b74830 JavaThread "Unconstrained build operations Thread 108"        [_thread_blocked, id=5984, stack(0x000000335d900000,0x000000335da00000) (1024K)]
  0x00000195a7b75550 JavaThread "Unconstrained build operations Thread 109"        [_thread_blocked, id=18312, stack(0x000000335da00000,0x000000335db00000) (1024K)]
  0x00000195a7b76270 JavaThread "Unconstrained build operations Thread 110"        [_thread_blocked, id=7456, stack(0x000000335db00000,0x000000335dc00000) (1024K)]
  0x00000195a7b77620 JavaThread "Unconstrained build operations Thread 111"        [_thread_blocked, id=6500, stack(0x000000335dc00000,0x000000335dd00000) (1024K)]
  0x00000195a7b741a0 JavaThread "Unconstrained build operations Thread 112"        [_thread_blocked, id=6792, stack(0x000000335dd00000,0x000000335de00000) (1024K)]
  0x00000195a7b77cb0 JavaThread "Unconstrained build operations Thread 113"        [_thread_blocked, id=1532, stack(0x000000335de00000,0x000000335df00000) (1024K)]
  0x00000195a7b78340 JavaThread "Unconstrained build operations Thread 114"        [_thread_blocked, id=16480, stack(0x000000335df00000,0x000000335e000000) (1024K)]
  0x00000195a19a9610 JavaThread "Unconstrained build operations Thread 115"        [_thread_blocked, id=4916, stack(0x000000335e000000,0x000000335e100000) (1024K)]
  0x00000195a19a9ca0 JavaThread "Unconstrained build operations Thread 116"        [_thread_blocked, id=4840, stack(0x000000335e100000,0x000000335e200000) (1024K)]
  0x00000195a19a88f0 JavaThread "Unconstrained build operations Thread 117"        [_thread_blocked, id=16172, stack(0x000000335e200000,0x000000335e300000) (1024K)]
  0x00000195a19aa330 JavaThread "Unconstrained build operations Thread 118"        [_thread_blocked, id=11672, stack(0x000000335e300000,0x000000335e400000) (1024K)]
  0x00000195a19a6eb0 JavaThread "Unconstrained build operations Thread 119"        [_thread_blocked, id=888, stack(0x000000335e400000,0x000000335e500000) (1024K)]
  0x00000195a19ade40 JavaThread "Unconstrained build operations Thread 120"        [_thread_blocked, id=8568, stack(0x000000335e500000,0x000000335e600000) (1024K)]
  0x00000195a19ac400 JavaThread "WorkerExecutor Queue Thread 3"        [_thread_blocked, id=13032, stack(0x000000335e600000,0x000000335e700000) (1024K)]
  0x000001959b16cd90 JavaThread "pool-3-thread-1"                   [_thread_blocked, id=13056, stack(0x000000335e700000,0x000000335e800000) (1024K)]
  0x000001959b16d420 JavaThread "stderr"                            [_thread_in_native, id=4004, stack(0x000000335e800000,0x000000335e900000) (1024K)]
  0x000001959b16c700 JavaThread "stdout"                            [_thread_in_native, id=19780, stack(0x000000335e900000,0x000000335ea00000) (1024K)]
Total: 183

Other Threads:
  0x00000195967bfdc0 VMThread "VM Thread"                           [id=14620, stack(0x0000003352800000,0x0000003352900000) (1024K)]
  0x0000019596759c50 WatcherThread "VM Periodic Task Thread"        [id=20932, stack(0x0000003352700000,0x0000003352800000) (1024K)]
  0x00000195fed03bf0 WorkerThread "GC Thread#0"                     [id=14672, stack(0x0000003352200000,0x0000003352300000) (1024K)]
  0x000001959b107500 WorkerThread "GC Thread#1"                     [id=14716, stack(0x0000003353500000,0x0000003353600000) (1024K)]
  0x000001959b11cd90 WorkerThread "GC Thread#2"                     [id=10068, stack(0x0000003353600000,0x0000003353700000) (1024K)]
  0x000001959b2287a0 WorkerThread "GC Thread#3"                     [id=8944, stack(0x0000003353700000,0x0000003353800000) (1024K)]
  0x000001959b7fd7b0 WorkerThread "GC Thread#4"                     [id=1988, stack(0x0000003353800000,0x0000003353900000) (1024K)]
  0x000001959bd1ddd0 WorkerThread "GC Thread#5"                     [id=16716, stack(0x0000003353900000,0x0000003353a00000) (1024K)]
  0x000001959ce69360 WorkerThread "GC Thread#6"                     [id=10608, stack(0x0000003353a00000,0x0000003353b00000) (1024K)]
  0x000001959c960570 WorkerThread "GC Thread#7"                     [id=8020, stack(0x0000003354500000,0x0000003354600000) (1024K)]
  0x000001959c9601d0 WorkerThread "GC Thread#8"                     [id=19276, stack(0x0000003354600000,0x0000003354700000) (1024K)]
  0x000001959c960910 WorkerThread "GC Thread#9"                     [id=3912, stack(0x0000003354700000,0x0000003354800000) (1024K)]
  0x00000195fed14ae0 ConcurrentGCThread "G1 Main Marker"            [id=3772, stack(0x0000003352300000,0x0000003352400000) (1024K)]
  0x00000195fed154f0 WorkerThread "G1 Conc#0"                       [id=10984, stack(0x0000003352400000,0x0000003352500000) (1024K)]
  0x000001959cf834b0 WorkerThread "G1 Conc#1"                       [id=19516, stack(0x0000003354800000,0x0000003354900000) (1024K)]
  0x000001959cf83850 WorkerThread "G1 Conc#2"                       [id=16764, stack(0x0000003354900000,0x0000003354a00000) (1024K)]
  0x000001959662b540 ConcurrentGCThread "G1 Refine#0"               [id=13620, stack(0x0000003352500000,0x0000003352600000) (1024K)]
  0x000001959662cd70 ConcurrentGCThread "G1 Service"                [id=21368, stack(0x0000003352600000,0x0000003352700000) (1024K)]
Total: 18

Threads with active compile tasks:
C2 CompilerThread0  22733 14489       4       org.gradle.internal.operations.DefaultBuildOperationRunner::execute (23 bytes)
C2 CompilerThread1  22733 14445   !   4       java.nio.file.Files::walkFileTree (297 bytes)
C2 CompilerThread2  22733 14486       4       org.gradle.internal.operations.DefaultBuildOperationRunner::execute (147 bytes)
Total: 3

VM state: not at safepoint (normal execution)

VM Mutex/Monitor currently owned by a thread: None

Heap address: 0x0000000080000000, size: 2048 MB, Compressed Oops mode: 32-bit

CDS archive(s) not mapped
Compressed class space mapped at: 0x0000000100000000-0x0000000140000000, reserved size: 1073741824
Narrow klass base: 0x0000000000000000, Narrow klass shift: 3, Narrow klass range: 0x140000000

GC Precious Log:
 CardTable entry size: 512
 Card Set container configuration: InlinePtr #cards 5 size 8 Array Of Cards #cards 12 size 40 Howl #buckets 4 coarsen threshold 1843 Howl Bitmap #cards 512 size 80 coarsen threshold 460 Card regions per heap region 1 cards per card region 2048
 CPUs: 12 total, 12 available
 Memory: 7879M
 Large Page Support: Disabled
 NUMA Support: Disabled
 Compressed Oops: Enabled (32-bit)
 Heap Region Size: 1M
 Heap Min Capacity: 8M
 Heap Initial Capacity: 124M
 Heap Max Capacity: 2G
 Pre-touch: Disabled
 Parallel Workers: 10
 Concurrent Workers: 3
 Concurrent Refinement Workers: 10
 Periodic GC: Disabled

Heap:
 garbage-first heap   total 222208K, used 186322K [0x0000000080000000, 0x0000000100000000)
  region size 1024K, 80 young (81920K), 6 survivors (6144K)
 Metaspace       used 116463K, committed 118656K, reserved 1179648K
  class space    used 16267K, committed 17344K, reserved 1048576K

Heap Regions: E=young(eden), S=young(survivor), O=old, HS=humongous(starts), HC=humongous(continues), CS=collection set, F=free, TAMS=top-at-mark-start, PB=parsable bottom
|   0|0x0000000080000000, 0x0000000080100000, 0x0000000080100000|100%|HS|  |TAMS 0x0000000080000000| PB 0x0000000080000000| Complete 
|   1|0x0000000080100000, 0x0000000080200000, 0x0000000080200000|100%|HC|  |TAMS 0x0000000080100000| PB 0x0000000080100000| Complete 
|   2|0x0000000080200000, 0x0000000080300000, 0x0000000080300000|100%|HC|  |TAMS 0x0000000080200000| PB 0x0000000080200000| Complete 
|   3|0x0000000080300000, 0x0000000080400000, 0x0000000080400000|100%| O|  |TAMS 0x0000000080300000| PB 0x0000000080300000| Untracked 
|   4|0x0000000080400000, 0x0000000080500000, 0x0000000080500000|100%| O|  |TAMS 0x0000000080400000| PB 0x0000000080400000| Untracked 
|   5|0x0000000080500000, 0x0000000080600000, 0x0000000080600000|100%| O|  |TAMS 0x0000000080500000| PB 0x0000000080500000| Untracked 
|   6|0x0000000080600000, 0x0000000080700000, 0x0000000080700000|100%|HS|  |TAMS 0x0000000080600000| PB 0x0000000080600000| Complete 
|   7|0x0000000080700000, 0x0000000080800000, 0x0000000080800000|100%| O|  |TAMS 0x0000000080700000| PB 0x0000000080700000| Untracked 
|   8|0x0000000080800000, 0x0000000080900000, 0x0000000080900000|100%| O|  |TAMS 0x0000000080800000| PB 0x0000000080800000| Untracked 
|   9|0x0000000080900000, 0x0000000080a00000, 0x0000000080a00000|100%| O|  |TAMS 0x0000000080900000| PB 0x0000000080900000| Untracked 
|  10|0x0000000080a00000, 0x0000000080b00000, 0x0000000080b00000|100%| O|  |TAMS 0x0000000080a00000| PB 0x0000000080a00000| Untracked 
|  11|0x0000000080b00000, 0x0000000080c00000, 0x0000000080c00000|100%| O|  |TAMS 0x0000000080b00000| PB 0x0000000080b00000| Untracked 
|  12|0x0000000080c00000, 0x0000000080d00000, 0x0000000080d00000|100%| O|  |TAMS 0x0000000080c00000| PB 0x0000000080c00000| Untracked 
|  13|0x0000000080d00000, 0x0000000080e00000, 0x0000000080e00000|100%| O|  |TAMS 0x0000000080d00000| PB 0x0000000080d00000| Untracked 
|  14|0x0000000080e00000, 0x0000000080f00000, 0x0000000080f00000|100%| O|  |TAMS 0x0000000080e00000| PB 0x0000000080e00000| Untracked 
|  15|0x0000000080f00000, 0x0000000081000000, 0x0000000081000000|100%| O|  |TAMS 0x0000000080f00000| PB 0x0000000080f00000| Untracked 
|  16|0x0000000081000000, 0x0000000081100000, 0x0000000081100000|100%| O|  |TAMS 0x0000000081000000| PB 0x0000000081000000| Untracked 
|  17|0x0000000081100000, 0x0000000081200000, 0x0000000081200000|100%| O|  |TAMS 0x0000000081100000| PB 0x0000000081100000| Untracked 
|  18|0x0000000081200000, 0x0000000081300000, 0x0000000081300000|100%| O|  |TAMS 0x0000000081200000| PB 0x0000000081200000| Untracked 
|  19|0x0000000081300000, 0x0000000081400000, 0x0000000081400000|100%| O|  |TAMS 0x0000000081300000| PB 0x0000000081300000| Untracked 
|  20|0x0000000081400000, 0x0000000081500000, 0x0000000081500000|100%| O|  |TAMS 0x0000000081400000| PB 0x0000000081400000| Untracked 
|  21|0x0000000081500000, 0x0000000081600000, 0x0000000081600000|100%| O|  |TAMS 0x0000000081500000| PB 0x0000000081500000| Untracked 
|  22|0x0000000081600000, 0x0000000081700000, 0x0000000081700000|100%| O|  |TAMS 0x0000000081600000| PB 0x0000000081600000| Untracked 
|  23|0x0000000081700000, 0x0000000081800000, 0x0000000081800000|100%| O|  |TAMS 0x0000000081700000| PB 0x0000000081700000| Untracked 
|  24|0x0000000081800000, 0x0000000081900000, 0x0000000081900000|100%| O|  |TAMS 0x0000000081800000| PB 0x0000000081800000| Untracked 
|  25|0x0000000081900000, 0x0000000081a00000, 0x0000000081a00000|100%| O|  |TAMS 0x0000000081900000| PB 0x0000000081900000| Untracked 
|  26|0x0000000081a00000, 0x0000000081b00000, 0x0000000081b00000|100%| O|  |TAMS 0x0000000081a00000| PB 0x0000000081a00000| Untracked 
|  27|0x0000000081b00000, 0x0000000081c00000, 0x0000000081c00000|100%|HS|  |TAMS 0x0000000081b00000| PB 0x0000000081b00000| Complete 
|  28|0x0000000081c00000, 0x0000000081d00000, 0x0000000081d00000|100%|HC|  |TAMS 0x0000000081c00000| PB 0x0000000081c00000| Complete 
|  29|0x0000000081d00000, 0x0000000081e00000, 0x0000000081e00000|100%| O|  |TAMS 0x0000000081d00000| PB 0x0000000081d00000| Untracked 
|  30|0x0000000081e00000, 0x0000000081f00000, 0x0000000081f00000|100%| O|  |TAMS 0x0000000081e00000| PB 0x0000000081e00000| Untracked 
|  31|0x0000000081f00000, 0x0000000082000000, 0x0000000082000000|100%|HS|  |TAMS 0x0000000081f00000| PB 0x0000000081f00000| Complete 
|  32|0x0000000082000000, 0x0000000082100000, 0x0000000082100000|100%| O|  |TAMS 0x0000000082000000| PB 0x0000000082000000| Untracked 
|  33|0x0000000082100000, 0x0000000082200000, 0x0000000082200000|100%| O|  |TAMS 0x0000000082100000| PB 0x0000000082100000| Untracked 
|  34|0x0000000082200000, 0x0000000082300000, 0x0000000082300000|100%| O|  |TAMS 0x0000000082200000| PB 0x0000000082200000| Untracked 
|  35|0x0000000082300000, 0x0000000082400000, 0x0000000082400000|100%| O|  |TAMS 0x0000000082300000| PB 0x0000000082300000| Untracked 
|  36|0x0000000082400000, 0x0000000082500000, 0x0000000082500000|100%| O|  |TAMS 0x0000000082400000| PB 0x0000000082400000| Untracked 
|  37|0x0000000082500000, 0x0000000082600000, 0x0000000082600000|100%| O|  |TAMS 0x0000000082500000| PB 0x0000000082500000| Untracked 
|  38|0x0000000082600000, 0x0000000082700000, 0x0000000082700000|100%| O|  |TAMS 0x0000000082600000| PB 0x0000000082600000| Untracked 
|  39|0x0000000082700000, 0x0000000082800000, 0x0000000082800000|100%| O|  |TAMS 0x0000000082700000| PB 0x0000000082700000| Untracked 
|  40|0x0000000082800000, 0x0000000082900000, 0x0000000082900000|100%|HS|  |TAMS 0x0000000082800000| PB 0x0000000082800000| Complete 
|  41|0x0000000082900000, 0x0000000082a00000, 0x0000000082a00000|100%| O|Cm|TAMS 0x0000000082900000| PB 0x0000000082900000| Complete 
|  42|0x0000000082a00000, 0x0000000082b00000, 0x0000000082b00000|100%| O|  |TAMS 0x0000000082a00000| PB 0x0000000082a00000| Untracked 
|  43|0x0000000082b00000, 0x0000000082c00000, 0x0000000082c00000|100%| O|  |TAMS 0x0000000082b00000| PB 0x0000000082b00000| Untracked 
|  44|0x0000000082c00000, 0x0000000082d00000, 0x0000000082d00000|100%| O|  |TAMS 0x0000000082c00000| PB 0x0000000082c00000| Untracked 
|  45|0x0000000082d00000, 0x0000000082e00000, 0x0000000082e00000|100%| O|  |TAMS 0x0000000082d00000| PB 0x0000000082d00000| Untracked 
|  46|0x0000000082e00000, 0x0000000082f00000, 0x0000000082f00000|100%| O|  |TAMS 0x0000000082e00000| PB 0x0000000082e00000| Untracked 
|  47|0x0000000082f00000, 0x0000000083000000, 0x0000000083000000|100%| O|Cm|TAMS 0x0000000082f00000| PB 0x0000000082f00000| Complete 
|  48|0x0000000083000000, 0x0000000083100000, 0x0000000083100000|100%| O|  |TAMS 0x0000000083000000| PB 0x0000000083000000| Untracked 
|  49|0x0000000083100000, 0x0000000083200000, 0x0000000083200000|100%| O|  |TAMS 0x0000000083100000| PB 0x0000000083100000| Untracked 
|  50|0x0000000083200000, 0x0000000083300000, 0x0000000083300000|100%| O|  |TAMS 0x0000000083200000| PB 0x0000000083200000| Untracked 
|  51|0x0000000083300000, 0x0000000083400000, 0x0000000083400000|100%|HS|  |TAMS 0x0000000083300000| PB 0x0000000083300000| Complete 
|  52|0x0000000083400000, 0x0000000083500000, 0x0000000083500000|100%|HS|  |TAMS 0x0000000083400000| PB 0x0000000083400000| Complete 
|  53|0x0000000083500000, 0x0000000083600000, 0x0000000083600000|100%| O|  |TAMS 0x0000000083500000| PB 0x0000000083500000| Untracked 
|  54|0x0000000083600000, 0x0000000083700000, 0x0000000083700000|100%|HS|  |TAMS 0x0000000083600000| PB 0x0000000083600000| Complete 
|  55|0x0000000083700000, 0x0000000083800000, 0x0000000083800000|100%|HS|  |TAMS 0x0000000083700000| PB 0x0000000083700000| Complete 
|  56|0x0000000083800000, 0x0000000083900000, 0x0000000083900000|100%|HS|  |TAMS 0x0000000083800000| PB 0x0000000083800000| Complete 
|  57|0x0000000083900000, 0x0000000083a00000, 0x0000000083a00000|100%| O|  |TAMS 0x0000000083900000| PB 0x0000000083900000| Untracked 
|  58|0x0000000083a00000, 0x0000000083b00000, 0x0000000083b00000|100%| O|  |TAMS 0x0000000083a00000| PB 0x0000000083a00000| Untracked 
|  59|0x0000000083b00000, 0x0000000083c00000, 0x0000000083c00000|100%| O|  |TAMS 0x0000000083b00000| PB 0x0000000083b00000| Untracked 
|  60|0x0000000083c00000, 0x0000000083d00000, 0x0000000083d00000|100%| O|  |TAMS 0x0000000083c00000| PB 0x0000000083c00000| Untracked 
|  61|0x0000000083d00000, 0x0000000083e00000, 0x0000000083e00000|100%| O|  |TAMS 0x0000000083d00000| PB 0x0000000083d00000| Untracked 
|  62|0x0000000083e00000, 0x0000000083f00000, 0x0000000083f00000|100%| O|  |TAMS 0x0000000083e00000| PB 0x0000000083e00000| Untracked 
|  63|0x0000000083f00000, 0x0000000084000000, 0x0000000084000000|100%| O|  |TAMS 0x0000000083f00000| PB 0x0000000083f00000| Untracked 
|  64|0x0000000084000000, 0x0000000084100000, 0x0000000084100000|100%| O|  |TAMS 0x0000000084000000| PB 0x0000000084000000| Untracked 
|  65|0x0000000084100000, 0x0000000084200000, 0x0000000084200000|100%| O|  |TAMS 0x0000000084100000| PB 0x0000000084100000| Untracked 
|  66|0x0000000084200000, 0x0000000084300000, 0x0000000084300000|100%| O|  |TAMS 0x0000000084200000| PB 0x0000000084200000| Untracked 
|  67|0x0000000084300000, 0x0000000084400000, 0x0000000084400000|100%| O|  |TAMS 0x0000000084300000| PB 0x0000000084300000| Untracked 
|  68|0x0000000084400000, 0x0000000084500000, 0x0000000084500000|100%| O|  |TAMS 0x0000000084400000| PB 0x0000000084400000| Untracked 
|  69|0x0000000084500000, 0x0000000084600000, 0x0000000084600000|100%| O|  |TAMS 0x0000000084500000| PB 0x0000000084500000| Untracked 
|  70|0x0000000084600000, 0x0000000084700000, 0x0000000084700000|100%| O|  |TAMS 0x0000000084600000| PB 0x0000000084600000| Untracked 
|  71|0x0000000084700000, 0x0000000084800000, 0x0000000084800000|100%| O|  |TAMS 0x0000000084700000| PB 0x0000000084700000| Untracked 
|  72|0x0000000084800000, 0x0000000084900000, 0x0000000084900000|100%| O|  |TAMS 0x0000000084800000| PB 0x0000000084800000| Untracked 
|  73|0x0000000084900000, 0x0000000084a00000, 0x0000000084a00000|100%| O|  |TAMS 0x0000000084900000| PB 0x0000000084900000| Untracked 
|  74|0x0000000084a00000, 0x0000000084b00000, 0x0000000084b00000|100%| O|  |TAMS 0x0000000084a00000| PB 0x0000000084a00000| Untracked 
|  75|0x0000000084b00000, 0x0000000084c00000, 0x0000000084c00000|100%| O|  |TAMS 0x0000000084b00000| PB 0x0000000084b00000| Untracked 
|  76|0x0000000084c00000, 0x0000000084d00000, 0x0000000084d00000|100%| O|  |TAMS 0x0000000084c00000| PB 0x0000000084c00000| Untracked 
|  77|0x0000000084d00000, 0x0000000084e00000, 0x0000000084e00000|100%| O|Cm|TAMS 0x0000000084d00000| PB 0x0000000084d00000| Complete 
|  78|0x0000000084e00000, 0x0000000084f00000, 0x0000000084f00000|100%| O|  |TAMS 0x0000000084e00000| PB 0x0000000084e00000| Untracked 
|  79|0x0000000084f00000, 0x0000000085000000, 0x0000000085000000|100%| O|  |TAMS 0x0000000084f00000| PB 0x0000000084f00000| Untracked 
|  80|0x0000000085000000, 0x0000000085100000, 0x0000000085100000|100%| O|  |TAMS 0x0000000085000000| PB 0x0000000085000000| Untracked 
|  81|0x0000000085100000, 0x0000000085200000, 0x0000000085200000|100%| O|  |TAMS 0x0000000085100000| PB 0x0000000085100000| Untracked 
|  82|0x0000000085200000, 0x0000000085300000, 0x0000000085300000|100%| O|  |TAMS 0x0000000085200000| PB 0x0000000085200000| Untracked 
|  83|0x0000000085300000, 0x0000000085400000, 0x0000000085400000|100%| O|  |TAMS 0x0000000085300000| PB 0x0000000085300000| Untracked 
|  84|0x0000000085400000, 0x0000000085500000, 0x0000000085500000|100%| O|  |TAMS 0x0000000085400000| PB 0x0000000085400000| Untracked 
|  85|0x0000000085500000, 0x0000000085600000, 0x0000000085600000|100%| O|  |TAMS 0x0000000085500000| PB 0x0000000085500000| Untracked 
|  86|0x0000000085600000, 0x0000000085700000, 0x0000000085700000|100%| O|  |TAMS 0x0000000085600000| PB 0x0000000085600000| Untracked 
|  87|0x0000000085700000, 0x0000000085800000, 0x0000000085800000|100%| O|  |TAMS 0x0000000085700000| PB 0x0000000085700000| Untracked 
|  88|0x0000000085800000, 0x0000000085900000, 0x0000000085900000|100%| O|  |TAMS 0x0000000085800000| PB 0x0000000085800000| Untracked 
|  89|0x0000000085900000, 0x0000000085a00000, 0x0000000085a00000|100%| O|  |TAMS 0x0000000085900000| PB 0x0000000085900000| Untracked 
|  90|0x0000000085a00000, 0x0000000085b00000, 0x0000000085b00000|100%| O|  |TAMS 0x0000000085a00000| PB 0x0000000085a00000| Untracked 
|  91|0x0000000085b00000, 0x0000000085c00000, 0x0000000085c00000|100%| O|  |TAMS 0x0000000085b00000| PB 0x0000000085b00000| Untracked 
|  92|0x0000000085c00000, 0x0000000085d00000, 0x0000000085d00000|100%| O|  |TAMS 0x0000000085c00000| PB 0x0000000085c00000| Untracked 
|  93|0x0000000085d00000, 0x0000000085e00000, 0x0000000085e00000|100%| O|  |TAMS 0x0000000085d00000| PB 0x0000000085d00000| Untracked 
|  94|0x0000000085e00000, 0x0000000085f00000, 0x0000000085f00000|100%| O|  |TAMS 0x0000000085e00000| PB 0x0000000085e00000| Untracked 
|  95|0x0000000085f00000, 0x0000000086000000, 0x0000000086000000|100%| O|  |TAMS 0x0000000085f00000| PB 0x0000000085f00000| Untracked 
|  96|0x0000000086000000, 0x0000000086100000, 0x0000000086100000|100%| O|  |TAMS 0x0000000086000000| PB 0x0000000086000000| Untracked 
|  97|0x0000000086100000, 0x0000000086200000, 0x0000000086200000|100%| O|  |TAMS 0x0000000086100000| PB 0x0000000086100000| Untracked 
|  98|0x0000000086200000, 0x0000000086300000, 0x0000000086300000|100%| O|  |TAMS 0x0000000086200000| PB 0x0000000086200000| Untracked 
|  99|0x0000000086300000, 0x0000000086400000, 0x0000000086400000|100%| O|  |TAMS 0x0000000086300000| PB 0x0000000086300000| Untracked 
| 100|0x0000000086400000, 0x00000000864fac70, 0x0000000086500000| 97%| O|  |TAMS 0x0000000086400000| PB 0x0000000086400000| Untracked 
| 101|0x0000000086500000, 0x0000000086500000, 0x0000000086600000|  0%| F|  |TAMS 0x0000000086500000| PB 0x0000000086500000| Untracked 
| 102|0x0000000086600000, 0x0000000086600000, 0x0000000086700000|  0%| F|  |TAMS 0x0000000086600000| PB 0x0000000086600000| Untracked 
| 103|0x0000000086700000, 0x0000000086700000, 0x0000000086800000|  0%| F|  |TAMS 0x0000000086700000| PB 0x0000000086700000| Untracked 
| 104|0x0000000086800000, 0x0000000086900000, 0x0000000086900000|100%| O|  |TAMS 0x0000000086800000| PB 0x0000000086800000| Untracked 
| 105|0x0000000086900000, 0x0000000086900000, 0x0000000086a00000|  0%| F|  |TAMS 0x0000000086900000| PB 0x0000000086900000| Untracked 
| 106|0x0000000086a00000, 0x0000000086a00000, 0x0000000086b00000|  0%| F|  |TAMS 0x0000000086a00000| PB 0x0000000086a00000| Untracked 
| 107|0x0000000086b00000, 0x0000000086b00000, 0x0000000086c00000|  0%| F|  |TAMS 0x0000000086b00000| PB 0x0000000086b00000| Untracked 
| 108|0x0000000086c00000, 0x0000000086c00000, 0x0000000086d00000|  0%| F|  |TAMS 0x0000000086c00000| PB 0x0000000086c00000| Untracked 
| 109|0x0000000086d00000, 0x0000000086d00000, 0x0000000086e00000|  0%| F|  |TAMS 0x0000000086d00000| PB 0x0000000086d00000| Untracked 
| 110|0x0000000086e00000, 0x0000000086e00000, 0x0000000086f00000|  0%| F|  |TAMS 0x0000000086e00000| PB 0x0000000086e00000| Untracked 
| 111|0x0000000086f00000, 0x0000000086f00000, 0x0000000087000000|  0%| F|  |TAMS 0x0000000086f00000| PB 0x0000000086f00000| Untracked 
| 112|0x0000000087000000, 0x0000000087000000, 0x0000000087100000|  0%| F|  |TAMS 0x0000000087000000| PB 0x0000000087000000| Untracked 
| 113|0x0000000087100000, 0x0000000087100000, 0x0000000087200000|  0%| F|  |TAMS 0x0000000087100000| PB 0x0000000087100000| Untracked 
| 114|0x0000000087200000, 0x0000000087200000, 0x0000000087300000|  0%| F|  |TAMS 0x0000000087200000| PB 0x0000000087200000| Untracked 
| 115|0x0000000087300000, 0x0000000087300000, 0x0000000087400000|  0%| F|  |TAMS 0x0000000087300000| PB 0x0000000087300000| Untracked 
| 116|0x0000000087400000, 0x0000000087400000, 0x0000000087500000|  0%| F|  |TAMS 0x0000000087400000| PB 0x0000000087400000| Untracked 
| 117|0x0000000087500000, 0x0000000087500000, 0x0000000087600000|  0%| F|  |TAMS 0x0000000087500000| PB 0x0000000087500000| Untracked 
| 118|0x0000000087600000, 0x0000000087600000, 0x0000000087700000|  0%| F|  |TAMS 0x0000000087600000| PB 0x0000000087600000| Untracked 
| 119|0x0000000087700000, 0x0000000087700000, 0x0000000087800000|  0%| F|  |TAMS 0x0000000087700000| PB 0x0000000087700000| Untracked 
| 120|0x0000000087800000, 0x0000000087800000, 0x0000000087900000|  0%| F|  |TAMS 0x0000000087800000| PB 0x0000000087800000| Untracked 
| 121|0x0000000087900000, 0x0000000087900000, 0x0000000087a00000|  0%| F|  |TAMS 0x0000000087900000| PB 0x0000000087900000| Untracked 
| 122|0x0000000087a00000, 0x0000000087a00000, 0x0000000087b00000|  0%| F|  |TAMS 0x0000000087a00000| PB 0x0000000087a00000| Untracked 
| 123|0x0000000087b00000, 0x0000000087b00000, 0x0000000087c00000|  0%| F|  |TAMS 0x0000000087b00000| PB 0x0000000087b00000| Untracked 
| 124|0x0000000087c00000, 0x0000000087c00000, 0x0000000087d00000|  0%| F|  |TAMS 0x0000000087c00000| PB 0x0000000087c00000| Untracked 
| 125|0x0000000087d00000, 0x0000000087d00000, 0x0000000087e00000|  0%| F|  |TAMS 0x0000000087d00000| PB 0x0000000087d00000| Untracked 
| 126|0x0000000087e00000, 0x0000000087e00000, 0x0000000087f00000|  0%| F|  |TAMS 0x0000000087e00000| PB 0x0000000087e00000| Untracked 
| 127|0x0000000087f00000, 0x0000000087f00000, 0x0000000088000000|  0%| F|  |TAMS 0x0000000087f00000| PB 0x0000000087f00000| Untracked 
| 128|0x0000000088000000, 0x0000000088000000, 0x0000000088100000|  0%| F|  |TAMS 0x0000000088000000| PB 0x0000000088000000| Untracked 
| 129|0x0000000088100000, 0x0000000088100000, 0x0000000088200000|  0%| F|  |TAMS 0x0000000088100000| PB 0x0000000088100000| Untracked 
| 130|0x0000000088200000, 0x0000000088200000, 0x0000000088300000|  0%| F|  |TAMS 0x0000000088200000| PB 0x0000000088200000| Untracked 
| 131|0x0000000088300000, 0x0000000088300000, 0x0000000088400000|  0%| F|  |TAMS 0x0000000088300000| PB 0x0000000088300000| Untracked 
| 132|0x0000000088400000, 0x0000000088400000, 0x0000000088500000|  0%| F|  |TAMS 0x0000000088400000| PB 0x0000000088400000| Untracked 
| 133|0x0000000088500000, 0x0000000088500000, 0x0000000088600000|  0%| F|  |TAMS 0x0000000088500000| PB 0x0000000088500000| Untracked 
| 134|0x0000000088600000, 0x0000000088600000, 0x0000000088700000|  0%| F|  |TAMS 0x0000000088600000| PB 0x0000000088600000| Untracked 
| 135|0x0000000088700000, 0x00000000887b0e50, 0x0000000088800000| 69%| E|  |TAMS 0x0000000088700000| PB 0x0000000088700000| Complete 
| 136|0x0000000088800000, 0x00000000888ff830, 0x0000000088900000| 99%| E|  |TAMS 0x0000000088800000| PB 0x0000000088800000| Complete 
| 137|0x0000000088900000, 0x0000000088a00000, 0x0000000088a00000|100%| E|CS|TAMS 0x0000000088900000| PB 0x0000000088900000| Complete 
| 138|0x0000000088a00000, 0x0000000088b00000, 0x0000000088b00000|100%| E|CS|TAMS 0x0000000088a00000| PB 0x0000000088a00000| Complete 
| 139|0x0000000088b00000, 0x0000000088c00000, 0x0000000088c00000|100%| E|CS|TAMS 0x0000000088b00000| PB 0x0000000088b00000| Complete 
| 140|0x0000000088c00000, 0x0000000088d00000, 0x0000000088d00000|100%| E|CS|TAMS 0x0000000088c00000| PB 0x0000000088c00000| Complete 
| 141|0x0000000088d00000, 0x0000000088e00000, 0x0000000088e00000|100%| E|CS|TAMS 0x0000000088d00000| PB 0x0000000088d00000| Complete 
| 142|0x0000000088e00000, 0x0000000088f00000, 0x0000000088f00000|100%| E|CS|TAMS 0x0000000088e00000| PB 0x0000000088e00000| Complete 
| 143|0x0000000088f00000, 0x0000000089000000, 0x0000000089000000|100%| E|CS|TAMS 0x0000000088f00000| PB 0x0000000088f00000| Complete 
| 144|0x0000000089000000, 0x0000000089100000, 0x0000000089100000|100%| E|CS|TAMS 0x0000000089000000| PB 0x0000000089000000| Complete 
| 145|0x0000000089100000, 0x0000000089200000, 0x0000000089200000|100%| E|CS|TAMS 0x0000000089100000| PB 0x0000000089100000| Complete 
| 146|0x0000000089200000, 0x0000000089300000, 0x0000000089300000|100%| E|CS|TAMS 0x0000000089200000| PB 0x0000000089200000| Complete 
| 147|0x0000000089300000, 0x0000000089400000, 0x0000000089400000|100%| E|CS|TAMS 0x0000000089300000| PB 0x0000000089300000| Complete 
| 148|0x0000000089400000, 0x0000000089500000, 0x0000000089500000|100%| E|CS|TAMS 0x0000000089400000| PB 0x0000000089400000| Complete 
| 149|0x0000000089500000, 0x0000000089600000, 0x0000000089600000|100%| E|CS|TAMS 0x0000000089500000| PB 0x0000000089500000| Complete 
| 150|0x0000000089600000, 0x0000000089700000, 0x0000000089700000|100%| E|CS|TAMS 0x0000000089600000| PB 0x0000000089600000| Complete 
| 151|0x0000000089700000, 0x0000000089800000, 0x0000000089800000|100%| E|CS|TAMS 0x0000000089700000| PB 0x0000000089700000| Complete 
| 152|0x0000000089800000, 0x0000000089900000, 0x0000000089900000|100%| E|CS|TAMS 0x0000000089800000| PB 0x0000000089800000| Complete 
| 153|0x0000000089900000, 0x0000000089a00000, 0x0000000089a00000|100%| E|CS|TAMS 0x0000000089900000| PB 0x0000000089900000| Complete 
| 154|0x0000000089a00000, 0x0000000089b00000, 0x0000000089b00000|100%| E|CS|TAMS 0x0000000089a00000| PB 0x0000000089a00000| Complete 
| 155|0x0000000089b00000, 0x0000000089c00000, 0x0000000089c00000|100%| E|CS|TAMS 0x0000000089b00000| PB 0x0000000089b00000| Complete 
| 156|0x0000000089c00000, 0x0000000089d00000, 0x0000000089d00000|100%| E|CS|TAMS 0x0000000089c00000| PB 0x0000000089c00000| Complete 
| 157|0x0000000089d00000, 0x0000000089e00000, 0x0000000089e00000|100%| E|CS|TAMS 0x0000000089d00000| PB 0x0000000089d00000| Complete 
| 158|0x0000000089e00000, 0x0000000089f00000, 0x0000000089f00000|100%| E|CS|TAMS 0x0000000089e00000| PB 0x0000000089e00000| Complete 
| 159|0x0000000089f00000, 0x000000008a000000, 0x000000008a000000|100%| E|CS|TAMS 0x0000000089f00000| PB 0x0000000089f00000| Complete 
| 160|0x000000008a000000, 0x000000008a100000, 0x000000008a100000|100%| E|CS|TAMS 0x000000008a000000| PB 0x000000008a000000| Complete 
| 161|0x000000008a100000, 0x000000008a200000, 0x000000008a200000|100%| E|CS|TAMS 0x000000008a100000| PB 0x000000008a100000| Complete 
| 162|0x000000008a200000, 0x000000008a300000, 0x000000008a300000|100%| E|CS|TAMS 0x000000008a200000| PB 0x000000008a200000| Complete 
| 163|0x000000008a300000, 0x000000008a400000, 0x000000008a400000|100%| E|CS|TAMS 0x000000008a300000| PB 0x000000008a300000| Complete 
| 164|0x000000008a400000, 0x000000008a500000, 0x000000008a500000|100%| E|CS|TAMS 0x000000008a400000| PB 0x000000008a400000| Complete 
| 165|0x000000008a500000, 0x000000008a600000, 0x000000008a600000|100%| E|CS|TAMS 0x000000008a500000| PB 0x000000008a500000| Complete 
| 166|0x000000008a600000, 0x000000008a700000, 0x000000008a700000|100%| E|CS|TAMS 0x000000008a600000| PB 0x000000008a600000| Complete 
| 167|0x000000008a700000, 0x000000008a800000, 0x000000008a800000|100%| E|CS|TAMS 0x000000008a700000| PB 0x000000008a700000| Complete 
| 168|0x000000008a800000, 0x000000008a900000, 0x000000008a900000|100%| E|CS|TAMS 0x000000008a800000| PB 0x000000008a800000| Complete 
| 169|0x000000008a900000, 0x000000008aa00000, 0x000000008aa00000|100%| E|CS|TAMS 0x000000008a900000| PB 0x000000008a900000| Complete 
| 170|0x000000008aa00000, 0x000000008ab00000, 0x000000008ab00000|100%| E|CS|TAMS 0x000000008aa00000| PB 0x000000008aa00000| Complete 
| 171|0x000000008ab00000, 0x000000008ac00000, 0x000000008ac00000|100%| E|CS|TAMS 0x000000008ab00000| PB 0x000000008ab00000| Complete 
| 172|0x000000008ac00000, 0x000000008ad00000, 0x000000008ad00000|100%| E|CS|TAMS 0x000000008ac00000| PB 0x000000008ac00000| Complete 
| 173|0x000000008ad00000, 0x000000008ae00000, 0x000000008ae00000|100%| E|CS|TAMS 0x000000008ad00000| PB 0x000000008ad00000| Complete 
| 174|0x000000008ae00000, 0x000000008aef9d50, 0x000000008af00000| 97%| S|CS|TAMS 0x000000008ae00000| PB 0x000000008ae00000| Complete 
| 175|0x000000008af00000, 0x000000008b000000, 0x000000008b000000|100%| S|CS|TAMS 0x000000008af00000| PB 0x000000008af00000| Complete 
| 176|0x000000008b000000, 0x000000008b100000, 0x000000008b100000|100%| S|CS|TAMS 0x000000008b000000| PB 0x000000008b000000| Complete 
| 177|0x000000008b100000, 0x000000008b200000, 0x000000008b200000|100%| S|CS|TAMS 0x000000008b100000| PB 0x000000008b100000| Complete 
| 178|0x000000008b200000, 0x000000008b300000, 0x000000008b300000|100%| S|CS|TAMS 0x000000008b200000| PB 0x000000008b200000| Complete 
| 179|0x000000008b300000, 0x000000008b400000, 0x000000008b400000|100%| S|CS|TAMS 0x000000008b300000| PB 0x000000008b300000| Complete 
| 180|0x000000008b400000, 0x000000008b500000, 0x000000008b500000|100%| E|CS|TAMS 0x000000008b400000| PB 0x000000008b400000| Complete 
| 181|0x000000008b500000, 0x000000008b600000, 0x000000008b600000|100%| E|CS|TAMS 0x000000008b500000| PB 0x000000008b500000| Complete 
| 182|0x000000008b600000, 0x000000008b700000, 0x000000008b700000|100%| E|CS|TAMS 0x000000008b600000| PB 0x000000008b600000| Complete 
| 183|0x000000008b700000, 0x000000008b800000, 0x000000008b800000|100%| E|CS|TAMS 0x000000008b700000| PB 0x000000008b700000| Complete 
| 184|0x000000008b800000, 0x000000008b900000, 0x000000008b900000|100%| E|CS|TAMS 0x000000008b800000| PB 0x000000008b800000| Complete 
| 185|0x000000008b900000, 0x000000008ba00000, 0x000000008ba00000|100%| E|CS|TAMS 0x000000008b900000| PB 0x000000008b900000| Complete 
| 186|0x000000008ba00000, 0x000000008bb00000, 0x000000008bb00000|100%| E|CS|TAMS 0x000000008ba00000| PB 0x000000008ba00000| Complete 
| 187|0x000000008bb00000, 0x000000008bc00000, 0x000000008bc00000|100%| E|CS|TAMS 0x000000008bb00000| PB 0x000000008bb00000| Complete 
| 188|0x000000008bc00000, 0x000000008bd00000, 0x000000008bd00000|100%| E|CS|TAMS 0x000000008bc00000| PB 0x000000008bc00000| Complete 
| 189|0x000000008bd00000, 0x000000008be00000, 0x000000008be00000|100%| E|CS|TAMS 0x000000008bd00000| PB 0x000000008bd00000| Complete 
| 190|0x000000008be00000, 0x000000008bf00000, 0x000000008bf00000|100%| E|CS|TAMS 0x000000008be00000| PB 0x000000008be00000| Complete 
| 191|0x000000008bf00000, 0x000000008c000000, 0x000000008c000000|100%| E|CS|TAMS 0x000000008bf00000| PB 0x000000008bf00000| Complete 
| 192|0x000000008c000000, 0x000000008c100000, 0x000000008c100000|100%| E|CS|TAMS 0x000000008c000000| PB 0x000000008c000000| Complete 
| 193|0x000000008c100000, 0x000000008c200000, 0x000000008c200000|100%| E|CS|TAMS 0x000000008c100000| PB 0x000000008c100000| Complete 
| 194|0x000000008c200000, 0x000000008c300000, 0x000000008c300000|100%| E|CS|TAMS 0x000000008c200000| PB 0x000000008c200000| Complete 
| 195|0x000000008c300000, 0x000000008c400000, 0x000000008c400000|100%| E|CS|TAMS 0x000000008c300000| PB 0x000000008c300000| Complete 
| 196|0x000000008c400000, 0x000000008c500000, 0x000000008c500000|100%| E|CS|TAMS 0x000000008c400000| PB 0x000000008c400000| Complete 
| 197|0x000000008c500000, 0x000000008c600000, 0x000000008c600000|100%| E|CS|TAMS 0x000000008c500000| PB 0x000000008c500000| Complete 
| 198|0x000000008c600000, 0x000000008c700000, 0x000000008c700000|100%| E|CS|TAMS 0x000000008c600000| PB 0x000000008c600000| Complete 
| 199|0x000000008c700000, 0x000000008c800000, 0x000000008c800000|100%| E|CS|TAMS 0x000000008c700000| PB 0x000000008c700000| Complete 
| 200|0x000000008c800000, 0x000000008c900000, 0x000000008c900000|100%| E|CS|TAMS 0x000000008c800000| PB 0x000000008c800000| Complete 
| 201|0x000000008c900000, 0x000000008ca00000, 0x000000008ca00000|100%| E|CS|TAMS 0x000000008c900000| PB 0x000000008c900000| Complete 
| 202|0x000000008ca00000, 0x000000008cb00000, 0x000000008cb00000|100%| E|CS|TAMS 0x000000008ca00000| PB 0x000000008ca00000| Complete 
| 203|0x000000008cb00000, 0x000000008cc00000, 0x000000008cc00000|100%| E|CS|TAMS 0x000000008cb00000| PB 0x000000008cb00000| Complete 
| 204|0x000000008cc00000, 0x000000008cd00000, 0x000000008cd00000|100%| E|CS|TAMS 0x000000008cc00000| PB 0x000000008cc00000| Complete 
| 205|0x000000008cd00000, 0x000000008ce00000, 0x000000008ce00000|100%| E|CS|TAMS 0x000000008cd00000| PB 0x000000008cd00000| Complete 
| 206|0x000000008ce00000, 0x000000008cf00000, 0x000000008cf00000|100%| E|CS|TAMS 0x000000008ce00000| PB 0x000000008ce00000| Complete 
| 207|0x000000008cf00000, 0x000000008d000000, 0x000000008d000000|100%| E|CS|TAMS 0x000000008cf00000| PB 0x000000008cf00000| Complete 
| 208|0x000000008d000000, 0x000000008d100000, 0x000000008d100000|100%| E|CS|TAMS 0x000000008d000000| PB 0x000000008d000000| Complete 
| 209|0x000000008d100000, 0x000000008d200000, 0x000000008d200000|100%| E|CS|TAMS 0x000000008d100000| PB 0x000000008d100000| Complete 
| 210|0x000000008d200000, 0x000000008d300000, 0x000000008d300000|100%| E|CS|TAMS 0x000000008d200000| PB 0x000000008d200000| Complete 
| 211|0x000000008d300000, 0x000000008d400000, 0x000000008d400000|100%| E|CS|TAMS 0x000000008d300000| PB 0x000000008d300000| Complete 
|2043|0x00000000ffb00000, 0x00000000ffc00000, 0x00000000ffc00000|100%| O|  |TAMS 0x00000000ffb00000| PB 0x00000000ffb00000| Untracked 
|2044|0x00000000ffc00000, 0x00000000ffd00000, 0x00000000ffd00000|100%| E|CS|TAMS 0x00000000ffc00000| PB 0x00000000ffc00000| Complete 
|2045|0x00000000ffd00000, 0x00000000ffe00000, 0x00000000ffe00000|100%| E|CS|TAMS 0x00000000ffd00000| PB 0x00000000ffd00000| Complete 
|2046|0x00000000ffe00000, 0x00000000fff00000, 0x00000000fff00000|100%| O|  |TAMS 0x00000000ffe00000| PB 0x00000000ffe00000| Untracked 
|2047|0x00000000fff00000, 0x0000000100000000, 0x0000000100000000|100%| E|CS|TAMS 0x00000000fff00000| PB 0x00000000fff00000| Complete 

Card table byte_map: [0x00000195ff5c0000,0x00000195ff9c0000] _byte_map_base: 0x00000195ff1c0000

Marking Bits: (CMBitMap*) 0x00000195fed04200
 Bits: [0x0000019592090000, 0x0000019594090000)

Polling page: 0x00000195fc9d0000

Metaspace:

Usage:
  Non-class:     97.85 MB used.
      Class:     15.89 MB used.
       Both:    113.73 MB used.

Virtual space:
  Non-class space:      128.00 MB reserved,      98.94 MB ( 77%) committed,  2 nodes.
      Class space:        1.00 GB reserved,      16.94 MB (  2%) committed,  1 nodes.
             Both:        1.12 GB reserved,     115.88 MB ( 10%) committed. 

Chunk freelists:
   Non-Class:  12.59 MB
       Class:  14.97 MB
        Both:  27.57 MB

MaxMetaspaceSize: unlimited
CompressedClassSpaceSize: 1.00 GB
Initial GC threshold: 21.00 MB
Current GC threshold: 192.12 MB
CDS: off
 - commit_granule_bytes: 65536.
 - commit_granule_words: 8192.
 - virtual_space_node_default_size: 8388608.
 - enlarge_chunks_in_place: 1.
 - use_allocation_guard: 0.


Internal statistics:

num_allocs_failed_limit: 9.
num_arena_births: 4328.
num_arena_deaths: 0.
num_vsnodes_births: 3.
num_vsnodes_deaths: 0.
num_space_committed: 1853.
num_space_uncommitted: 0.
num_chunks_returned_to_freelist: 9.
num_chunks_taken_from_freelist: 9509.
num_chunk_merges: 9.
num_chunk_splits: 6062.
num_chunks_enlarged: 3648.
num_inconsistent_stats: 0.

CodeHeap 'non-profiled nmethods': size=120000Kb used=8581Kb max_used=8581Kb free=111418Kb
 bounds [0x000001958ab60000, 0x000001958b3d0000, 0x0000019592090000]
CodeHeap 'profiled nmethods': size=120000Kb used=22525Kb max_used=22525Kb free=97474Kb
 bounds [0x0000019583090000, 0x0000019584690000, 0x000001958a5c0000]
CodeHeap 'non-nmethods': size=5760Kb used=2909Kb max_used=2948Kb free=2851Kb
 bounds [0x000001958a5c0000, 0x000001958a8b0000, 0x000001958ab60000]
CodeCache: size=245760Kb, used=34015Kb, max_used=34054Kb, free=211743Kb
 total_blobs=13220, nmethods=12207, adapters=917, full_count=0
Compilation: enabled, stopped_count=0, restarted_count=0

Compilation events (20 events):
Event: 16.551 Thread 0x000001959699cc90 nmethod 14519 0x0000019584683990 code [0x0000019584683b20, 0x0000019584683c50]
Event: 16.551 Thread 0x000001959699cc90 14520       3       org.gradle.internal.properties.bean.DefaultPropertyWalker$CachedPropertyValue::maybeFinalizeValue (27 bytes)
Event: 16.551 Thread 0x000001959699cc90 nmethod 14520 0x0000019584683d10 code [0x0000019584683f00, 0x0000019584684368]
Event: 16.553 Thread 0x000001959699cc90 14521       3       org.gradle.execution.plan.ValuedVfsHierarchy$1::handleAsDescendantOfChild (10 bytes)
Event: 16.553 Thread 0x000001959699cc90 nmethod 14521 0x0000019584684510 code [0x00000195846846e0, 0x00000195846849e0]
Event: 16.553 Thread 0x000001959699cc90 14522       3       org.gradle.execution.plan.ValuedVfsHierarchy$1::handleAsDescendantOfChild (12 bytes)
Event: 16.553 Thread 0x000001959699cc90 nmethod 14522 0x0000019584684b10 code [0x0000019584684cc0, 0x0000019584684e70]
Event: 16.553 Thread 0x000001959699cc90 14523       3       com.google.common.collect.RegularImmutableBiMap::get (13 bytes)
Event: 16.553 Thread 0x000001959699cc90 nmethod 14523 0x0000019584684f90 code [0x0000019584685140, 0x0000019584685288]
Event: 16.554 Thread 0x000001959699cc90 14524       3       org.gradle.api.internal.tasks.properties.FileParameterUtils::normalizerOrDefault (12 bytes)
Event: 16.554 Thread 0x000001959699cc90 nmethod 14524 0x0000019584685310 code [0x00000195846854a0, 0x00000195846855d8]
Event: 16.554 Thread 0x000001959699cc90 14525       1       org.gradle.execution.plan.ResolveMutationsNode::access$100 (5 bytes)
Event: 16.554 Thread 0x000001959699cc90 nmethod 14525 0x000001958b3bfd90 code [0x000001958b3bff20, 0x000001958b3bffd0]
Event: 16.554 Thread 0x000001959699cc90 14526       1       org.gradle.execution.plan.WorkSource$Selection::isNoWorkReadyToStart (2 bytes)
Event: 16.554 Thread 0x000001959699cc90 nmethod 14526 0x000001958b3c0090 code [0x000001958b3c0220, 0x000001958b3c02e8]
Event: 16.554 Thread 0x000001959699cc90 14527       1       org.gradle.execution.plan.WorkSource$Selection$3::getItem (5 bytes)
Event: 16.554 Thread 0x000001959699cc90 nmethod 14527 0x000001958b3c0390 code [0x000001958b3c0520, 0x000001958b3c05e8]
Event: 16.554 Thread 0x000001959699cc90 14528       1       org.gradle.execution.plan.WorkSource$Selection$1::isNoWorkReadyToStart (2 bytes)
Event: 17.548 Thread 0x000001959699cc90 nmethod 14528 0x000001958b3c0690 code [0x000001958b3c0820, 0x000001958b3c08e8]
Event: 17.607 Thread 0x000001959699cc90 14529       3       java.util.Collections$EmptyList::spliterator (4 bytes)

GC Heap History (20 events):
Event: 11.028 GC heap before
{Heap before GC invocations=36 (full 0):
 garbage-first heap   total 156672K, used 139247K [0x0000000080000000, 0x0000000100000000)
  region size 1024K, 58 young (59392K), 7 survivors (7168K)
 Metaspace       used 104808K, committed 106880K, reserved 1179648K
  class space    used 14809K, committed 15808K, reserved 1048576K
}
Event: 11.034 GC heap after
{Heap after GC invocations=37 (full 0):
 garbage-first heap   total 156672K, used 89688K [0x0000000080000000, 0x0000000100000000)
  region size 1024K, 6 young (6144K), 6 survivors (6144K)
 Metaspace       used 104808K, committed 106880K, reserved 1179648K
  class space    used 14809K, committed 15808K, reserved 1048576K
}
Event: 11.431 GC heap before
{Heap before GC invocations=38 (full 0):
 garbage-first heap   total 156672K, used 140888K [0x0000000080000000, 0x0000000100000000)
  region size 1024K, 56 young (57344K), 6 survivors (6144K)
 Metaspace       used 105893K, committed 107968K, reserved 1179648K
  class space    used 14988K, committed 16000K, reserved 1048576K
}
Event: 11.438 GC heap after
{Heap after GC invocations=39 (full 0):
 garbage-first heap   total 156672K, used 96471K [0x0000000080000000, 0x0000000100000000)
  region size 1024K, 7 young (7168K), 7 survivors (7168K)
 Metaspace       used 105893K, committed 107968K, reserved 1179648K
  class space    used 14988K, committed 16000K, reserved 1048576K
}
Event: 11.944 GC heap before
{Heap before GC invocations=39 (full 0):
 garbage-first heap   total 156672K, used 138455K [0x0000000080000000, 0x0000000100000000)
  region size 1024K, 49 young (50176K), 7 survivors (7168K)
 Metaspace       used 108322K, committed 110400K, reserved 1179648K
  class space    used 15391K, committed 16384K, reserved 1048576K
}
Event: 11.955 GC heap after
{Heap after GC invocations=40 (full 0):
 garbage-first heap   total 156672K, used 103289K [0x0000000080000000, 0x0000000100000000)
  region size 1024K, 7 young (7168K), 7 survivors (7168K)
 Metaspace       used 108322K, committed 110400K, reserved 1179648K
  class space    used 15391K, committed 16384K, reserved 1048576K
}
Event: 12.050 GC heap before
{Heap before GC invocations=40 (full 0):
 garbage-first heap   total 156672K, used 139129K [0x0000000080000000, 0x0000000100000000)
  region size 1024K, 43 young (44032K), 7 survivors (7168K)
 Metaspace       used 108329K, committed 110400K, reserved 1179648K
  class space    used 15392K, committed 16384K, reserved 1048576K
}
Event: 12.054 GC heap after
{Heap after GC invocations=41 (full 0):
 garbage-first heap   total 156672K, used 105383K [0x0000000080000000, 0x0000000100000000)
  region size 1024K, 4 young (4096K), 4 survivors (4096K)
 Metaspace       used 108329K, committed 110400K, reserved 1179648K
  class space    used 15392K, committed 16384K, reserved 1048576K
}
Event: 12.186 GC heap before
{Heap before GC invocations=42 (full 0):
 garbage-first heap   total 178176K, used 141223K [0x0000000080000000, 0x0000000100000000)
  region size 1024K, 39 young (39936K), 4 survivors (4096K)
 Metaspace       used 108331K, committed 110400K, reserved 1179648K
  class space    used 15392K, committed 16384K, reserved 1048576K
}
Event: 12.189 GC heap after
{Heap after GC invocations=43 (full 0):
 garbage-first heap   total 178176K, used 106109K [0x0000000080000000, 0x0000000100000000)
  region size 1024K, 4 young (4096K), 4 survivors (4096K)
 Metaspace       used 108331K, committed 110400K, reserved 1179648K
  class space    used 15392K, committed 16384K, reserved 1048576K
}
Event: 12.480 GC heap before
{Heap before GC invocations=43 (full 0):
 garbage-first heap   total 178176K, used 165501K [0x0000000080000000, 0x0000000100000000)
  region size 1024K, 58 young (59392K), 4 survivors (4096K)
 Metaspace       used 109896K, committed 112064K, reserved 1179648K
  class space    used 15535K, committed 16576K, reserved 1048576K
}
Event: 12.484 GC heap after
{Heap after GC invocations=44 (full 0):
 garbage-first heap   total 214016K, used 106747K [0x0000000080000000, 0x0000000100000000)
  region size 1024K, 6 young (6144K), 6 survivors (6144K)
 Metaspace       used 109896K, committed 112064K, reserved 1179648K
  class space    used 15535K, committed 16576K, reserved 1048576K
}
Event: 12.567 GC heap before
{Heap before GC invocations=44 (full 0):
 garbage-first heap   total 214016K, used 113915K [0x0000000080000000, 0x0000000100000000)
  region size 1024K, 15 young (15360K), 6 survivors (6144K)
 Metaspace       used 110142K, committed 112256K, reserved 1179648K
  class space    used 15561K, committed 16576K, reserved 1048576K
}
Event: 12.572 GC heap after
{Heap after GC invocations=45 (full 0):
 garbage-first heap   total 214016K, used 106571K [0x0000000080000000, 0x0000000100000000)
  region size 1024K, 6 young (6144K), 6 survivors (6144K)
 Metaspace       used 110142K, committed 112256K, reserved 1179648K
  class space    used 15561K, committed 16576K, reserved 1048576K
}
Event: 13.448 GC heap before
{Heap before GC invocations=46 (full 0):
 garbage-first heap   total 214016K, used 212043K [0x0000000080000000, 0x0000000100000000)
  region size 1024K, 82 young (83968K), 6 survivors (6144K)
 Metaspace       used 113953K, committed 116160K, reserved 1179648K
  class space    used 15951K, committed 17024K, reserved 1048576K
}
Event: 14.501 GC heap after
{Heap after GC invocations=47 (full 0):
 garbage-first heap   total 222208K, used 108242K [0x0000000080000000, 0x0000000100000000)
  region size 1024K, 8 young (8192K), 8 survivors (8192K)
 Metaspace       used 113953K, committed 116160K, reserved 1179648K
  class space    used 15951K, committed 17024K, reserved 1048576K
}
Event: 16.121 GC heap before
{Heap before GC invocations=47 (full 0):
 garbage-first heap   total 222208K, used 199378K [0x0000000080000000, 0x0000000100000000)
  region size 1024K, 98 young (100352K), 8 survivors (8192K)
 Metaspace       used 115111K, committed 117376K, reserved 1179648K
  class space    used 16106K, committed 17216K, reserved 1048576K
}
Event: 16.128 GC heap after
{Heap after GC invocations=48 (full 0):
 garbage-first heap   total 222208K, used 109570K [0x0000000080000000, 0x0000000100000000)
  region size 1024K, 10 young (10240K), 10 survivors (10240K)
 Metaspace       used 115111K, committed 117376K, reserved 1179648K
  class space    used 16106K, committed 17216K, reserved 1048576K
}
Event: 16.316 GC heap before
{Heap before GC invocations=48 (full 0):
 garbage-first heap   total 222208K, used 144386K [0x0000000080000000, 0x0000000100000000)
  region size 1024K, 45 young (46080K), 10 survivors (10240K)
 Metaspace       used 115770K, committed 118016K, reserved 1179648K
  class space    used 16181K, committed 17280K, reserved 1048576K
}
Event: 16.322 GC heap after
{Heap after GC invocations=49 (full 0):
 garbage-first heap   total 222208K, used 112594K [0x0000000080000000, 0x0000000100000000)
  region size 1024K, 6 young (6144K), 6 survivors (6144K)
 Metaspace       used 115770K, committed 118016K, reserved 1179648K
  class space    used 16181K, committed 17280K, reserved 1048576K
}

Dll operation events (3 events):
Event: 0.012 Loaded shared library C:\android2\jbr\bin\java.dll
Event: 0.016 Loaded shared library C:\android2\jbr\bin\zip.dll
Event: 0.584 Loaded shared library C:\android2\jbr\bin\verify.dll

Deoptimization events (20 events):
Event: 16.468 Thread 0x00000195a7b69d90 Uncommon trap: reason=class_check action=maybe_recompile pc=0x000001958b303868 method=com.google.common.base.Splitter$SplittingIterator.computeNext()Ljava/lang/String; @ 123 c2
Event: 16.468 Thread 0x00000195a7b69d90 DEOPT PACKING pc=0x000001958b303868 sp=0x000000335bdfc900
Event: 16.468 Thread 0x00000195a7b69d90 DEOPT UNPACKING pc=0x000001958a6146a2 sp=0x000000335bdfc7b0 mode 2
Event: 16.497 Thread 0x00000195a123c760 Uncommon trap: trap_request=0xffffffbe fr.pc=0x000001958b3b9ac4 relative=0x0000000000000624
Event: 16.497 Thread 0x00000195a123c760 Uncommon trap: reason=profile_predicate action=maybe_recompile pc=0x000001958b3b9ac4 method=java.io.WinNTFileSystem.normalize(Ljava/lang/String;)Ljava/lang/String; @ 25 c2
Event: 16.497 Thread 0x00000195a123c760 DEOPT PACKING pc=0x000001958b3b9ac4 sp=0x00000033588fcf60
Event: 16.497 Thread 0x00000195a123c760 DEOPT UNPACKING pc=0x000001958a6146a2 sp=0x00000033588fce88 mode 2
Event: 16.498 Thread 0x00000195a1239970 Uncommon trap: trap_request=0xffffffbe fr.pc=0x000001958b3b9ac4 relative=0x0000000000000624
Event: 16.498 Thread 0x00000195a1239970 Uncommon trap: reason=profile_predicate action=maybe_recompile pc=0x000001958b3b9ac4 method=java.io.WinNTFileSystem.normalize(Ljava/lang/String;)Ljava/lang/String; @ 25 c2
Event: 16.498 Thread 0x00000195a1239970 DEOPT PACKING pc=0x000001958b3b9ac4 sp=0x00000033584fd1b0
Event: 16.498 Thread 0x00000195a1239970 DEOPT UNPACKING pc=0x000001958a6146a2 sp=0x00000033584fd0d8 mode 2
Event: 16.498 Thread 0x000001959dbab480 Uncommon trap: trap_request=0xffffffbe fr.pc=0x000001958b3b9ac4 relative=0x0000000000000624
Event: 16.498 Thread 0x000001959dbab480 Uncommon trap: reason=profile_predicate action=maybe_recompile pc=0x000001958b3b9ac4 method=java.io.WinNTFileSystem.normalize(Ljava/lang/String;)Ljava/lang/String; @ 25 c2
Event: 16.498 Thread 0x000001959dbab480 DEOPT PACKING pc=0x000001958b3b9ac4 sp=0x00000033582fd410
Event: 16.498 Thread 0x000001959dbab480 DEOPT UNPACKING pc=0x000001958a6146a2 sp=0x00000033582fd338 mode 2
Event: 16.499 Thread 0x00000195a123d480 Uncommon trap: trap_request=0xffffffbe fr.pc=0x000001958b3b9ac4 relative=0x0000000000000624
Event: 16.499 Thread 0x00000195a123d480 Uncommon trap: reason=profile_predicate action=maybe_recompile pc=0x000001958b3b9ac4 method=java.io.WinNTFileSystem.normalize(Ljava/lang/String;)Ljava/lang/String; @ 25 c2
Event: 16.499 Thread 0x00000195a123d480 DEOPT PACKING pc=0x000001958b3b9ac4 sp=0x0000003358afd180
Event: 16.499 Thread 0x00000195a123d480 DEOPT UNPACKING pc=0x000001958a6146a2 sp=0x0000003358afd0a8 mode 2
Event: 17.635 Thread 0x00000195a1240270 Uncommon trap: trap_request=0xffffff45 fr.pc=0x000001958b3bdba8 relative=0x00000000000011e8

Classes loaded (20 events):
Event: 15.852 Loading class sun/nio/ch/ChannelOutputStream
Event: 15.852 Loading class sun/nio/ch/ChannelOutputStream done
Event: 15.994 Loading class java/util/concurrent/ConcurrentSkipListMap$KeySet
Event: 15.994 Loading class java/util/concurrent/ConcurrentSkipListMap$KeySet done
Event: 15.994 Loading class java/util/concurrent/ConcurrentSkipListMap$KeyIterator
Event: 15.994 Loading class java/util/concurrent/ConcurrentSkipListMap$KeyIterator done
Event: 16.482 Loading class java/util/concurrent/Executors$DelegatedScheduledExecutorService
Event: 16.482 Loading class java/util/concurrent/Executors$DelegatedExecutorService
Event: 16.482 Loading class java/util/concurrent/Executors$DelegatedExecutorService done
Event: 16.482 Loading class java/util/concurrent/Executors$DelegatedScheduledExecutorService done
Event: 16.487 Loading class java/lang/ProcessImpl
Event: 16.488 Loading class java/lang/ProcessImpl done
Event: 16.499 Loading class java/lang/ProcessHandleImpl
Event: 16.499 Loading class java/lang/ProcessHandleImpl done
Event: 16.501 Loading class java/lang/ProcessImpl$2
Event: 16.501 Loading class java/lang/ProcessImpl$2 done
Event: 16.501 Loading class java/lang/Process$PipeInputStream
Event: 16.501 Loading class java/lang/Process$PipeInputStream done
Event: 16.504 Loading class jdk/internal/event/ProcessStartEvent
Event: 16.504 Loading class jdk/internal/event/ProcessStartEvent done

Classes unloaded (0 events):
No events

Classes redefined (0 events):
No events

Internal exceptions (20 events):
Event: 16.208 Thread 0x00000195a1ff19a0 Exception <a 'sun/nio/fs/WindowsException'{0x000000008c69b1e0}> (0x000000008c69b1e0) 
thrown [s\src\hotspot\share\prims\jni.cpp, line 537]
Event: 16.208 Thread 0x00000195a1ff19a0 Exception <a 'sun/nio/fs/WindowsException'{0x000000008c69c130}> (0x000000008c69c130) 
thrown [s\src\hotspot\share\prims\jni.cpp, line 537]
Event: 16.208 Thread 0x00000195a1ff19a0 Exception <a 'sun/nio/fs/WindowsException'{0x000000008c69c2c8}> (0x000000008c69c2c8) 
thrown [s\src\hotspot\share\prims\jni.cpp, line 537]
Event: 16.208 Thread 0x00000195a1ff19a0 Exception <a 'sun/nio/fs/WindowsException'{0x000000008c69d480}> (0x000000008c69d480) 
thrown [s\src\hotspot\share\prims\jni.cpp, line 537]
Event: 16.208 Thread 0x00000195a1ff19a0 Exception <a 'sun/nio/fs/WindowsException'{0x000000008c69e3e8}> (0x000000008c69e3e8) 
thrown [s\src\hotspot\share\prims\jni.cpp, line 537]
Event: 16.208 Thread 0x00000195a1ff19a0 Exception <a 'sun/nio/fs/WindowsException'{0x000000008c69e598}> (0x000000008c69e598) 
thrown [s\src\hotspot\share\prims\jni.cpp, line 537]
Event: 16.208 Thread 0x00000195a1ff19a0 Exception <a 'sun/nio/fs/WindowsException'{0x000000008c69f6f0}> (0x000000008c69f6f0) 
thrown [s\src\hotspot\share\prims\jni.cpp, line 537]
Event: 16.208 Thread 0x00000195a1ff19a0 Exception <a 'sun/nio/fs/WindowsException'{0x000000008c6a0628}> (0x000000008c6a0628) 
thrown [s\src\hotspot\share\prims\jni.cpp, line 537]
Event: 16.208 Thread 0x00000195a1ff19a0 Exception <a 'sun/nio/fs/WindowsException'{0x000000008c6a07a8}> (0x000000008c6a07a8) 
thrown [s\src\hotspot\share\prims\jni.cpp, line 537]
Event: 16.209 Thread 0x00000195a1ff19a0 Exception <a 'sun/nio/fs/WindowsException'{0x000000008c6a1950}> (0x000000008c6a1950) 
thrown [s\src\hotspot\share\prims\jni.cpp, line 537]
Event: 16.221 Thread 0x00000195a1ff19a0 Exception <a 'java/lang/NoSuchMethodError'{0x000000008c5fc1e0}: static Lcom/android/builder/internal/aapt/AaptOptions;.<clinit>()V> (0x000000008c5fc1e0) 
thrown [s\src\hotspot\share\prims\jni.cpp, line 1144]
Event: 16.221 Thread 0x00000195a1ff19a0 Exception <a 'java/lang/NoSuchMethodError'{0x000000008c411cb0}: static Ljava/lang/Object;.<clinit>()V> (0x000000008c411cb0) 
thrown [s\src\hotspot\share\prims\jni.cpp, line 1144]
Event: 16.223 Thread 0x00000195a1ff19a0 Exception <a 'java/lang/NoSuchMethodError'{0x000000008c431ea8}: static Lcom/android/build/api/variant/impl/SerializableApplicationMultiOutputHandler;.<clinit>()V> (0x000000008c431ea8) 
thrown [s\src\hotspot\share\prims\jni.cpp, line 1144]
Event: 16.224 Thread 0x00000195a1ff19a0 Exception <a 'java/lang/NoSuchMethodError'{0x000000008c4485c0}: static Lcom/android/build/api/variant/impl/VariantOutputImpl$SerializedForm;.<clinit>()V> (0x000000008c4485c0) 
thrown [s\src\hotspot\share\prims\jni.cpp, line 1144]
Event: 16.225 Thread 0x00000195a1ff19a0 Exception <a 'java/lang/NoSuchMethodError'{0x000000008c45da08}: static Lcom/android/build/api/variant/impl/VariantOutputConfigurationImpl;.<clinit>()V> (0x000000008c45da08) 
thrown [s\src\hotspot\share\prims\jni.cpp, line 1144]
Event: 16.288 Thread 0x00000195a1ff6860 Exception <a 'sun/nio/fs/WindowsException'{0x000000008b88b000}> (0x000000008b88b000) 
thrown [s\src\hotspot\share\prims\jni.cpp, line 537]
Event: 16.288 Thread 0x00000195a1ff6860 Exception <a 'sun/nio/fs/WindowsException'{0x000000008b88ce88}> (0x000000008b88ce88) 
thrown [s\src\hotspot\share\prims\jni.cpp, line 537]
Event: 16.498 Thread 0x00000195a7b69d90 Exception <a 'java/lang/NoSuchMethodError'{0x000000008a887dd8}: 'void java.lang.invoke.DirectMethodHandle$Holder.invokeStatic(java.lang.Object, long)'> (0x000000008a887dd8) 
thrown [s\src\hotspot\share\interpreter\linkResolver.cpp, line 784]
Event: 16.555 Thread 0x00000195a1ff6ef0 Exception <a 'sun/nio/fs/WindowsException'{0x00000000892513b0}> (0x00000000892513b0) 
thrown [s\src\hotspot\share\prims\jni.cpp, line 537]
Event: 16.555 Thread 0x00000195a1ff6ef0 Exception <a 'sun/nio/fs/WindowsException'{0x0000000089253928}> (0x0000000089253928) 
thrown [s\src\hotspot\share\prims\jni.cpp, line 537]

ZGC Phase Switch (0 events):
No events

VM Operations (20 events):
Event: 15.853 Executing VM operation: HandshakeAllThreads (Deoptimize) done
Event: 16.005 Executing VM operation: ICBufferFull
Event: 16.005 Executing VM operation: ICBufferFull done
Event: 16.121 Executing VM operation: G1CollectForAllocation (G1 Evacuation Pause)
Event: 16.128 Executing VM operation: G1CollectForAllocation (G1 Evacuation Pause) done
Event: 16.180 Executing VM operation: HandshakeAllThreads (Deoptimize)
Event: 16.180 Executing VM operation: HandshakeAllThreads (Deoptimize) done
Event: 16.316 Executing VM operation: G1CollectForAllocation (G1 Evacuation Pause)
Event: 16.322 Executing VM operation: G1CollectForAllocation (G1 Evacuation Pause) done
Event: 16.365 Executing VM operation: G1PauseRemark
Event: 16.370 Executing VM operation: G1PauseRemark done
Event: 16.398 Executing VM operation: G1PauseCleanup
Event: 16.398 Executing VM operation: G1PauseCleanup done
Event: 16.473 Executing VM operation: HandshakeAllThreads (Deoptimize)
Event: 16.473 Executing VM operation: HandshakeAllThreads (Deoptimize) done
Event: 16.503 Executing VM operation: HandshakeAllThreads (Deoptimize)
Event: 16.503 Executing VM operation: HandshakeAllThreads (Deoptimize) done
Event: 17.503 Executing VM operation: Cleanup
Event: 17.560 Executing VM operation: Cleanup done
Event: 18.570 Executing VM operation: Cleanup

Memory protections (0 events):
No events

Nmethod flushes (20 events):
Event: 16.369 Thread 0x00000195967bfdc0 flushing  nmethod 0x0000019583a5ea90
Event: 16.369 Thread 0x00000195967bfdc0 flushing  nmethod 0x0000019583a98710
Event: 16.369 Thread 0x00000195967bfdc0 flushing  nmethod 0x0000019583b42210
Event: 16.369 Thread 0x00000195967bfdc0 flushing  nmethod 0x0000019583b73c90
Event: 16.369 Thread 0x00000195967bfdc0 flushing  nmethod 0x0000019583bb7090
Event: 16.369 Thread 0x00000195967bfdc0 flushing  nmethod 0x0000019583ccfd90
Event: 16.369 Thread 0x00000195967bfdc0 flushing  nmethod 0x0000019583cd1310
Event: 16.369 Thread 0x00000195967bfdc0 flushing  nmethod 0x0000019583ce2710
Event: 16.369 Thread 0x00000195967bfdc0 flushing  nmethod 0x0000019583cec010
Event: 16.369 Thread 0x00000195967bfdc0 flushing  nmethod 0x0000019583d43310
Event: 16.369 Thread 0x00000195967bfdc0 flushing  nmethod 0x00000195842d2710
Event: 16.369 Thread 0x00000195967bfdc0 flushing  nmethod 0x000001958b1d2190
Event: 16.369 Thread 0x00000195967bfdc0 flushing  nmethod 0x00000195830abe90
Event: 16.369 Thread 0x00000195967bfdc0 flushing  nmethod 0x0000019583137490
Event: 16.369 Thread 0x00000195967bfdc0 flushing  nmethod 0x000001958379bf90
Event: 16.369 Thread 0x00000195967bfdc0 flushing  nmethod 0x0000019583893090
Event: 16.369 Thread 0x00000195967bfdc0 flushing  nmethod 0x0000019583af2890
Event: 16.369 Thread 0x00000195967bfdc0 flushing  nmethod 0x0000019583cab510
Event: 16.369 Thread 0x00000195967bfdc0 flushing  nmethod 0x0000019583d80390
Event: 16.369 Thread 0x00000195967bfdc0 flushing  nmethod 0x0000019583df2410

Events (20 events):
Event: 15.958 Thread 0x00000195a1ff19a0 Thread added: 0x00000195a7b74ec0
Event: 15.958 Thread 0x00000195a1ff19a0 Thread added: 0x00000195a7b76f90
Event: 15.958 Thread 0x00000195a1ff19a0 Thread added: 0x00000195a7b75be0
Event: 15.958 Thread 0x00000195a1ff19a0 Thread added: 0x00000195a7b74830
Event: 15.959 Thread 0x00000195a1ff19a0 Thread added: 0x00000195a7b75550
Event: 15.959 Thread 0x00000195a1ff19a0 Thread added: 0x00000195a7b76270
Event: 15.959 Thread 0x00000195a1ff19a0 Thread added: 0x00000195a7b77620
Event: 15.959 Thread 0x00000195a1ff19a0 Thread added: 0x00000195a7b741a0
Event: 15.960 Thread 0x00000195a1ff19a0 Thread added: 0x00000195a7b77cb0
Event: 15.960 Thread 0x00000195a1ff19a0 Thread added: 0x00000195a7b78340
Event: 15.960 Thread 0x00000195a1ff19a0 Thread added: 0x00000195a19a9610
Event: 16.006 Thread 0x00000195a1ff19a0 Thread added: 0x00000195a19a9ca0
Event: 16.013 Thread 0x00000195a1ff19a0 Thread added: 0x00000195a19a88f0
Event: 16.013 Thread 0x00000195a1ff19a0 Thread added: 0x00000195a19aa330
Event: 16.013 Thread 0x00000195a1ff19a0 Thread added: 0x00000195a19a6eb0
Event: 16.013 Thread 0x00000195a1ff19a0 Thread added: 0x00000195a19ade40
Event: 16.226 Thread 0x00000195a1ff19a0 Thread added: 0x00000195a19ac400
Event: 16.483 Thread 0x00000195a7b69d90 Thread added: 0x000001959b16cd90
Event: 16.507 Thread 0x00000195a7b69d90 Thread added: 0x000001959b16d420
Event: 16.507 Thread 0x00000195a7b69d90 Thread added: 0x000001959b16c700


Dynamic libraries:
0x00007ff6a3eb0000 - 0x00007ff6a3eba000 	C:\android2\jbr\bin\java.exe
0x00007ffcdaec0000 - 0x00007ffcdb127000 	C:\WINDOWS\SYSTEM32\ntdll.dll
0x00007ffcd9eb0000 - 0x00007ffcd9f79000 	C:\WINDOWS\System32\KERNEL32.DLL
0x00007ffcd7db0000 - 0x00007ffcd81a4000 	C:\WINDOWS\System32\KERNELBASE.dll
0x00007ffcd7bb0000 - 0x00007ffcd7cfb000 	C:\WINDOWS\System32\ucrtbase.dll
0x00007ffcc68f0000 - 0x00007ffcc6908000 	C:\android2\jbr\bin\jli.dll
0x00007ffcd28c0000 - 0x00007ffcd28db000 	C:\android2\jbr\bin\VCRUNTIME140.dll
0x00007ffcd9be0000 - 0x00007ffcd9da5000 	C:\WINDOWS\System32\USER32.dll
0x00007ffcd7790000 - 0x00007ffcd77b7000 	C:\WINDOWS\System32\win32u.dll
0x00007ffcb99d0000 - 0x00007ffcb9c63000 	C:\WINDOWS\WinSxS\amd64_microsoft.windows.common-controls_6595b64144ccf1df_6.0.26100.8115_none_3e075c82e3354f9c\COMCTL32.dll
0x00007ffcda040000 - 0x00007ffcda0e9000 	C:\WINDOWS\System32\msvcrt.dll
0x00007ffcda310000 - 0x00007ffcda33b000 	C:\WINDOWS\System32\GDI32.dll
0x00007ffcd7880000 - 0x00007ffcd79ab000 	C:\WINDOWS\System32\gdi32full.dll
0x00007ffcd7d00000 - 0x00007ffcd7da3000 	C:\WINDOWS\System32\msvcp_win.dll
0x00007ffcd9e70000 - 0x00007ffcd9ea2000 	C:\WINDOWS\System32\IMM32.DLL
0x00007ffcd2df0000 - 0x00007ffcd2dfc000 	C:\android2\jbr\bin\vcruntime140_1.dll
0x00007ffc9efc0000 - 0x00007ffc9f04d000 	C:\android2\jbr\bin\msvcp140.dll
0x00007ffc5d740000 - 0x00007ffc5e3d6000 	C:\android2\jbr\bin\server\jvm.dll
0x00007ffcd9db0000 - 0x00007ffcd9e66000 	C:\WINDOWS\System32\ADVAPI32.dll
0x00007ffcd9f80000 - 0x00007ffcda027000 	C:\WINDOWS\System32\sechost.dll
0x00007ffcda1f0000 - 0x00007ffcda308000 	C:\WINDOWS\System32\RPCRT4.dll
0x00007ffcd9760000 - 0x00007ffcd97e0000 	C:\WINDOWS\System32\WS2_32.dll
0x00007ffcd7610000 - 0x00007ffcd766e000 	C:\WINDOWS\SYSTEM32\POWRPROF.dll
0x00007ffccf880000 - 0x00007ffccf8b6000 	C:\WINDOWS\SYSTEM32\WINMM.dll
0x00007ffcb8630000 - 0x00007ffcb863b000 	C:\WINDOWS\SYSTEM32\VERSION.dll
0x00007ffcd75f0000 - 0x00007ffcd7604000 	C:\WINDOWS\SYSTEM32\UMPDC.dll
0x00007ffcd6520000 - 0x00007ffcd653b000 	C:\WINDOWS\SYSTEM32\kernel.appcore.dll
0x00007ffcd2a80000 - 0x00007ffcd2a8a000 	C:\android2\jbr\bin\jimage.dll
0x00007ffcd5730000 - 0x00007ffcd5972000 	C:\WINDOWS\SYSTEM32\DBGHELP.DLL
0x00007ffcd93d0000 - 0x00007ffcd9752000 	C:\WINDOWS\System32\combase.dll
0x00007ffcd9a90000 - 0x00007ffcd9b68000 	C:\WINDOWS\System32\OLEAUT32.dll
0x00007ffcb7310000 - 0x00007ffcb734b000 	C:\WINDOWS\SYSTEM32\dbgcore.DLL
0x00007ffcd81b0000 - 0x00007ffcd8255000 	C:\WINDOWS\System32\bcryptPrimitives.dll
0x00007ffcc5d90000 - 0x00007ffcc5d9e000 	C:\android2\jbr\bin\instrument.dll
0x00007ffcd2870000 - 0x00007ffcd2890000 	C:\android2\jbr\bin\java.dll
0x00007ffcc9530000 - 0x00007ffcc9548000 	C:\android2\jbr\bin\zip.dll
0x00007ffcd8c50000 - 0x00007ffcd93b7000 	C:\WINDOWS\System32\SHELL32.dll
0x00007ffcd7a40000 - 0x00007ffcd7baa000 	C:\WINDOWS\System32\wintypes.dll
0x00007ffcd8260000 - 0x00007ffcd8ac8000 	C:\WINDOWS\System32\windows.storage.dll
0x00007ffcda0f0000 - 0x00007ffcda1e8000 	C:\WINDOWS\System32\SHCORE.dll
0x00007ffcd9b70000 - 0x00007ffcd9bd6000 	C:\WINDOWS\System32\shlwapi.dll
0x00007ffcd76b0000 - 0x00007ffcd76d9000 	C:\WINDOWS\SYSTEM32\profapi.dll
0x00007ffcc6bb0000 - 0x00007ffcc6bc0000 	C:\android2\jbr\bin\net.dll
0x00007ffcd1ac0000 - 0x00007ffcd1bed000 	C:\WINDOWS\SYSTEM32\WINHTTP.dll
0x00007ffcd6a90000 - 0x00007ffcd6afc000 	C:\WINDOWS\system32\mswsock.dll
0x00007ffcc65d0000 - 0x00007ffcc65e6000 	C:\android2\jbr\bin\nio.dll
0x00007ffcc5a00000 - 0x00007ffcc5a10000 	C:\android2\jbr\bin\verify.dll
0x00007ffcc3480000 - 0x00007ffcc34a7000 	C:\Users\Mica\.gradle\native\1def1411415f61bf3af743bc5b6707747c0891f09f0c88961ee8f79bc544acac\windows-amd64\native-platform.dll
0x00007ffcc41c0000 - 0x00007ffcc4238000 	C:\Users\Mica\.gradle\native\0.2.7\x86_64-windows-gnu\gradle-fileevents.dll
0x00007ffcc6690000 - 0x00007ffcc6699000 	C:\android2\jbr\bin\management.dll
0x00007ffcc65c0000 - 0x00007ffcc65cb000 	C:\android2\jbr\bin\management_ext.dll
0x00007ffcda030000 - 0x00007ffcda038000 	C:\WINDOWS\System32\PSAPI.DLL
0x00007ffcd5ee0000 - 0x00007ffcd5f12000 	C:\WINDOWS\SYSTEM32\IPHLPAPI.DLL
0x00007ffcda5a0000 - 0x00007ffcda5aa000 	C:\WINDOWS\System32\NSI.dll
0x00007ffcc68e0000 - 0x00007ffcc68e9000 	C:\android2\jbr\bin\extnet.dll
0x00007ffcd6d70000 - 0x00007ffcd6d8b000 	C:\WINDOWS\SYSTEM32\CRYPTSP.dll
0x00007ffcd6480000 - 0x00007ffcd64b9000 	C:\WINDOWS\system32\rsaenh.dll
0x00007ffcd6b40000 - 0x00007ffcd6b73000 	C:\WINDOWS\SYSTEM32\USERENV.dll
0x00007ffcd7680000 - 0x00007ffcd76aa000 	C:\WINDOWS\SYSTEM32\bcrypt.dll
0x00007ffcd6d90000 - 0x00007ffcd6d9c000 	C:\WINDOWS\SYSTEM32\CRYPTBASE.dll
0x00007ffc98490000 - 0x00007ffc98498000 	C:\WINDOWS\system32\wshunix.dll
0x00007ffcd6640000 - 0x00007ffcd6676000 	C:\WINDOWS\SYSTEM32\ntmarta.dll

JVMTI agents:
C:\Users\Mica\.gradle\wrapper\dists\gradle-8.13-bin\5xuhj0ry160q40clulazy9h7d\gradle-8.13\lib\agents\gradle-instrumentation-agent-8.13.jar path:C:\android2\jbr\bin\instrument.dll, loaded, initialized, instrumentlib options:none

dbghelp: loaded successfully - version: 4.0.5 - missing functions: none
symbol engine: initialized successfully - sym options: 0x614 - pdb path: .;C:\android2\jbr\bin;C:\WINDOWS\SYSTEM32;C:\WINDOWS\WinSxS\amd64_microsoft.windows.common-controls_6595b64144ccf1df_6.0.26100.8115_none_3e075c82e3354f9c;C:\android2\jbr\bin\server;C:\Users\Mica\.gradle\native\1def1411415f61bf3af743bc5b6707747c0891f09f0c88961ee8f79bc544acac\windows-amd64;C:\Users\Mica\.gradle\native\0.2.7\x86_64-windows-gnu

VM Arguments:
jvm_args: --add-opens=java.base/java.lang=ALL-UNNAMED --add-opens=java.base/java.lang.invoke=ALL-UNNAMED --add-opens=java.base/java.util=ALL-UNNAMED --add-opens=java.prefs/java.util.prefs=ALL-UNNAMED --add-exports=jdk.compiler/com.sun.tools.javac.api=ALL-UNNAMED --add-exports=jdk.compiler/com.sun.tools.javac.util=ALL-UNNAMED --add-opens=java.base/java.util=ALL-UNNAMED --add-opens=java.prefs/java.util.prefs=ALL-UNNAMED --add-opens=java.base/java.nio.charset=ALL-UNNAMED --add-opens=java.base/java.net=ALL-UNNAMED --add-opens=java.base/java.util.concurrent.atomic=ALL-UNNAMED --add-opens=java.xml/javax.xml.namespace=ALL-UNNAMED -Xmx2048m -Dfile.encoding=UTF-8 -Duser.country=PH -Duser.language=en -Duser.variant -javaagent:C:\Users\Mica\.gradle\wrapper\dists\gradle-8.13-bin\5xuhj0ry160q40clulazy9h7d\gradle-8.13\lib\agents\gradle-instrumentation-agent-8.13.jar 
java_command: org.gradle.launcher.daemon.bootstrap.GradleDaemon 8.13
java_class_path (initial): C:\Users\Mica\.gradle\wrapper\dists\gradle-8.13-bin\5xuhj0ry160q40clulazy9h7d\gradle-8.13\lib\gradle-daemon-main-8.13.jar
Launcher Type: SUN_STANDARD

[Global flags]
     intx CICompilerCount                          = 4                                         {product} {ergonomic}
     uint ConcGCThreads                            = 3                                         {product} {ergonomic}
     uint G1ConcRefinementThreads                  = 10                                        {product} {ergonomic}
   size_t G1HeapRegionSize                         = 1048576                                   {product} {ergonomic}
    uintx GCDrainStackTargetSize                   = 64                                        {product} {ergonomic}
   size_t InitialHeapSize                          = 130023424                                 {product} {ergonomic}
   size_t MarkStackSize                            = 4194304                                   {product} {ergonomic}
   size_t MaxHeapSize                              = 2147483648                                {product} {command line}
   size_t MaxNewSize                               = 1287651328                                {product} {ergonomic}
   size_t MinHeapDeltaBytes                        = 1048576                                   {product} {ergonomic}
   size_t MinHeapSize                              = 8388608                                   {product} {ergonomic}
    uintx NonNMethodCodeHeapSize                   = 5839372                                {pd product} {ergonomic}
    uintx NonProfiledCodeHeapSize                  = 122909434                              {pd product} {ergonomic}
    uintx ProfiledCodeHeapSize                     = 122909434                              {pd product} {ergonomic}
    uintx ReservedCodeCacheSize                    = 251658240                              {pd product} {ergonomic}
     bool SegmentedCodeCache                       = true                                      {product} {ergonomic}
   size_t SoftMaxHeapSize                          = 2147483648                             {manageable} {ergonomic}
     bool UseCompressedOops                        = true                           {product lp64_product} {ergonomic}
     bool UseG1GC                                  = true                                      {product} {ergonomic}
     bool UseLargePagesIndividualAllocation        = false                                  {pd product} {ergonomic}

Logging:
Log output configuration:
 #0: stdout all=warning uptime,level,tags foldmultilines=false
 #1: stderr all=off uptime,level,tags foldmultilines=false

Environment Variables:
PATH=C:\WINDOWS\system32;C:\WINDOWS;C:\WINDOWS\System32\Wbem;C:\WINDOWS\System32\WindowsPowerShell\v1.0\;C:\WINDOWS\System32\OpenSSH\;C:\MinGW\bin;C:\Program Files\Java;C:\Program Files\Java\jdk1.8.0_351\bin;C:\MinGW;C:\jdk-25_windows-x64_bin;C:\Program Files\Git\cmd;C:\Program Files\MySQL\MySQL Shell 8.0\bin\;C:\Users\Mica\AppData\Local\Microsoft\WindowsApps;C:\Users\Mica\AppData\Local\Programs\Microsoft VS Code\bin;C:\MinGW;C:\jdk-25_windows-x64_bin\jdk-25
USERNAME=Mica
OS=Windows_NT
PROCESSOR_IDENTIFIER=Intel64 Family 6 Model 186 Stepping 3, GenuineIntel
TMP=C:\Users\Mica\AppData\Local\Temp
TEMP=C:\Users\Mica\AppData\Local\Temp




Periodic native trim disabled

JNI global refs:
JNI global refs: 29, weak refs: 5

JNI global refs memory usage: 835, weak refs: 833

Process memory usage:
Resident Set Size: 545628K (6% of 8069112K total physical memory with 783596K free physical memory)

OOME stack traces (most recent first):
Classloader memory used:
Loader org.gradle.internal.classloader.VisitableURLClassLoader                         : 44265K
Loader bootstrap                                                                       : 29142K
Loader org.gradle.internal.classloader.VisitableURLClassLoader$InstrumentingVisitableURLClassLoader: 28640K
Loader org.gradle.initialization.MixInLegacyTypesClassLoader                           : 12925K
Loader jdk.internal.loader.ClassLoaders$PlatformClassLoader                            : 519K
Loader jdk.internal.reflect.DelegatingClassLoader                                      : 412K
Loader jdk.internal.loader.ClassLoaders$AppClassLoader                                 : 235K
Loader org.gradle.internal.classloader.VisitableURLClassLoader                         : 161K
Loader org.gradle.groovy.scripts.internal.DefaultScriptCompilationHandler$ScriptClassLoader: 137K
Loader org.codehaus.groovy.runtime.callsite.CallSiteClassLoader                        : 27504B

Classes loaded by more than one classloader:
Class Program                                                                         : loaded 5 times (x 72B)
Class Build_gradle                                                                    : loaded 3 times (x 130B)
Class Build_gradle$1                                                                  : loaded 3 times (x 74B)
Class ijKotlinCoroutineJvmDebugInit1_5heortybpb2eo1dafnmtj4ity$_run_closure1          : loaded 2 times (x 139B)
Class org.gradle.internal.classloader.FilteringClassLoader                            : loaded 2 times (x 105B)
Class [Lcom.google.common.collect.MapMakerInternalMap$Segment;                        : loaded 2 times (x 69B)
Class com.google.common.io.FileWriteMode                                              : loaded 2 times (x 79B)
Class [Lcom.google.common.base.AbstractIterator$State;                                : loaded 2 times (x 69B)
Class com.google.common.base.CharMatcher$IsEither                                     : loaded 2 times (x 111B)
Class org.gradle.internal.classloader.ClassLoaderHierarchy                            : loaded 2 times (x 70B)
Class com.google.common.collect.AbstractMapBasedMultimap$WrappedCollection            : loaded 2 times (x 124B)
Class com.google.common.collect.ImmutableEnumSet                                      : loaded 2 times (x 146B)
Class com.google.common.util.concurrent.ExecutionError                                : loaded 2 times (x 82B)
Class com.google.common.collect.ImmutableList$1                                       : loaded 2 times (x 97B)
Class org.gradle.api.internal.classpath.ManifestUtil                                  : loaded 2 times (x 71B)
Class com.google.common.collect.RegularImmutableMap                                   : loaded 2 times (x 121B)
Class com.google.common.collect.ImmutableMap$MapViewOfValuesAsSingletonSets           : loaded 2 times (x 126B)
Class com.google.common.collect.TransformedListIterator                               : loaded 2 times (x 93B)
Class [Lorg.objectweb.asm.Symbol;                                                     : loaded 2 times (x 69B)
Class org.objectweb.asm.ClassVisitor                                                  : loaded 2 times (x 88B)
Class com.google.common.collect.UnmodifiableListIterator                              : loaded 2 times (x 95B)
Class com.google.common.collect.MapMakerInternalMap$StrongKeyDummyValueEntry$LinkedStrongKeyDummyValueEntry: loaded 2 times (x 82B)
Class com.google.common.collect.MapMakerInternalMap$Strength                          : loaded 2 times (x 80B)
Class com.google.common.base.Platform$JdkPatternCompiler                              : loaded 2 times (x 75B)
Class org.objectweb.asm.MethodTooLargeException                                       : loaded 2 times (x 83B)
Class [Lcom.google.common.cache.CacheBuilder$OneWeigher;                              : loaded 2 times (x 69B)
Class com.google.common.base.Suppliers                                                : loaded 2 times (x 71B)
Class org.gradle.internal.classloader.DefaultClassLoaderFactory                       : loaded 2 times (x 82B)
Class com.google.common.base.CharMatcher$None                                         : loaded 2 times (x 112B)
Class org.gradle.internal.classloader.ClassLoaderVisitor                              : loaded 2 times (x 76B)
Class [Lcom.google.common.collect.ImmutableMapEntry;                                  : loaded 2 times (x 69B)
Class org.gradle.api.internal.classpath.EffectiveClassPath                            : loaded 2 times (x 90B)
Class com.google.common.collect.ImmutableRangeSet                                     : loaded 2 times (x 115B)
Class com.google.common.collect.ListMultimap                                          : loaded 2 times (x 70B)
Class com.google.common.collect.ImmutableEnumMap                                      : loaded 2 times (x 126B)
Class com.google.common.collect.Iterators$EmptyModifiableIterator                     : loaded 2 times (x 86B)
Class com.google.common.base.Splitter                                                 : loaded 2 times (x 72B)
Class com.google.common.collect.Sets$1                                                : loaded 2 times (x 139B)
Class org.objectweb.asm.AnnotationVisitor                                             : loaded 2 times (x 78B)
Class org.gradle.api.internal.DefaultClassPathProvider                                : loaded 2 times (x 76B)
Class com.google.common.collect.MapMakerInternalMap$Strength$1                        : loaded 2 times (x 80B)
Class com.google.common.collect.Maps$ViewCachingAbstractMap                           : loaded 2 times (x 125B)
Class com.google.common.collect.Sets$2                                                : loaded 2 times (x 139B)
Class [Lorg.gradle.api.internal.ClassPathProvider;                                    : loaded 2 times (x 69B)
Class org.gradle.api.internal.ClassPathProvider                                       : loaded 2 times (x 70B)
Class com.google.common.collect.MapMakerInternalMap$Strength$2                        : loaded 2 times (x 80B)
Class com.google.common.base.AbstractIterator$State                                   : loaded 2 times (x 79B)
Class [Lorg.objectweb.asm.AnnotationVisitor;                                          : loaded 2 times (x 69B)
Class com.google.common.collect.Sets$3                                                : loaded 2 times (x 139B)
Class com.google.common.util.concurrent.AbstractFuture$SafeAtomicHelper               : loaded 2 times (x 79B)
Class com.google.common.cache.LocalCache$LocalLoadingCache                            : loaded 2 times (x 134B)
Class org.gradle.internal.service.UnknownServiceException                             : loaded 2 times (x 83B)
Class com.google.common.collect.MapMakerInternalMap$StrongValueEntry                  : loaded 2 times (x 70B)
Class com.google.common.collect.Sets$4                                                : loaded 2 times (x 139B)
Class org.objectweb.asm.ModuleVisitor                                                 : loaded 2 times (x 81B)
Class com.google.common.cache.LocalCache$Strength$1                                   : loaded 2 times (x 81B)
Class com.google.common.util.concurrent.SettableFuture                                : loaded 2 times (x 114B)
Class com.google.common.cache.LocalCache$Strength$2                                   : loaded 2 times (x 81B)
Class com.google.common.collect.Interners$InternerImpl                                : loaded 2 times (x 75B)
Class com.google.common.collect.Interner                                              : loaded 2 times (x 70B)
Class com.google.common.collect.TransformedIterator                                   : loaded 2 times (x 80B)
Class com.google.common.base.Splitter$1                                               : loaded 2 times (x 77B)
Class com.google.common.cache.LocalCache$Strength$3                                   : loaded 2 times (x 81B)
Class com.google.common.collect.MapDifference                                         : loaded 2 times (x 70B)
Class com.google.common.collect.MapMaker$Dummy                                        : loaded 2 times (x 79B)
Class org.objectweb.asm.FieldWriter                                                   : loaded 2 times (x 78B)
Class com.google.common.cache.CacheBuilder$NullListener                               : loaded 2 times (x 82B)
Class org.gradle.internal.classpath.TransformedClassPath                              : loaded 2 times (x 96B)
Class org.gradle.internal.classloader.InstrumentingClassLoader                        : loaded 2 times (x 70B)
Class com.google.common.collect.ImmutableRangeSet$AsSet                               : loaded 2 times (x 300B)
Class com.google.common.cache.CacheLoader$FunctionToCacheLoader                       : loaded 2 times (x 75B)
Class com.google.common.collect.Iterators$ArrayItr                                    : loaded 2 times (x 97B)
Class com.google.common.collect.ImmutableCollection$Builder                           : loaded 2 times (x 76B)
Class com.google.common.collect.BaseImmutableMultimap                                 : loaded 2 times (x 123B)
Class com.google.common.base.Joiner                                                   : loaded 2 times (x 79B)
Class com.google.common.base.MoreObjects                                              : loaded 2 times (x 71B)
Class com.google.common.collect.Platform                                              : loaded 2 times (x 71B)
Class [Lorg.objectweb.asm.Type;                                                       : loaded 2 times (x 69B)
Class com.google.common.collect.UnmodifiableIterator                                  : loaded 2 times (x 80B)
Class org.gradle.internal.service.ServiceLocator                                      : loaded 2 times (x 70B)
Class com.google.common.base.Ascii                                                    : loaded 2 times (x 71B)
Class com.google.common.collect.SingletonImmutableBiMap                               : loaded 2 times (x 143B)
Class com.google.common.cache.LocalCache$1                                            : loaded 2 times (x 89B)
Class com.google.common.collect.AbstractMapEntry                                      : loaded 2 times (x 81B)
Class com.google.common.collect.MapMakerInternalMap$AbstractStrongKeyEntry            : loaded 2 times (x 80B)
Class com.google.common.collect.Sets$ImprovedAbstractSet                              : loaded 2 times (x 135B)
Class com.google.common.collect.ImmutableList$Builder                                 : loaded 2 times (x 77B)
Class com.google.common.collect.AbstractMultimap                                      : loaded 2 times (x 123B)
Class com.google.common.cache.LocalCache$2                                            : loaded 2 times (x 142B)
Class com.google.common.collect.ImmutableRangeSet$1                                   : loaded 2 times (x 210B)
Class com.google.common.util.concurrent.AbstractFuture$UnsafeAtomicHelper$1           : loaded 2 times (x 76B)
Class com.google.common.collect.RegularImmutableAsList                                : loaded 2 times (x 217B)
Class com.google.common.collect.Range                                                 : loaded 2 times (x 87B)
Class com.google.common.util.concurrent.AbstractFuture$Trusted                        : loaded 2 times (x 70B)
Class com.google.common.collect.Iterators                                             : loaded 2 times (x 71B)
Class com.google.common.io.ByteSink$AsCharSink                                        : loaded 2 times (x 80B)
Class com.google.common.collect.Lists$StringAsImmutableList                           : loaded 2 times (x 207B)
Class com.google.common.util.concurrent.UncheckedExecutionException                   : loaded 2 times (x 82B)
Class org.gradle.kotlin.dsl.VersionCatalogAccessorsKt                                 : loaded 2 times (x 71B)
Class org.gradle.internal.InternalTransformer                                         : loaded 2 times (x 70B)
Class com.google.common.collect.AbstractMapBasedMultimap$KeySet$1                     : loaded 2 times (x 82B)
Class org.objectweb.asm.ClassWriter                                                   : loaded 2 times (x 106B)
Class com.google.common.cache.CacheLoader$UnsupportedLoadingOperationException        : loaded 2 times (x 82B)
Class com.google.common.base.CharMatcher$And                                          : loaded 2 times (x 112B)
Class org.gradle.internal.classloader.ClasspathUtil$1                                 : loaded 2 times (x 76B)
Class com.google.common.base.Objects                                                  : loaded 2 times (x 71B)
Class org.objectweb.asm.FieldVisitor                                                  : loaded 2 times (x 77B)
Class com.google.common.collect.IndexedImmutableSet                                   : loaded 2 times (x 152B)
Class com.google.common.collect.ImmutableMap$1                                        : loaded 2 times (x 81B)
Class com.google.common.collect.BiMap                                                 : loaded 2 times (x 70B)
Class com.google.common.collect.RegularImmutableMap$KeySet                            : loaded 2 times (x 152B)
Class com.google.common.primitives.Ints                                               : loaded 2 times (x 71B)
Class com.google.common.collect.AbstractIterator                                      : loaded 2 times (x 82B)
Class com.google.common.collect.ObjectArrays                                          : loaded 2 times (x 71B)
Class com.google.common.collect.Multiset                                              : loaded 2 times (x 70B)
Class com.google.common.collect.ArrayListMultimapGwtSerializationDependencies         : loaded 2 times (x 172B)
Class com.google.common.collect.AbstractIndexedListIterator                           : loaded 2 times (x 96B)
Class com.google.common.math.MathPreconditions                                        : loaded 2 times (x 71B)
Class com.google.common.collect.ImmutableMapEntrySet                                  : loaded 2 times (x 152B)
Class org.gradle.api.internal.classpath.Module                                        : loaded 2 times (x 70B)
Class com.google.common.cache.Weigher                                                 : loaded 2 times (x 70B)
Class org.gradle.api.internal.classpath.UnknownModuleException                        : loaded 2 times (x 82B)
Class com.google.common.base.Stopwatch                                                : loaded 2 times (x 72B)
Class com.google.common.cache.LocalCache$Strength                                     : loaded 2 times (x 81B)
Class com.google.common.cache.Cache                                                   : loaded 2 times (x 70B)
Class com.google.common.io.Files$2                                                    : loaded 2 times (x 76B)
Class com.google.common.base.NullnessCasts                                            : loaded 2 times (x 71B)
Class com.google.common.util.concurrent.AbstractFuture$Cancellation                   : loaded 2 times (x 72B)
Class com.google.common.collect.ImmutableMap$Builder                                  : loaded 2 times (x 82B)
Class com.google.common.collect.AbstractMapBasedMultimap$WrappedCollection$WrappedIterator: loaded 2 times (x 84B)
Class com.google.common.cache.RemovalListener                                         : loaded 2 times (x 70B)
Class org.gradle.api.internal.DefaultClassPathRegistry                                : loaded 2 times (x 76B)
Class com.google.common.primitives.IntsMethodsForWeb                                  : loaded 2 times (x 71B)
Class com.google.common.collect.Multimap                                              : loaded 2 times (x 70B)
Class org.gradle.api.internal.ClassPathRegistry                                       : loaded 2 times (x 70B)
Class org.gradle.internal.classpath.DefaultClassPath$ImmutableUniqueList              : loaded 2 times (x 199B)
Class com.google.common.collect.MapMakerInternalMap$Segment                           : loaded 2 times (x 142B)
Class com.google.common.base.ExtraObjectsMethodsForWeb                                : loaded 2 times (x 71B)
Class com.google.common.base.Equivalence$Identity                                     : loaded 2 times (x 82B)
Class com.google.common.io.ByteSink                                                   : loaded 2 times (x 76B)
Class com.google.common.cache.CacheBuilder                                            : loaded 2 times (x 72B)
Class com.google.common.collect.SingletonImmutableList                                : loaded 2 times (x 207B)
Class Settings_gradle$1                                                               : loaded 2 times (x 74B)
Class ijJvmDebugger1_65fnlwx6uellm4cl5w6h6zgr9$_run_closure1                          : loaded 2 times (x 139B)
Class org.gradle.internal.classpath.ClassPath                                         : loaded 2 times (x 70B)
Class org.gradle.api.UncheckedIOException                                             : loaded 2 times (x 82B)
Class com.google.common.collect.Interners$InternerBuilder                             : loaded 2 times (x 76B)
Class com.google.common.io.Files$FileByteSource                                       : loaded 2 times (x 85B)
Class com.google.common.base.JdkPattern                                               : loaded 2 times (x 75B)
Class com.google.common.collect.ImmutableList$ReverseImmutableList                    : loaded 2 times (x 209B)
Class org.objectweb.asm.SymbolTable$Entry                                             : loaded 2 times (x 74B)
Class com.google.common.util.concurrent.AbstractFuture$AtomicHelper                   : loaded 2 times (x 78B)
Class org.objectweb.asm.Edge                                                          : loaded 2 times (x 72B)
Class com.google.common.base.Suppliers$SupplierOfInstance                             : loaded 2 times (x 79B)
Class com.google.common.collect.Iterators$1                                           : loaded 2 times (x 81B)
Class com.google.common.cache.LocalCache$ComputingValueReference                      : loaded 2 times (x 96B)
Class com.google.common.collect.SingletonImmutableSet                                 : loaded 2 times (x 146B)
Class com.google.common.collect.ImmutableMap$IteratorBasedImmutableMap                : loaded 2 times (x 126B)
Class com.google.common.cache.LocalCache$Segment                                      : loaded 2 times (x 154B)
Class com.google.common.collect.SortedIterable                                        : loaded 2 times (x 70B)
Class com.google.common.collect.AbstractListMultimap                                  : loaded 2 times (x 172B)
Class [Lorg.objectweb.asm.SymbolTable$Entry;                                          : loaded 2 times (x 69B)
Class com.google.common.cache.CacheLoader                                             : loaded 2 times (x 74B)
Class com.google.common.collect.Iterators$4                                           : loaded 2 times (x 82B)
Class com.google.common.collect.ImmutableBiMap                                        : loaded 2 times (x 143B)
Class org.gradle.internal.installation.GradleInstallation$1                           : loaded 2 times (x 75B)
Class org.gradle.api.internal.classpath.ModuleRegistry                                : loaded 2 times (x 70B)
Class com.google.common.base.Splitter$SplittingIterator                               : loaded 2 times (x 84B)
Class com.google.common.util.concurrent.internal.InternalFutureFailureAccess          : loaded 2 times (x 72B)
Class com.google.common.collect.Iterators$5                                           : loaded 2 times (x 82B)
Class com.google.common.collect.ImmutableSet$JdkBackedSetBuilderImpl                  : loaded 2 times (x 76B)
Class com.google.common.util.concurrent.AbstractFuture$UnsafeAtomicHelper             : loaded 2 times (x 78B)
Class com.google.common.cache.LocalCache$LocalManualCache$1                           : loaded 2 times (x 75B)
Class com.google.common.base.CharMatcher$ForPredicate                                 : loaded 2 times (x 112B)
Class com.google.common.base.CharMatcher$AnyOf                                        : loaded 2 times (x 112B)
Class com.google.common.collect.ImmutableCollection                                   : loaded 2 times (x 125B)
Class org.gradle.api.internal.classpath.DefaultModuleRegistry                         : loaded 2 times (x 86B)
Class com.google.common.collect.Lists                                                 : loaded 2 times (x 71B)
Class com.google.common.util.concurrent.ListenableFuture                              : loaded 2 times (x 70B)
Class com.google.common.cache.ReferenceEntry                                          : loaded 2 times (x 70B)
Class com.google.common.base.Converter                                                : loaded 2 times (x 90B)
Class com.google.common.collect.ImmutableSet$CachingAsList                            : loaded 2 times (x 148B)
Class com.google.common.collect.AbstractMapBasedMultimap                              : loaded 2 times (x 139B)
Class com.google.common.util.concurrent.AbstractFuture                                : loaded 2 times (x 106B)
Class com.google.common.base.FunctionalEquivalence                                    : loaded 2 times (x 83B)
Class com.google.common.collect.Iterators$9                                           : loaded 2 times (x 81B)
Class com.google.common.collect.ImmutableAsList                                       : loaded 2 times (x 209B)
Class org.objectweb.asm.RecordComponentVisitor                                        : loaded 2 times (x 77B)
Class com.google.common.cache.CacheLoader$SupplierToCacheLoader                       : loaded 2 times (x 75B)
Class com.google.common.collect.Maps$EntryTransformer                                 : loaded 2 times (x 70B)
Class org.gradle.internal.service.ServiceLookupException                              : loaded 2 times (x 82B)
Class com.google.common.base.CharMatcher$JavaLetter                                   : loaded 2 times (x 111B)
Class com.google.common.collect.ImmutableSortedSet                                    : loaded 2 times (x 300B)
Class [Lcom.google.common.cache.LocalCache$EntryFactory;                              : loaded 2 times (x 69B)
Class org.gradle.internal.classloader.ClassLoaderFactory                              : loaded 2 times (x 70B)
Class com.google.common.collect.ImmutableMap$SerializedForm                           : loaded 2 times (x 73B)
Class com.google.common.base.CommonPattern                                            : loaded 2 times (x 74B)
Class com.google.common.cache.LocalCache$LocalManualCache                             : loaded 2 times (x 99B)
Class com.google.common.base.CharMatcher$IsNot                                        : loaded 2 times (x 111B)
Class org.gradle.internal.service.CachingServiceLocator                               : loaded 2 times (x 82B)
Class com.google.common.collect.RegularImmutableSortedSet                             : loaded 2 times (x 300B)
Class com.google.common.collect.AbstractMapBasedMultimap$KeySet                       : loaded 2 times (x 137B)
Class com.google.common.math.IntMath                                                  : loaded 2 times (x 71B)
Class com.google.common.collect.MapMakerInternalMap$InternalEntry                     : loaded 2 times (x 70B)
Class com.google.common.collect.ImmutableMapEntry                                     : loaded 2 times (x 85B)
Class com.google.common.collect.ImmutableMultimap                                     : loaded 2 times (x 147B)
Class com.google.common.base.Equivalence                                              : loaded 2 times (x 82B)
Class com.google.common.base.Function                                                 : loaded 2 times (x 70B)
Class com.google.common.collect.ImmutableMapEntry$NonTerminalImmutableMapEntry        : loaded 2 times (x 85B)
Class com.google.common.cache.CacheBuilder$OneWeigher                                 : loaded 2 times (x 82B)
Class com.google.common.collect.RegularImmutableList                                  : loaded 2 times (x 213B)
Class org.gradle.internal.classloader.ClasspathUtil                                   : loaded 2 times (x 71B)
Class com.google.common.base.Charsets                                                 : loaded 2 times (x 71B)
Class com.google.common.util.concurrent.Uninterruptibles                              : loaded 2 times (x 71B)
Class com.google.common.collect.Maps                                                  : loaded 2 times (x 71B)
Class org.gradle.api.specs.Spec                                                       : loaded 2 times (x 70B)
Class com.google.common.collect.MapMaker                                              : loaded 2 times (x 72B)
Class [Lcom.google.common.collect.ImmutableEntry;                                     : loaded 2 times (x 69B)
Class com.google.common.cache.LocalCache$LoadingValueReference                        : loaded 2 times (x 96B)
Class org.gradle.api.internal.classpath.DefaultModuleRegistry$DefaultModule           : loaded 2 times (x 86B)
Class com.google.common.collect.MapMakerInternalMap$StrongKeyDummyValueEntry          : loaded 2 times (x 82B)
Class com.google.common.base.Platform                                                 : loaded 2 times (x 71B)
Class com.google.common.collect.AbstractMapBasedMultimap$WrappedList                  : loaded 2 times (x 205B)
Class [Lorg.objectweb.asm.AnnotationWriter;                                           : loaded 2 times (x 69B)
Class com.google.common.collect.Maps$8                                                : loaded 2 times (x 82B)
Class [Lcom.google.common.collect.Iterators$EmptyModifiableIterator;                  : loaded 2 times (x 69B)
Class com.google.common.collect.ImmutableRangeSet$Builder                             : loaded 2 times (x 77B)
Class com.google.common.collect.Sets$SetView                                          : loaded 2 times (x 138B)
Class com.google.common.cache.LocalCache$StrongValueReference                         : loaded 2 times (x 90B)
Class com.google.common.util.concurrent.AbstractFuture$SynchronizedHelper             : loaded 2 times (x 78B)
Class ijKotlinCoroutineJvmDebugInit1_5heortybpb2eo1dafnmtj4ity                        : loaded 2 times (x 179B)
Class com.google.common.graph.SuccessorsFunction                                      : loaded 2 times (x 70B)
Class org.objectweb.asm.Type                                                          : loaded 2 times (x 72B)
Class org.gradle.internal.classloader.VisitableURLClassLoader$InstrumentingVisitableURLClassLoader: loaded 2 times (x 123B)
Class com.google.common.collect.MapMakerInternalMap$StrongKeyDummyValueEntry$Helper   : loaded 2 times (x 79B)
Class com.google.common.io.Files$FileByteSink                                         : loaded 2 times (x 77B)
Class org.objectweb.asm.ByteVector                                                    : loaded 2 times (x 79B)
Class [Lcom.google.common.cache.CacheBuilder$NullListener;                            : loaded 2 times (x 69B)
Class com.google.common.math.IntMath$1                                                : loaded 2 times (x 71B)
Class org.gradle.internal.classloader.VisitableURLClassLoader$Spec                    : loaded 2 times (x 74B)
Class org.gradle.internal.classpath.DefaultClassPath                                  : loaded 2 times (x 90B)
Class com.google.common.base.AbstractIterator                                         : loaded 2 times (x 80B)
Class org.objectweb.asm.Symbol                                                        : loaded 2 times (x 73B)
Class com.google.common.io.Closer                                                     : loaded 2 times (x 78B)
Class com.google.common.base.CharMatcher$Ascii                                        : loaded 2 times (x 112B)
Class com.google.common.base.CharMatcher$BitSetMatcher                                : loaded 2 times (x 112B)
Class com.google.common.collect.ImmutableSet                                          : loaded 2 times (x 145B)
Class com.google.common.collect.RegularImmutableMap$Values                            : loaded 2 times (x 207B)
Class org.gradle.internal.classloader.ClassLoaderSpec                                 : loaded 2 times (x 71B)
Class org.objectweb.asm.AnnotationWriter                                              : loaded 2 times (x 79B)
Class com.google.common.cache.CacheStats                                              : loaded 2 times (x 71B)
Class com.google.common.collect.Interners                                             : loaded 2 times (x 71B)
Class com.google.common.io.Closer$Suppressor                                          : loaded 2 times (x 70B)
Class com.google.common.io.LineProcessor                                              : loaded 2 times (x 70B)
Class org.objectweb.asm.RecordComponentWriter                                         : loaded 2 times (x 78B)
Class com.google.common.util.concurrent.AbstractFuture$Listener                       : loaded 2 times (x 72B)
Class com.google.common.base.CharMatcher$Or                                           : loaded 2 times (x 112B)
Class Settings_gradle$1$1                                                             : loaded 2 times (x 74B)
Class org.objectweb.asm.Attribute                                                     : loaded 2 times (x 77B)
Class com.google.common.base.Supplier                                                 : loaded 2 times (x 70B)
Class org.gradle.internal.classloader.VisitableURLClassLoader                         : loaded 2 times (x 117B)
Class com.google.common.collect.ImmutableList$SerializedForm                          : loaded 2 times (x 73B)
Class com.google.common.util.concurrent.AbstractFuture$Waiter                         : loaded 2 times (x 72B)
Class Settings_gradle                                                                 : loaded 2 times (x 128B)
Class org.gradle.internal.Cast                                                        : loaded 2 times (x 71B)
Class org.gradle.api.Action                                                           : loaded 2 times (x 70B)
Class com.google.common.collect.MapMakerInternalMap                                   : loaded 2 times (x 161B)
Class com.google.common.base.Strings                                                  : loaded 2 times (x 71B)
Class com.google.common.collect.Sets                                                  : loaded 2 times (x 71B)
Class org.objectweb.asm.Handler                                                       : loaded 2 times (x 72B)
Class com.google.common.base.Ticker                                                   : loaded 2 times (x 72B)
Class com.google.common.base.CharMatcher$FastMatcher                                  : loaded 2 times (x 111B)
Class [Lcom.google.common.cache.LocalCache$Segment;                                   : loaded 2 times (x 69B)
Class [Lcom.google.common.cache.LocalCache$Strength;                                  : loaded 2 times (x 69B)
Class com.google.common.cache.CacheBuilder$1                                          : loaded 2 times (x 85B)
Class com.google.common.base.Predicate                                                : loaded 2 times (x 70B)
Class com.google.common.collect.ImmutableMap                                          : loaded 2 times (x 120B)
Class org.gradle.internal.classpath.DefaultClassPath$ImmutableUniqueList$Builder      : loaded 2 times (x 75B)
Class com.google.common.collect.MapMakerInternalMap$WeakValueReference                : loaded 2 times (x 70B)
Class com.google.common.collect.AbstractRangeSet                                      : loaded 2 times (x 114B)
Class com.google.common.cache.LocalCache                                              : loaded 2 times (x 187B)
Class com.google.common.cache.CacheBuilder$2                                          : loaded 2 times (x 79B)
Class com.google.common.base.CharMatcher$NegatedFastMatcher                           : loaded 2 times (x 113B)
Class com.google.common.collect.ArrayListMultimap                                     : loaded 2 times (x 172B)
Class com.google.common.cache.CacheBuilder$3                                          : loaded 2 times (x 72B)
Class [Lcom.google.common.collect.AbstractMapEntry;                                   : loaded 2 times (x 69B)
Class com.google.common.collect.ImmutableEntry                                        : loaded 2 times (x 82B)
Class org.gradle.api.GradleException                                                  : loaded 2 times (x 82B)
Class com.google.common.collect.CollectPreconditions                                  : loaded 2 times (x 71B)
Class [Lcom.google.common.collect.MapMakerInternalMap$Strength;                       : loaded 2 times (x 69B)
Class [Lcom.google.common.io.FileWriteMode;                                           : loaded 2 times (x 69B)
Class com.google.common.collect.SortedMapDifference                                   : loaded 2 times (x 70B)
Class com.google.common.collect.MapMakerInternalMap$StrongKeyDummyValueSegment        : loaded 2 times (x 142B)
Class com.google.common.io.Files                                                      : loaded 2 times (x 71B)
Class com.google.common.cache.LocalCache$EntryFactory                                 : loaded 2 times (x 83B)
Class [Lcom.google.common.collect.MapMaker$Dummy;                                     : loaded 2 times (x 69B)
Class com.google.common.base.CharMatcher$Whitespace                                   : loaded 2 times (x 112B)
Class com.google.common.base.Splitter$1$1                                             : loaded 2 times (x 86B)
Class com.google.common.cache.LocalCache$AbstractReferenceEntry                       : loaded 2 times (x 107B)
Class org.gradle.internal.IoActions                                                   : loaded 2 times (x 71B)
Class com.google.common.collect.ImmutableMapKeySet                                    : loaded 2 times (x 152B)
Class com.google.common.collect.ImmutableRangeSet$ComplementRanges                    : loaded 2 times (x 207B)
Class org.objectweb.asm.SymbolTable                                                   : loaded 2 times (x 72B)
Class com.google.common.cache.CacheLoader$InvalidCacheLoadException                   : loaded 2 times (x 82B)
Class com.google.common.collect.ImmutableSet$RegularSetBuilderImpl                    : loaded 2 times (x 77B)
Class org.gradle.internal.classloader.SystemClassLoaderSpec                           : loaded 2 times (x 71B)
Class com.google.common.cache.LocalCache$StrongEntry                                  : loaded 2 times (x 108B)
Class com.google.common.util.concurrent.AbstractFuture$TrustedFuture                  : loaded 2 times (x 114B)
Class com.google.common.cache.LoadingCache                                            : loaded 2 times (x 70B)
Class org.objectweb.asm.MethodWriter                                                  : loaded 2 times (x 106B)
Class [Lcom.google.common.cache.Weigher;                                              : loaded 2 times (x 69B)
Class com.google.common.collect.RegularImmutableMap$BucketOverflowException           : loaded 2 times (x 82B)
Class com.google.common.collect.AbstractMapBasedMultimap$RandomAccessWrappedList      : loaded 2 times (x 205B)
Class com.google.common.collect.RegularImmutableBiMap                                 : loaded 2 times (x 149B)
Class com.google.common.cache.LocalCache$ValueReference                               : loaded 2 times (x 70B)
Class com.google.common.base.CharMatcher$Negated                                      : loaded 2 times (x 113B)
Class com.google.common.base.CharMatcher$Is                                           : loaded 2 times (x 111B)
Class com.google.common.base.PatternCompiler                                          : loaded 2 times (x 70B)
Class com.google.common.util.concurrent.AbstractFuture$Failure                        : loaded 2 times (x 72B)
Class com.google.common.base.Equivalence$Equals                                       : loaded 2 times (x 82B)
Class com.google.common.collect.Hashing                                               : loaded 2 times (x 71B)
Class com.google.common.base.Preconditions                                            : loaded 2 times (x 71B)
Class com.google.common.collect.ImmutableSetMultimap                                  : loaded 2 times (x 180B)
Class com.google.common.io.CharSink                                                   : loaded 2 times (x 79B)
Class com.google.common.base.Joiner$1                                                 : loaded 2 times (x 80B)
Class org.objectweb.asm.Label                                                         : loaded 2 times (x 73B)
Class org.objectweb.asm.CurrentFrame                                                  : loaded 2 times (x 73B)
Class org.objectweb.asm.ClassTooLargeException                                        : loaded 2 times (x 83B)
Class com.google.common.base.CharMatcher                                              : loaded 2 times (x 111B)
Class com.google.common.collect.PeekingIterator                                       : loaded 2 times (x 70B)
Class ijJvmDebugger1_65fnlwx6uellm4cl5w6h6zgr9$_run_closure1$_closure2                : loaded 2 times (x 140B)
Class com.google.common.collect.MapMakerInternalMap$InternalEntryHelper               : loaded 2 times (x 70B)
Class com.google.common.collect.Maps$IteratorBasedAbstractMap                         : loaded 2 times (x 125B)
Class com.google.common.collect.RangeGwtSerializationDependencies                     : loaded 2 times (x 71B)
Class com.google.common.collect.Table                                                 : loaded 2 times (x 70B)
Class com.google.common.base.Joiner$2                                                 : loaded 2 times (x 79B)
Class org.objectweb.asm.Frame                                                         : loaded 2 times (x 73B)
Class org.objectweb.asm.MethodVisitor                                                 : loaded 2 times (x 105B)
Class com.google.common.cache.LocalCache$EntryFactory$1                               : loaded 2 times (x 83B)
Class [Lcom.google.common.cache.RemovalListener;                                      : loaded 2 times (x 69B)
Class com.google.common.base.CharMatcher$1                                            : loaded 2 times (x 113B)
Class com.google.common.base.CharMatcher$NamedFastMatcher                             : loaded 2 times (x 112B)
Class com.google.common.collect.RangeSet                                              : loaded 2 times (x 70B)
Class com.google.common.cache.LocalCache$EntryFactory$2                               : loaded 2 times (x 83B)
Class org.gradle.api.internal.classpath.GlobalCacheRootsProvider                      : loaded 2 times (x 70B)
Class com.google.common.collect.CollectCollectors                                     : loaded 2 times (x 71B)
Class org.objectweb.asm.ModuleWriter                                                  : loaded 2 times (x 82B)
Class com.google.common.cache.LocalCache$EntryFactory$3                               : loaded 2 times (x 83B)
Class com.google.common.base.Ticker$1                                                 : loaded 2 times (x 72B)
Class com.google.common.collect.Maps$BiMapConverter                                   : loaded 2 times (x 90B)
Class com.google.common.collect.ImmutableMapEntrySet$RegularEntrySet                  : loaded 2 times (x 152B)
Class com.google.common.collect.SetMultimap                                           : loaded 2 times (x 70B)
Class com.google.common.cache.LocalCache$EntryFactory$4                               : loaded 2 times (x 83B)
Class com.google.common.base.CharMatcher$InRange                                      : loaded 2 times (x 111B)
Class com.google.common.collect.ImmutableSet$Builder                                  : loaded 2 times (x 85B)
Class ijKotlinCoroutineJvmDebugInit1_5heortybpb2eo1dafnmtj4ity$_run_closure1$_closure2: loaded 2 times (x 139B)
Class com.google.common.cache.LocalCache$EntryFactory$5                               : loaded 2 times (x 83B)
Class com.google.common.base.PairwiseEquivalence                                      : loaded 2 times (x 83B)
Class com.google.common.cache.LocalCache$EntryFactory$6                               : loaded 2 times (x 83B)
Class org.gradle.internal.installation.CurrentGradleInstallationLocator               : loaded 2 times (x 71B)
Class com.google.common.collect.Maps$KeySet                                           : loaded 2 times (x 137B)
Class com.google.common.cache.LocalCache$EntryFactory$7                               : loaded 2 times (x 83B)
Class com.google.common.collect.ImmutableSet$EmptySetBuilderImpl                      : loaded 2 times (x 76B)
Class com.google.common.collect.ImmutableList                                         : loaded 2 times (x 206B)
Class org.gradle.internal.service.DefaultServiceLocator                               : loaded 2 times (x 83B)
Class com.google.common.collect.Maps$EntrySet                                         : loaded 2 times (x 136B)
Class com.google.common.cache.LocalCache$EntryFactory$8                               : loaded 2 times (x 83B)
Class com.google.common.collect.ImmutableSet$SetBuilderImpl                           : loaded 2 times (x 76B)
Class org.gradle.internal.installation.CurrentGradleInstallation                      : loaded 2 times (x 73B)
Class com.google.common.cache.CacheLoader$1                                           : loaded 2 times (x 75B)
Class com.google.common.collect.ForwardingObject                                      : loaded 2 times (x 72B)
Class com.google.common.collect.ImmutableList$SubList                                 : loaded 2 times (x 209B)
Class ijJvmDebugger1_65fnlwx6uellm4cl5w6h6zgr9                                        : loaded 2 times (x 179B)
Class org.gradle.util.internal.GUtil                                                  : loaded 2 times (x 71B)
Class com.google.common.io.ByteSource                                                 : loaded 2 times (x 84B)
Class com.google.common.util.concurrent.AbstractFuture$SetFuture                      : loaded 2 times (x 75B)
Class com.google.common.cache.AbstractCache$StatsCounter                              : loaded 2 times (x 70B)
Class com.google.common.collect.MapMakerInternalMap$1                                 : loaded 2 times (x 83B)
Class com.google.common.collect.Iterators$MergingIterator                             : loaded 2 times (x 81B)
Class com.google.common.collect.RegularImmutableSet                                   : loaded 2 times (x 149B)
Class org.gradle.internal.installation.GradleInstallation                             : loaded 2 times (x 75B)
Class com.google.common.base.Splitter$Strategy                                        : loaded 2 times (x 70B)
Class com.google.common.collect.Iterables                                             : loaded 2 times (x 71B)

---------------  S Y S T E M  ---------------

OS:
 Windows 11 , 64 bit Build 26100 (10.0.26100.8246)
OS uptime: 0 days 18:13 hours
Hyper-V role detected

CPU: total 12 (initial active 12) (6 cores per cpu, 2 threads per core) family 6 model 186 stepping 3 microcode 0x410e, cx8, cmov, fxsr, ht, mmx, 3dnowpref, sse, sse2, sse3, ssse3, sse4.1, sse4.2, popcnt, lzcnt, tsc, tscinvbit, avx, avx2, aes, erms, clmul, bmi1, bmi2, adx, sha, fma, vzeroupper, clflush, clflushopt, clwb, hv, serialize, rdtscp, rdpid, fsrm, f16c, cet_ibt, cet_ss
Processor Information for processor 0
  Max Mhz: 1300, Current Mhz: 1300, Mhz Limit: 1300
Processor Information for processor 1
  Max Mhz: 1300, Current Mhz: 1300, Mhz Limit: 1300
Processor Information for processor 2
  Max Mhz: 1300, Current Mhz: 1300, Mhz Limit: 1300
Processor Information for processor 3
  Max Mhz: 1300, Current Mhz: 1300, Mhz Limit: 1300
Processor Information for processor 4
  Max Mhz: 1300, Current Mhz: 900, Mhz Limit: 897
Processor Information for processor 5
  Max Mhz: 1300, Current Mhz: 900, Mhz Limit: 897
Processor Information for processor 6
  Max Mhz: 1300, Current Mhz: 900, Mhz Limit: 897
Processor Information for processor 7
  Max Mhz: 1300, Current Mhz: 900, Mhz Limit: 897
Processor Information for processor 8
  Max Mhz: 1300, Current Mhz: 900, Mhz Limit: 897
Processor Information for processor 9
  Max Mhz: 1300, Current Mhz: 900, Mhz Limit: 897
Processor Information for processor 10
  Max Mhz: 1300, Current Mhz: 900, Mhz Limit: 897
Processor Information for processor 11
  Max Mhz: 1300, Current Mhz: 900, Mhz Limit: 897

Memory: 4k page, system-wide physical 7879M (763M free)
TotalPageFile size 11975M (AvailPageFile size 5M)
current process WorkingSet (physical memory assigned to process): 533M, peak: 534M
current process commit charge ("private bytes"): 576M, peak: 578M

vm_info: OpenJDK 64-Bit Server VM (21.0.8+-14196175-b1038.72) for windows-amd64 JRE (21.0.8+-14196175-b1038.72), built on 2025-10-01T10:24:33Z by "builder" with MS VC++ 16.10 / 16.11 (VS2019)

END.
