#
# There is insufficient memory for the Java Runtime Environment to continue.
# Native memory allocation (malloc) failed to allocate 1433456 bytes. Error detail: Chunk::new
# Possible reasons:
#   The system is out of physical RAM or swap space
#   This process is running with CompressedOops enabled, and the Java Heap may be blocking the growth of the native heap
# Possible solutions:
#   Reduce memory load on the system
#   Increase physical memory or swap space
#   Check if swap backing store is full
#   Decrease Java heap size (-Xmx/-Xms)
#   Decrease number of Java threads
#   Decrease Java thread stack sizes (-Xss)
#   Set larger code cache with -XX:ReservedCodeCacheSize=
#   JVM is running with Unscaled Compressed Oops mode in which the Java heap is
#     placed in the first 4GB address space. The Java Heap base address is the
#     maximum limit for the native heap growth. Please use -XX:HeapBaseMinAddress
#     to set the Java Heap base and to place the Java Heap above 4GB virtual address.
# This output file may be truncated or incomplete.
#
#  Out of Memory Error (arena.cpp:168), pid=4540, tid=11184
#
# JRE version: OpenJDK Runtime Environment (21.0.8) (build 21.0.8+-14196175-b1038.72)
# Java VM: OpenJDK 64-Bit Server VM (21.0.8+-14196175-b1038.72, mixed mode, tiered, compressed oops, compressed class ptrs, g1 gc, windows-amd64)
# No core dump will be written. Minidumps are not enabled by default on client versions of Windows
#

---------------  S U M M A R Y ------------

Command Line: --add-opens=java.base/java.lang=ALL-UNNAMED --add-opens=java.base/java.lang.invoke=ALL-UNNAMED --add-opens=java.base/java.util=ALL-UNNAMED --add-opens=java.prefs/java.util.prefs=ALL-UNNAMED --add-exports=jdk.compiler/com.sun.tools.javac.api=ALL-UNNAMED --add-exports=jdk.compiler/com.sun.tools.javac.util=ALL-UNNAMED --add-opens=java.base/java.util=ALL-UNNAMED --add-opens=java.prefs/java.util.prefs=ALL-UNNAMED --add-opens=java.base/java.nio.charset=ALL-UNNAMED --add-opens=java.base/java.net=ALL-UNNAMED --add-opens=java.base/java.util.concurrent.atomic=ALL-UNNAMED --add-opens=java.xml/javax.xml.namespace=ALL-UNNAMED -Xmx2048m -Dfile.encoding=UTF-8 -Duser.country=PH -Duser.language=en -Duser.variant -javaagent:C:\Users\Mica\.gradle\wrapper\dists\gradle-8.13-bin\5xuhj0ry160q40clulazy9h7d\gradle-8.13\lib\agents\gradle-instrumentation-agent-8.13.jar org.gradle.launcher.daemon.bootstrap.GradleDaemon 8.13

Host: 13th Gen Intel(R) Core(TM) i5-1335U, 12 cores, 7G,  Windows 11 , 64 bit Build 26100 (10.0.26100.8246)
Time: Tue May 12 14:50:25 2026 Malay Peninsula Standard Time elapsed time: 90.630395 seconds (0d 0h 1m 30s)

---------------  T H R E A D  ---------------

Current thread (0x0000020b52381560):  JavaThread "C2 CompilerThread1" daemon [_thread_in_native, id=11184, stack(0x000000a385500000,0x000000a385600000) (1024K)]


Current CompileTask:
C2:90630 17628       4       javax.management.ObjectName::construct (1135 bytes)

Stack: [0x000000a385500000,0x000000a385600000]
Native frames: (J=compiled Java code, j=interpreted, Vv=VM code, C=native code)
V  [jvm.dll+0x6d68d9]
V  [jvm.dll+0x866693]
V  [jvm.dll+0x868c4e]
V  [jvm.dll+0x869333]
V  [jvm.dll+0x280566]
V  [jvm.dll+0xc07cd]
V  [jvm.dll+0xc0d03]
V  [jvm.dll+0x3b95e1]
V  [jvm.dll+0x385507]
V  [jvm.dll+0x38497a]
V  [jvm.dll+0x249252]
V  [jvm.dll+0x248821]
V  [jvm.dll+0x1c73a4]
V  [jvm.dll+0x257f9e]
V  [jvm.dll+0x2564e6]
V  [jvm.dll+0x3f4696]
V  [jvm.dll+0x80eac8]
V  [jvm.dll+0x6d512d]
C  [ucrtbase.dll+0x37b0]
C  [KERNEL32.DLL+0x2e8d7]
C  [ntdll.dll+0x8c3fc]


---------------  P R O C E S S  ---------------

Threads class SMR info:
_java_thread_list=0x0000020b4e1226f0, length=115, elements={
0x0000020b2c4260a0, 0x0000020b4649f000, 0x0000020b464cb990, 0x0000020b464cc3f0,
0x0000020b464f5710, 0x0000020b464f6170, 0x0000020b464eb750, 0x0000020b464f86c0,
0x0000020b464fea10, 0x0000020b46501080, 0x0000020b4683e750, 0x0000020b4c7cd6d0,
0x0000020b4ca558e0, 0x0000020b4cc22470, 0x0000020b4cd8f730, 0x0000020b4cd91800,
0x0000020b4cd90ae0, 0x0000020b4f8ec620, 0x0000020b4f8eccb0, 0x0000020b4f8eb270,
0x0000020b4f8ed9d0, 0x0000020b4f8eb900, 0x0000020b4e637ac0, 0x0000020b4fef3570,
0x0000020b4fef0780, 0x0000020b4fef21c0, 0x0000020b4fef5cd0, 0x0000020b4fef69f0,
0x0000020b50394390, 0x0000020b4ec4d990, 0x0000020b4ec4aba0, 0x0000020b4ec4b230,
0x0000020b4ec4b8c0, 0x0000020b4ec4bf50, 0x0000020b4ec4cc70, 0x0000020b4ec4f3d0,
0x0000020b4ec4c5e0, 0x0000020b4ec4e6b0, 0x0000020b4ec500f0, 0x0000020b4ec4d300,
0x0000020b4ec50e10, 0x0000020b4ec521c0, 0x0000020b4ec52ee0, 0x0000020b4ec514a0,
0x0000020b4ec51b30, 0x0000020b4ec569f0, 0x0000020b4ec53570, 0x0000020b4ec54290,
0x0000020b4ec57080, 0x0000020b4ec53c00, 0x0000020b4ec57710, 0x0000020b52381560,
0x0000020b4ec54fb0, 0x0000020b4ec55640, 0x0000020b4ec55cd0, 0x0000020b4ec57da0,
0x0000020b4ec54920, 0x0000020b4ec58ac0, 0x0000020b4ec58430, 0x0000020b4ec59150,
0x0000020b4ec597e0, 0x0000020b4ec56360, 0x0000020b4ec59e70, 0x0000020b53689130,
0x0000020b5368a4e0, 0x0000020b53687060, 0x0000020b53689e50, 0x0000020b5368ab70,
0x0000020b53687d80, 0x0000020b53688410, 0x0000020b536876f0, 0x0000020b5368b200,
0x0000020b53688aa0, 0x0000020b5368c5b0, 0x0000020b5368d2d0, 0x0000020b5368b890,
0x0000020b5368ed10, 0x0000020b5368d960, 0x0000020b5368dff0, 0x0000020b5368f3a0,
0x0000020b5368bf20, 0x0000020b536900c0, 0x0000020b5368fa30, 0x0000020b5368e680,
0x0000020b5368cc40, 0x0000020b53691470, 0x0000020b53690750, 0x0000020b53694260,
0x0000020b53691b00, 0x0000020b53695610, 0x0000020b53695ca0, 0x0000020b53696330,
0x0000020b53692eb0, 0x0000020b53693bd0, 0x0000020b53693540, 0x0000020b50495660,
0x0000020b504970a0, 0x0000020b50497dc0, 0x0000020b50497730, 0x0000020b50496380,
0x0000020b50496a10, 0x0000020b50494fd0, 0x0000020b50498ae0, 0x0000020b50495cf0,
0x0000020b50499e90, 0x0000020b5049a520, 0x0000020b5049abb0, 0x0000020b5049bf60,
0x0000020b50499170, 0x0000020b5049b240, 0x0000020b5049b8d0, 0x0000020b5049c5f0,
0x0000020b50840820, 0x0000020b50840eb0, 0x0000020b50841540
}

Java Threads: ( => current thread )
  0x0000020b2c4260a0 JavaThread "main"                              [_thread_blocked, id=11416, stack(0x000000a381800000,0x000000a381900000) (1024K)]
  0x0000020b4649f000 JavaThread "Common-Cleaner"             daemon [_thread_blocked, id=7496, stack(0x000000a382000000,0x000000a382100000) (1024K)]
  0x0000020b464cb990 JavaThread "Reference Handler"          daemon [_thread_blocked, id=19948, stack(0x000000a382100000,0x000000a382200000) (1024K)]
  0x0000020b464cc3f0 JavaThread "Finalizer"                  daemon [_thread_blocked, id=21044, stack(0x000000a382200000,0x000000a382300000) (1024K)]
  0x0000020b464f5710 JavaThread "Signal Dispatcher"          daemon [_thread_blocked, id=18640, stack(0x000000a382300000,0x000000a382400000) (1024K)]
  0x0000020b464f6170 JavaThread "Attach Listener"            daemon [_thread_blocked, id=3184, stack(0x000000a382400000,0x000000a382500000) (1024K)]
  0x0000020b464eb750 JavaThread "Service Thread"             daemon [_thread_blocked, id=2860, stack(0x000000a382500000,0x000000a382600000) (1024K)]
  0x0000020b464f86c0 JavaThread "Monitor Deflation Thread"   daemon [_thread_blocked, id=20284, stack(0x000000a382600000,0x000000a382700000) (1024K)]
  0x0000020b464fea10 JavaThread "C2 CompilerThread0"         daemon [_thread_blocked, id=16984, stack(0x000000a382700000,0x000000a382800000) (1024K)]
  0x0000020b46501080 JavaThread "C1 CompilerThread0"         daemon [_thread_blocked, id=11412, stack(0x000000a382800000,0x000000a382900000) (1024K)]
  0x0000020b4683e750 JavaThread "Notification Thread"        daemon [_thread_blocked, id=11472, stack(0x000000a382900000,0x000000a382a00000) (1024K)]
  0x0000020b4c7cd6d0 JavaThread "Daemon health stats"               [_thread_blocked, id=19324, stack(0x000000a383400000,0x000000a383500000) (1024K)]
  0x0000020b4ca558e0 JavaThread "Incoming local TCP Connector on port 51902"        [_thread_in_native, id=20908, stack(0x000000a382a00000,0x000000a382b00000) (1024K)]
  0x0000020b4cc22470 JavaThread "Daemon periodic checks"            [_thread_blocked, id=18056, stack(0x000000a382b00000,0x000000a382c00000) (1024K)]
  0x0000020b4cd8f730 JavaThread "Cache worker for journal cache (C:\Users\Mica\.gradle\caches\journal-1)"        [_thread_blocked, id=17428, stack(0x000000a383f00000,0x000000a384000000) (1024K)]
  0x0000020b4cd91800 JavaThread "File lock request listener"        [_thread_in_native, id=5708, stack(0x000000a384000000,0x000000a384100000) (1024K)]
  0x0000020b4cd90ae0 JavaThread "Cache worker for file hash cache (C:\Users\Mica\.gradle\caches\8.13\fileHashes)"        [_thread_blocked, id=8840, stack(0x000000a384100000,0x000000a384200000) (1024K)]
  0x0000020b4f8ec620 JavaThread "File watcher server"        daemon [_thread_in_native, id=15516, stack(0x000000a384600000,0x000000a384700000) (1024K)]
  0x0000020b4f8eccb0 JavaThread "File watcher consumer"      daemon [_thread_blocked, id=13812, stack(0x000000a384700000,0x000000a384800000) (1024K)]
  0x0000020b4f8eb270 JavaThread "jar transforms"                    [_thread_blocked, id=12824, stack(0x000000a384800000,0x000000a384900000) (1024K)]
  0x0000020b4f8ed9d0 JavaThread "jar transforms Thread 2"           [_thread_blocked, id=14272, stack(0x000000a384900000,0x000000a384a00000) (1024K)]
  0x0000020b4f8eb900 JavaThread "Cache worker for file content cache (C:\Users\Mica\.gradle\caches\8.13\fileContent)"        [_thread_blocked, id=18144, stack(0x000000a384b00000,0x000000a384c00000) (1024K)]
  0x0000020b4e637ac0 JavaThread "jar transforms Thread 3"           [_thread_blocked, id=17668, stack(0x000000a384c00000,0x000000a384d00000) (1024K)]
  0x0000020b4fef3570 JavaThread "jar transforms Thread 4"           [_thread_blocked, id=19724, stack(0x000000a385900000,0x000000a385a00000) (1024K)]
  0x0000020b4fef0780 JavaThread "jar transforms Thread 5"           [_thread_blocked, id=20672, stack(0x000000a385a00000,0x000000a385b00000) (1024K)]
  0x0000020b4fef21c0 JavaThread "jar transforms Thread 6"           [_thread_blocked, id=13384, stack(0x000000a386000000,0x000000a386100000) (1024K)]
  0x0000020b4fef5cd0 JavaThread "jar transforms Thread 7"           [_thread_blocked, id=15888, stack(0x000000a386100000,0x000000a386200000) (1024K)]
  0x0000020b4fef69f0 JavaThread "jar transforms Thread 8"           [_thread_blocked, id=18472, stack(0x000000a386200000,0x000000a386300000) (1024K)]
  0x0000020b50394390 JavaThread "Memory manager"                    [_thread_blocked, id=19020, stack(0x000000a384300000,0x000000a384400000) (1024K)]
  0x0000020b4ec4d990 JavaThread "Daemon Thread 2"                   [_thread_blocked, id=14028, stack(0x000000a381500000,0x000000a381600000) (1024K)]
  0x0000020b4ec4aba0 JavaThread "Handler for socket connection from /127.0.0.1:51902 to /127.0.0.1:51908"        [_thread_in_native, id=2988, stack(0x000000a381600000,0x000000a381700000) (1024K)]
  0x0000020b4ec4b230 JavaThread "Cancel handler"                    [_thread_blocked, id=1344, stack(0x000000a381700000,0x000000a381800000) (1024K)]
  0x0000020b4ec4b8c0 JavaThread "Daemon worker Thread 2"            [_thread_blocked, id=3772, stack(0x000000a383500000,0x000000a383600000) (1024K)]
  0x0000020b4ec4bf50 JavaThread "Asynchronous log dispatcher for DefaultDaemonConnection: socket connection from /127.0.0.1:51902 to /127.0.0.1:51908"        [_thread_blocked, id=14968, stack(0x000000a383600000,0x000000a383700000) (1024K)]
  0x0000020b4ec4cc70 JavaThread "Stdin handler"                     [_thread_blocked, id=1988, stack(0x000000a383700000,0x000000a383800000) (1024K)]
  0x0000020b4ec4f3d0 JavaThread "Daemon client event forwarder"        [_thread_blocked, id=17560, stack(0x000000a383800000,0x000000a383900000) (1024K)]
  0x0000020b4ec4c5e0 JavaThread "Cache worker for file hash cache (C:\Users\Mica\OneDrive\Pictures\WAD\finalmadexam\.gradle\8.13\fileHashes)"        [_thread_blocked, id=11408, stack(0x000000a383900000,0x000000a383a00000) (1024K)]
  0x0000020b4ec4e6b0 JavaThread "Cache worker for Build Output Cleanup Cache (C:\Users\Mica\OneDrive\Pictures\WAD\finalmadexam\.gradle\buildOutputCleanup)"        [_thread_blocked, id=20500, stack(0x000000a383a00000,0x000000a383b00000) (1024K)]
  0x0000020b4ec500f0 JavaThread "Cache worker for checksums cache (C:\Users\Mica\OneDrive\Pictures\WAD\finalmadexam\.gradle\8.13\checksums)"        [_thread_blocked, id=10608, stack(0x000000a383b00000,0x000000a383c00000) (1024K)]
  0x0000020b4ec4d300 JavaThread "Cache worker for cache directory md-supplier (C:\Users\Mica\.gradle\caches\8.13\md-supplier)"        [_thread_blocked, id=8616, stack(0x000000a384200000,0x000000a384300000) (1024K)]
  0x0000020b4ec50e10 JavaThread "Cache worker for cache directory md-rule (C:\Users\Mica\.gradle\caches\8.13\md-rule)"        [_thread_blocked, id=14672, stack(0x000000a384400000,0x000000a384500000) (1024K)]
  0x0000020b4ec521c0 JavaThread "Unconstrained build operations"        [_thread_blocked, id=11240, stack(0x000000a384500000,0x000000a384600000) (1024K)]
  0x0000020b4ec52ee0 JavaThread "Unconstrained build operations Thread 2"        [_thread_blocked, id=18092, stack(0x000000a384a00000,0x000000a384b00000) (1024K)]
  0x0000020b4ec514a0 JavaThread "Unconstrained build operations Thread 3"        [_thread_blocked, id=9456, stack(0x000000a384d00000,0x000000a384e00000) (1024K)]
  0x0000020b4ec51b30 JavaThread "Unconstrained build operations Thread 4"        [_thread_blocked, id=20932, stack(0x000000a384e00000,0x000000a384f00000) (1024K)]
  0x0000020b4ec569f0 JavaThread "Unconstrained build operations Thread 5"        [_thread_blocked, id=19992, stack(0x000000a384f00000,0x000000a385000000) (1024K)]
  0x0000020b4ec53570 JavaThread "Unconstrained build operations Thread 6"        [_thread_blocked, id=7616, stack(0x000000a385000000,0x000000a385100000) (1024K)]
  0x0000020b4ec54290 JavaThread "Unconstrained build operations Thread 7"        [_thread_blocked, id=13436, stack(0x000000a385100000,0x000000a385200000) (1024K)]
  0x0000020b4ec57080 JavaThread "Unconstrained build operations Thread 8"        [_thread_blocked, id=10856, stack(0x000000a385200000,0x000000a385300000) (1024K)]
  0x0000020b4ec53c00 JavaThread "Unconstrained build operations Thread 9"        [_thread_blocked, id=8560, stack(0x000000a385300000,0x000000a385400000) (1024K)]
  0x0000020b4ec57710 JavaThread "Unconstrained build operations Thread 10"        [_thread_blocked, id=9048, stack(0x000000a385400000,0x000000a385500000) (1024K)]
=>0x0000020b52381560 JavaThread "C2 CompilerThread1"         daemon [_thread_in_native, id=11184, stack(0x000000a385500000,0x000000a385600000) (1024K)]
  0x0000020b4ec54fb0 JavaThread "Unconstrained build operations Thread 11"        [_thread_blocked, id=18276, stack(0x000000a385600000,0x000000a385700000) (1024K)]
  0x0000020b4ec55640 JavaThread "Unconstrained build operations Thread 12"        [_thread_blocked, id=10068, stack(0x000000a385700000,0x000000a385800000) (1024K)]
  0x0000020b4ec55cd0 JavaThread "Unconstrained build operations Thread 13"        [_thread_blocked, id=14716, stack(0x000000a385800000,0x000000a385900000) (1024K)]
  0x0000020b4ec57da0 JavaThread "Unconstrained build operations Thread 14"        [_thread_blocked, id=17180, stack(0x000000a385b00000,0x000000a385c00000) (1024K)]
  0x0000020b4ec54920 JavaThread "Unconstrained build operations Thread 15"        [_thread_blocked, id=16764, stack(0x000000a385c00000,0x000000a385d00000) (1024K)]
  0x0000020b4ec58ac0 JavaThread "Unconstrained build operations Thread 16"        [_thread_blocked, id=3364, stack(0x000000a385d00000,0x000000a385e00000) (1024K)]
  0x0000020b4ec58430 JavaThread "Unconstrained build operations Thread 17"        [_thread_blocked, id=18952, stack(0x000000a385e00000,0x000000a385f00000) (1024K)]
  0x0000020b4ec59150 JavaThread "Unconstrained build operations Thread 18"        [_thread_blocked, id=10268, stack(0x000000a385f00000,0x000000a386000000) (1024K)]
  0x0000020b4ec597e0 JavaThread "Unconstrained build operations Thread 19"        [_thread_blocked, id=18896, stack(0x000000a386300000,0x000000a386400000) (1024K)]
  0x0000020b4ec56360 JavaThread "Unconstrained build operations Thread 20"        [_thread_blocked, id=21072, stack(0x000000a386400000,0x000000a386500000) (1024K)]
  0x0000020b4ec59e70 JavaThread "Unconstrained build operations Thread 21"        [_thread_blocked, id=10940, stack(0x000000a386500000,0x000000a386600000) (1024K)]
  0x0000020b53689130 JavaThread "Unconstrained build operations Thread 22"        [_thread_blocked, id=3912, stack(0x000000a386600000,0x000000a386700000) (1024K)]
  0x0000020b5368a4e0 JavaThread "Unconstrained build operations Thread 23"        [_thread_blocked, id=16592, stack(0x000000a386700000,0x000000a386800000) (1024K)]
  0x0000020b53687060 JavaThread "Unconstrained build operations Thread 24"        [_thread_blocked, id=19524, stack(0x000000a386800000,0x000000a386900000) (1024K)]
  0x0000020b53689e50 JavaThread "Unconstrained build operations Thread 25"        [_thread_blocked, id=3656, stack(0x000000a386900000,0x000000a386a00000) (1024K)]
  0x0000020b5368ab70 JavaThread "Unconstrained build operations Thread 26"        [_thread_blocked, id=12060, stack(0x000000a386a00000,0x000000a386b00000) (1024K)]
  0x0000020b53687d80 JavaThread "Unconstrained build operations Thread 27"        [_thread_blocked, id=19276, stack(0x000000a386b00000,0x000000a386c00000) (1024K)]
  0x0000020b53688410 JavaThread "Unconstrained build operations Thread 28"        [_thread_blocked, id=15996, stack(0x000000a386c00000,0x000000a386d00000) (1024K)]
  0x0000020b536876f0 JavaThread "Unconstrained build operations Thread 29"        [_thread_blocked, id=5192, stack(0x000000a386d00000,0x000000a386e00000) (1024K)]
  0x0000020b5368b200 JavaThread "Unconstrained build operations Thread 30"        [_thread_blocked, id=5096, stack(0x000000a386e00000,0x000000a386f00000) (1024K)]
  0x0000020b53688aa0 JavaThread "Unconstrained build operations Thread 31"        [_thread_blocked, id=1676, stack(0x000000a386f00000,0x000000a387000000) (1024K)]
  0x0000020b5368c5b0 JavaThread "Unconstrained build operations Thread 32"        [_thread_blocked, id=14860, stack(0x000000a387000000,0x000000a387100000) (1024K)]
  0x0000020b5368d2d0 JavaThread "build event listener"              [_thread_blocked, id=15940, stack(0x000000a387100000,0x000000a387200000) (1024K)]
  0x0000020b5368b890 JavaThread "included builds"                   [_thread_blocked, id=18940, stack(0x000000a387300000,0x000000a387400000) (1024K)]
  0x0000020b5368ed10 JavaThread "Execution worker"                  [_thread_blocked, id=4072, stack(0x000000a387400000,0x000000a387500000) (1024K)]
  0x0000020b5368d960 JavaThread "Execution worker Thread 2"         [_thread_blocked, id=20168, stack(0x000000a387500000,0x000000a387600000) (1024K)]
  0x0000020b5368dff0 JavaThread "Execution worker Thread 3"         [_thread_blocked, id=12388, stack(0x000000a387600000,0x000000a387700000) (1024K)]
  0x0000020b5368f3a0 JavaThread "Execution worker Thread 4"         [_thread_blocked, id=8020, stack(0x000000a387700000,0x000000a387800000) (1024K)]
  0x0000020b5368bf20 JavaThread "Execution worker Thread 5"         [_thread_blocked, id=16716, stack(0x000000a387800000,0x000000a387900000) (1024K)]
  0x0000020b536900c0 JavaThread "Execution worker Thread 6"         [_thread_blocked, id=17944, stack(0x000000a387900000,0x000000a387a00000) (1024K)]
  0x0000020b5368fa30 JavaThread "Execution worker Thread 7"         [_thread_blocked, id=6976, stack(0x000000a387a00000,0x000000a387b00000) (1024K)]
  0x0000020b5368e680 JavaThread "Execution worker Thread 8"         [_thread_blocked, id=17496, stack(0x000000a387b00000,0x000000a387c00000) (1024K)]
  0x0000020b5368cc40 JavaThread "Execution worker Thread 9"         [_thread_blocked, id=3380, stack(0x000000a387c00000,0x000000a387d00000) (1024K)]
  0x0000020b53691470 JavaThread "Execution worker Thread 10"        [_thread_blocked, id=10984, stack(0x000000a387d00000,0x000000a387e00000) (1024K)]
  0x0000020b53690750 JavaThread "Execution worker Thread 11"        [_thread_blocked, id=14228, stack(0x000000a387e00000,0x000000a387f00000) (1024K)]
  0x0000020b53694260 JavaThread "Cache worker for execution history cache (C:\Users\Mica\OneDrive\Pictures\WAD\finalmadexam\.gradle\8.13\executionHistory)"        [_thread_blocked, id=16564, stack(0x000000a387f00000,0x000000a388000000) (1024K)]
  0x0000020b53691b00 JavaThread "Unconstrained build operations Thread 33"        [_thread_blocked, id=21016, stack(0x000000a388000000,0x000000a388100000) (1024K)]
  0x0000020b53695610 JavaThread "Unconstrained build operations Thread 34"        [_thread_blocked, id=20764, stack(0x000000a388100000,0x000000a388200000) (1024K)]
  0x0000020b53695ca0 JavaThread "Unconstrained build operations Thread 35"        [_thread_blocked, id=17980, stack(0x000000a388200000,0x000000a388300000) (1024K)]
  0x0000020b53696330 JavaThread "Unconstrained build operations Thread 36"        [_thread_blocked, id=18204, stack(0x000000a388300000,0x000000a388400000) (1024K)]
  0x0000020b53692eb0 JavaThread "Unconstrained build operations Thread 37"        [_thread_blocked, id=1076, stack(0x000000a388400000,0x000000a388500000) (1024K)]
  0x0000020b53693bd0 JavaThread "Unconstrained build operations Thread 38"        [_thread_blocked, id=10936, stack(0x000000a388500000,0x000000a388600000) (1024K)]
  0x0000020b53693540 JavaThread "Unconstrained build operations Thread 39"        [_thread_blocked, id=8944, stack(0x000000a388600000,0x000000a388700000) (1024K)]
  0x0000020b50495660 JavaThread "Unconstrained build operations Thread 40"        [_thread_blocked, id=14620, stack(0x000000a388700000,0x000000a388800000) (1024K)]
  0x0000020b504970a0 JavaThread "Unconstrained build operations Thread 41"        [_thread_blocked, id=17232, stack(0x000000a388800000,0x000000a388900000) (1024K)]
  0x0000020b50497dc0 JavaThread "Unconstrained build operations Thread 42"        [_thread_blocked, id=18764, stack(0x000000a388900000,0x000000a388a00000) (1024K)]
  0x0000020b50497730 JavaThread "Unconstrained build operations Thread 43"        [_thread_blocked, id=6616, stack(0x000000a388a00000,0x000000a388b00000) (1024K)]
  0x0000020b50496380 JavaThread "Unconstrained build operations Thread 44"        [_thread_blocked, id=1900, stack(0x000000a388b00000,0x000000a388c00000) (1024K)]
  0x0000020b50496a10 JavaThread "WorkerExecutor Queue"              [_thread_blocked, id=15632, stack(0x000000a388c00000,0x000000a388d00000) (1024K)]
  0x0000020b50494fd0 JavaThread "Unconstrained build operations Thread 45"        [_thread_blocked, id=8108, stack(0x000000a388d00000,0x000000a388e00000) (1024K)]
  0x0000020b50498ae0 JavaThread "Unconstrained build operations Thread 46"        [_thread_blocked, id=13620, stack(0x000000a388e00000,0x000000a388f00000) (1024K)]
  0x0000020b50495cf0 JavaThread "Unconstrained build operations Thread 47"        [_thread_blocked, id=19592, stack(0x000000a388f00000,0x000000a389000000) (1024K)]
  0x0000020b50499e90 JavaThread "Unconstrained build operations Thread 48"        [_thread_blocked, id=15856, stack(0x000000a389000000,0x000000a389100000) (1024K)]
  0x0000020b5049a520 JavaThread "Unconstrained build operations Thread 49"        [_thread_blocked, id=21368, stack(0x000000a389100000,0x000000a389200000) (1024K)]
  0x0000020b5049abb0 JavaThread "Unconstrained build operations Thread 50"        [_thread_blocked, id=2168, stack(0x000000a389200000,0x000000a389300000) (1024K)]
  0x0000020b5049bf60 JavaThread "Unconstrained build operations Thread 51"        [_thread_blocked, id=16388, stack(0x000000a389300000,0x000000a389400000) (1024K)]
  0x0000020b50499170 JavaThread "Unconstrained build operations Thread 52"        [_thread_blocked, id=20536, stack(0x000000a389400000,0x000000a389500000) (1024K)]
  0x0000020b5049b240 JavaThread "Unconstrained build operations Thread 53"        [_thread_blocked, id=19516, stack(0x000000a389500000,0x000000a389600000) (1024K)]
  0x0000020b5049b8d0 JavaThread "Unconstrained build operations Thread 54"        [_thread_blocked, id=19488, stack(0x000000a389600000,0x000000a389700000) (1024K)]
  0x0000020b5049c5f0 JavaThread "Unconstrained build operations Thread 55"        [_thread_blocked, id=10416, stack(0x000000a389700000,0x000000a389800000) (1024K)]
  0x0000020b50840820 JavaThread "pool-9-thread-1"                   [_thread_blocked, id=2804, stack(0x000000a389800000,0x000000a389900000) (1024K)]
  0x0000020b50840eb0 JavaThread "stderr"                            [_thread_in_native, id=19288, stack(0x000000a389900000,0x000000a389a00000) (1024K)]
  0x0000020b50841540 JavaThread "stdout"                            [_thread_in_native, id=4820, stack(0x000000a389a00000,0x000000a389b00000) (1024K)]
Total: 115

Other Threads:
  0x0000020b462c3b80 VMThread "VM Thread"                           [id=14560, stack(0x000000a381f00000,0x000000a382000000) (1024K)]
  0x0000020b462aea80 WatcherThread "VM Periodic Task Thread"        [id=11568, stack(0x000000a381e00000,0x000000a381f00000) (1024K)]
  0x0000020b2c973fa0 WorkerThread "GC Thread#0"                     [id=14804, stack(0x000000a381900000,0x000000a381a00000) (1024K)]
  0x0000020b462c2220 WorkerThread "GC Thread#1"                     [id=2292, stack(0x000000a382c00000,0x000000a382d00000) (1024K)]
  0x0000020b462c25c0 WorkerThread "GC Thread#2"                     [id=3028, stack(0x000000a382d00000,0x000000a382e00000) (1024K)]
  0x0000020b462c3440 WorkerThread "GC Thread#3"                     [id=7800, stack(0x000000a382e00000,0x000000a382f00000) (1024K)]
  0x0000020b462c2d00 WorkerThread "GC Thread#4"                     [id=10336, stack(0x000000a382f00000,0x000000a383000000) (1024K)]
  0x0000020b4cd9edc0 WorkerThread "GC Thread#5"                     [id=12592, stack(0x000000a383000000,0x000000a383100000) (1024K)]
  0x0000020b4cd9b760 WorkerThread "GC Thread#6"                     [id=13196, stack(0x000000a383100000,0x000000a383200000) (1024K)]
  0x0000020b4cd9e680 WorkerThread "GC Thread#7"                     [id=12864, stack(0x000000a383200000,0x000000a383300000) (1024K)]
  0x0000020b4cd9f160 WorkerThread "GC Thread#8"                     [id=6788, stack(0x000000a383300000,0x000000a383400000) (1024K)]
  0x0000020b4cd9c240 WorkerThread "GC Thread#9"                     [id=916, stack(0x000000a383c00000,0x000000a383d00000) (1024K)]
  0x0000020b2c984e90 ConcurrentGCThread "G1 Main Marker"            [id=17492, stack(0x000000a381a00000,0x000000a381b00000) (1024K)]
  0x0000020b2c9866e0 WorkerThread "G1 Conc#0"                       [id=9532, stack(0x000000a381b00000,0x000000a381c00000) (1024K)]
  0x0000020b4cd9d800 WorkerThread "G1 Conc#1"                       [id=18376, stack(0x000000a383d00000,0x000000a383e00000) (1024K)]
  0x0000020b4cd9bb00 WorkerThread "G1 Conc#2"                       [id=16884, stack(0x000000a383e00000,0x000000a383f00000) (1024K)]
  0x0000020b46182c00 ConcurrentGCThread "G1 Refine#0"               [id=19028, stack(0x000000a381c00000,0x000000a381d00000) (1024K)]
  0x0000020b46183680 ConcurrentGCThread "G1 Service"                [id=17256, stack(0x000000a381d00000,0x000000a381e00000) (1024K)]
Total: 18

Threads with active compile tasks:
C2 CompilerThread1  90663 17628       4       javax.management.ObjectName::construct (1135 bytes)
Total: 1

VM state: not at safepoint (normal execution)

VM Mutex/Monitor currently owned by a thread: None

Heap address: 0x0000000080000000, size: 2048 MB, Compressed Oops mode: 32-bit

CDS archive(s) not mapped
Compressed class space mapped at: 0x0000000100000000-0x0000000140000000, reserved size: 1073741824
Narrow klass base: 0x0000000000000000, Narrow klass shift: 3, Narrow klass range: 0x140000000

GC Precious Log:
 CardTable entry size: 512
 Card Set container configuration: InlinePtr #cards 5 size 8 Array Of Cards #cards 12 size 40 Howl #buckets 4 coarsen threshold 1843 Howl Bitmap #cards 512 size 80 coarsen threshold 460 Card regions per heap region 1 cards per card region 2048
 CPUs: 12 total, 12 available
 Memory: 7879M
 Large Page Support: Disabled
 NUMA Support: Disabled
 Compressed Oops: Enabled (32-bit)
 Heap Region Size: 1M
 Heap Min Capacity: 8M
 Heap Initial Capacity: 124M
 Heap Max Capacity: 2G
 Pre-touch: Disabled
 Parallel Workers: 10
 Concurrent Workers: 3
 Concurrent Refinement Workers: 10
 Periodic GC: Disabled

Heap:
 garbage-first heap   total 245760K, used 214883K [0x0000000080000000, 0x0000000100000000)
  region size 1024K, 81 young (82944K), 11 survivors (11264K)
 Metaspace       used 120348K, committed 122624K, reserved 1179648K
  class space    used 16669K, committed 17792K, reserved 1048576K

Heap Regions: E=young(eden), S=young(survivor), O=old, HS=humongous(starts), HC=humongous(continues), CS=collection set, F=free, TAMS=top-at-mark-start, PB=parsable bottom
|   0|0x0000000080000000, 0x0000000080100000, 0x0000000080100000|100%|HS|  |TAMS 0x0000000080000000| PB 0x0000000080000000| Complete 
|   1|0x0000000080100000, 0x0000000080200000, 0x0000000080200000|100%|HC|  |TAMS 0x0000000080100000| PB 0x0000000080100000| Complete 
|   2|0x0000000080200000, 0x0000000080300000, 0x0000000080300000|100%|HC|  |TAMS 0x0000000080200000| PB 0x0000000080200000| Complete 
|   3|0x0000000080300000, 0x0000000080400000, 0x0000000080400000|100%| O|  |TAMS 0x0000000080300000| PB 0x0000000080300000| Untracked 
|   4|0x0000000080400000, 0x0000000080500000, 0x0000000080500000|100%| O|  |TAMS 0x0000000080400000| PB 0x0000000080400000| Untracked 
|   5|0x0000000080500000, 0x0000000080600000, 0x0000000080600000|100%| O|  |TAMS 0x0000000080500000| PB 0x0000000080500000| Untracked 
|   6|0x0000000080600000, 0x0000000080700000, 0x0000000080700000|100%|HS|  |TAMS 0x0000000080600000| PB 0x0000000080600000| Complete 
|   7|0x0000000080700000, 0x0000000080800000, 0x0000000080800000|100%| O|  |TAMS 0x0000000080700000| PB 0x0000000080700000| Untracked 
|   8|0x0000000080800000, 0x0000000080900000, 0x0000000080900000|100%| O|  |TAMS 0x0000000080800000| PB 0x0000000080800000| Untracked 
|   9|0x0000000080900000, 0x0000000080a00000, 0x0000000080a00000|100%| O|  |TAMS 0x0000000080900000| PB 0x0000000080900000| Untracked 
|  10|0x0000000080a00000, 0x0000000080b00000, 0x0000000080b00000|100%| O|  |TAMS 0x0000000080a00000| PB 0x0000000080a00000| Untracked 
|  11|0x0000000080b00000, 0x0000000080c00000, 0x0000000080c00000|100%| O|  |TAMS 0x0000000080b00000| PB 0x0000000080b00000| Untracked 
|  12|0x0000000080c00000, 0x0000000080d00000, 0x0000000080d00000|100%| O|  |TAMS 0x0000000080c00000| PB 0x0000000080c00000| Untracked 
|  13|0x0000000080d00000, 0x0000000080e00000, 0x0000000080e00000|100%| O|  |TAMS 0x0000000080d00000| PB 0x0000000080d00000| Untracked 
|  14|0x0000000080e00000, 0x0000000080f00000, 0x0000000080f00000|100%| O|  |TAMS 0x0000000080e00000| PB 0x0000000080e00000| Untracked 
|  15|0x0000000080f00000, 0x0000000081000000, 0x0000000081000000|100%| O|  |TAMS 0x0000000080f00000| PB 0x0000000080f00000| Untracked 
|  16|0x0000000081000000, 0x0000000081100000, 0x0000000081100000|100%| O|  |TAMS 0x0000000081000000| PB 0x0000000081000000| Untracked 
|  17|0x0000000081100000, 0x0000000081200000, 0x0000000081200000|100%| O|  |TAMS 0x0000000081100000| PB 0x0000000081100000| Untracked 
|  18|0x0000000081200000, 0x0000000081300000, 0x0000000081300000|100%| O|  |TAMS 0x0000000081200000| PB 0x0000000081200000| Untracked 
|  19|0x0000000081300000, 0x0000000081400000, 0x0000000081400000|100%| O|  |TAMS 0x0000000081300000| PB 0x0000000081300000| Untracked 
|  20|0x0000000081400000, 0x0000000081500000, 0x0000000081500000|100%| O|  |TAMS 0x0000000081400000| PB 0x0000000081400000| Untracked 
|  21|0x0000000081500000, 0x0000000081600000, 0x0000000081600000|100%| O|  |TAMS 0x0000000081500000| PB 0x0000000081500000| Untracked 
|  22|0x0000000081600000, 0x0000000081700000, 0x0000000081700000|100%| O|  |TAMS 0x0000000081600000| PB 0x0000000081600000| Untracked 
|  23|0x0000000081700000, 0x0000000081800000, 0x0000000081800000|100%| O|  |TAMS 0x0000000081700000| PB 0x0000000081700000| Untracked 
|  24|0x0000000081800000, 0x0000000081900000, 0x0000000081900000|100%| O|  |TAMS 0x0000000081800000| PB 0x0000000081800000| Untracked 
|  25|0x0000000081900000, 0x0000000081a00000, 0x0000000081a00000|100%| O|  |TAMS 0x0000000081900000| PB 0x0000000081900000| Untracked 
|  26|0x0000000081a00000, 0x0000000081b00000, 0x0000000081b00000|100%| O|  |TAMS 0x0000000081a00000| PB 0x0000000081a00000| Untracked 
|  27|0x0000000081b00000, 0x0000000081c00000, 0x0000000081c00000|100%|HS|  |TAMS 0x0000000081b00000| PB 0x0000000081b00000| Complete 
|  28|0x0000000081c00000, 0x0000000081d00000, 0x0000000081d00000|100%|HC|  |TAMS 0x0000000081c00000| PB 0x0000000081c00000| Complete 
|  29|0x0000000081d00000, 0x0000000081e00000, 0x0000000081e00000|100%| O|  |TAMS 0x0000000081d00000| PB 0x0000000081d00000| Untracked 
|  30|0x0000000081e00000, 0x0000000081f00000, 0x0000000081f00000|100%| O|  |TAMS 0x0000000081e00000| PB 0x0000000081e00000| Untracked 
|  31|0x0000000081f00000, 0x0000000082000000, 0x0000000082000000|100%| O|  |TAMS 0x0000000081f00000| PB 0x0000000081f00000| Untracked 
|  32|0x0000000082000000, 0x0000000082100000, 0x0000000082100000|100%| O|  |TAMS 0x0000000082000000| PB 0x0000000082000000| Untracked 
|  33|0x0000000082100000, 0x0000000082200000, 0x0000000082200000|100%| O|  |TAMS 0x0000000082100000| PB 0x0000000082100000| Untracked 
|  34|0x0000000082200000, 0x0000000082300000, 0x0000000082300000|100%| O|  |TAMS 0x0000000082200000| PB 0x0000000082200000| Untracked 
|  35|0x0000000082300000, 0x0000000082400000, 0x0000000082400000|100%| O|  |TAMS 0x0000000082300000| PB 0x0000000082300000| Untracked 
|  36|0x0000000082400000, 0x0000000082500000, 0x0000000082500000|100%| O|  |TAMS 0x0000000082400000| PB 0x0000000082400000| Untracked 
|  37|0x0000000082500000, 0x0000000082600000, 0x0000000082600000|100%| O|  |TAMS 0x0000000082500000| PB 0x0000000082500000| Untracked 
|  38|0x0000000082600000, 0x0000000082700000, 0x0000000082700000|100%| O|  |TAMS 0x0000000082600000| PB 0x0000000082600000| Untracked 
|  39|0x0000000082700000, 0x0000000082800000, 0x0000000082800000|100%| O|  |TAMS 0x0000000082700000| PB 0x0000000082700000| Untracked 
|  40|0x0000000082800000, 0x0000000082900000, 0x0000000082900000|100%| O|  |TAMS 0x0000000082800000| PB 0x0000000082800000| Untracked 
|  41|0x0000000082900000, 0x0000000082a00000, 0x0000000082a00000|100%| O|  |TAMS 0x0000000082900000| PB 0x0000000082900000| Untracked 
|  42|0x0000000082a00000, 0x0000000082b00000, 0x0000000082b00000|100%| O|  |TAMS 0x0000000082a00000| PB 0x0000000082a00000| Untracked 
|  43|0x0000000082b00000, 0x0000000082c00000, 0x0000000082c00000|100%| O|  |TAMS 0x0000000082b00000| PB 0x0000000082b00000| Untracked 
|  44|0x0000000082c00000, 0x0000000082d00000, 0x0000000082d00000|100%| O|  |TAMS 0x0000000082c00000| PB 0x0000000082c00000| Untracked 
|  45|0x0000000082d00000, 0x0000000082e00000, 0x0000000082e00000|100%| O|  |TAMS 0x0000000082d00000| PB 0x0000000082d00000| Untracked 
|  46|0x0000000082e00000, 0x0000000082f00000, 0x0000000082f00000|100%| O|  |TAMS 0x0000000082e00000| PB 0x0000000082e00000| Untracked 
|  47|0x0000000082f00000, 0x0000000083000000, 0x0000000083000000|100%| O|  |TAMS 0x0000000082f00000| PB 0x0000000082f00000| Untracked 
|  48|0x0000000083000000, 0x0000000083100000, 0x0000000083100000|100%| O|  |TAMS 0x0000000083000000| PB 0x0000000083000000| Untracked 
|  49|0x0000000083100000, 0x0000000083200000, 0x0000000083200000|100%| O|  |TAMS 0x0000000083100000| PB 0x0000000083100000| Untracked 
|  50|0x0000000083200000, 0x0000000083300000, 0x0000000083300000|100%| O|  |TAMS 0x0000000083200000| PB 0x0000000083200000| Untracked 
|  51|0x0000000083300000, 0x0000000083400000, 0x0000000083400000|100%| O|  |TAMS 0x0000000083300000| PB 0x0000000083300000| Untracked 
|  52|0x0000000083400000, 0x0000000083500000, 0x0000000083500000|100%| O|  |TAMS 0x0000000083400000| PB 0x0000000083400000| Untracked 
|  53|0x0000000083500000, 0x0000000083600000, 0x0000000083600000|100%| O|  |TAMS 0x0000000083500000| PB 0x0000000083500000| Untracked 
|  54|0x0000000083600000, 0x0000000083700000, 0x0000000083700000|100%| O|  |TAMS 0x0000000083600000| PB 0x0000000083600000| Untracked 
|  55|0x0000000083700000, 0x0000000083800000, 0x0000000083800000|100%|HS|  |TAMS 0x0000000083700000| PB 0x0000000083700000| Complete 
|  56|0x0000000083800000, 0x0000000083900000, 0x0000000083900000|100%|HS|  |TAMS 0x0000000083800000| PB 0x0000000083800000| Complete 
|  57|0x0000000083900000, 0x0000000083a00000, 0x0000000083a00000|100%|HS|  |TAMS 0x0000000083900000| PB 0x0000000083900000| Complete 
|  58|0x0000000083a00000, 0x0000000083b00000, 0x0000000083b00000|100%|HS|  |TAMS 0x0000000083a00000| PB 0x0000000083a00000| Complete 
|  59|0x0000000083b00000, 0x0000000083c00000, 0x0000000083c00000|100%| O|  |TAMS 0x0000000083b00000| PB 0x0000000083b00000| Untracked 
|  60|0x0000000083c00000, 0x0000000083d00000, 0x0000000083d00000|100%|HS|  |TAMS 0x0000000083c00000| PB 0x0000000083c00000| Complete 
|  61|0x0000000083d00000, 0x0000000083e00000, 0x0000000083e00000|100%|HS|  |TAMS 0x0000000083d00000| PB 0x0000000083d00000| Complete 
|  62|0x0000000083e00000, 0x0000000083f00000, 0x0000000083f00000|100%| O|  |TAMS 0x0000000083e00000| PB 0x0000000083e00000| Untracked 
|  63|0x0000000083f00000, 0x0000000084000000, 0x0000000084000000|100%| O|  |TAMS 0x0000000083f00000| PB 0x0000000083f00000| Untracked 
|  64|0x0000000084000000, 0x0000000084100000, 0x0000000084100000|100%| O|  |TAMS 0x0000000084000000| PB 0x0000000084000000| Untracked 
|  65|0x0000000084100000, 0x0000000084200000, 0x0000000084200000|100%| O|  |TAMS 0x0000000084100000| PB 0x0000000084100000| Untracked 
|  66|0x0000000084200000, 0x0000000084300000, 0x0000000084300000|100%| O|  |TAMS 0x0000000084200000| PB 0x0000000084200000| Untracked 
|  67|0x0000000084300000, 0x0000000084400000, 0x0000000084400000|100%| O|  |TAMS 0x0000000084300000| PB 0x0000000084300000| Untracked 
|  68|0x0000000084400000, 0x0000000084500000, 0x0000000084500000|100%| O|  |TAMS 0x0000000084400000| PB 0x0000000084400000| Untracked 
|  69|0x0000000084500000, 0x0000000084600000, 0x0000000084600000|100%| O|  |TAMS 0x0000000084500000| PB 0x0000000084500000| Untracked 
|  70|0x0000000084600000, 0x0000000084700000, 0x0000000084700000|100%| O|  |TAMS 0x0000000084600000| PB 0x0000000084600000| Untracked 
|  71|0x0000000084700000, 0x0000000084800000, 0x0000000084800000|100%| O|  |TAMS 0x0000000084700000| PB 0x0000000084700000| Untracked 
|  72|0x0000000084800000, 0x0000000084900000, 0x0000000084900000|100%|HS|  |TAMS 0x0000000084800000| PB 0x0000000084800000| Complete 
|  73|0x0000000084900000, 0x0000000084a00000, 0x0000000084a00000|100%| O|  |TAMS 0x0000000084900000| PB 0x0000000084900000| Untracked 
|  74|0x0000000084a00000, 0x0000000084b00000, 0x0000000084b00000|100%| O|  |TAMS 0x0000000084a00000| PB 0x0000000084a00000| Untracked 
|  75|0x0000000084b00000, 0x0000000084c00000, 0x0000000084c00000|100%| O|  |TAMS 0x0000000084b00000| PB 0x0000000084b00000| Untracked 
|  76|0x0000000084c00000, 0x0000000084d00000, 0x0000000084d00000|100%| O|  |TAMS 0x0000000084c00000| PB 0x0000000084c00000| Untracked 
|  77|0x0000000084d00000, 0x0000000084e00000, 0x0000000084e00000|100%| O|  |TAMS 0x0000000084d00000| PB 0x0000000084d00000| Untracked 
|  78|0x0000000084e00000, 0x0000000084f00000, 0x0000000084f00000|100%| O|  |TAMS 0x0000000084e00000| PB 0x0000000084e00000| Untracked 
|  79|0x0000000084f00000, 0x0000000085000000, 0x0000000085000000|100%| O|  |TAMS 0x0000000084f00000| PB 0x0000000084f00000| Untracked 
|  80|0x0000000085000000, 0x0000000085100000, 0x0000000085100000|100%| O|  |TAMS 0x0000000085000000| PB 0x0000000085000000| Untracked 
|  81|0x0000000085100000, 0x0000000085200000, 0x0000000085200000|100%| O|  |TAMS 0x0000000085100000| PB 0x0000000085100000| Untracked 
|  82|0x0000000085200000, 0x0000000085300000, 0x0000000085300000|100%| O|  |TAMS 0x0000000085200000| PB 0x0000000085200000| Untracked 
|  83|0x0000000085300000, 0x0000000085400000, 0x0000000085400000|100%| O|  |TAMS 0x0000000085300000| PB 0x0000000085300000| Untracked 
|  84|0x0000000085400000, 0x0000000085500000, 0x0000000085500000|100%| O|  |TAMS 0x0000000085400000| PB 0x0000000085400000| Untracked 
|  85|0x0000000085500000, 0x0000000085600000, 0x0000000085600000|100%| O|  |TAMS 0x0000000085500000| PB 0x0000000085500000| Untracked 
|  86|0x0000000085600000, 0x0000000085700000, 0x0000000085700000|100%| O|  |TAMS 0x0000000085600000| PB 0x0000000085600000| Untracked 
|  87|0x0000000085700000, 0x0000000085800000, 0x0000000085800000|100%| O|  |TAMS 0x0000000085700000| PB 0x0000000085700000| Untracked 
|  88|0x0000000085800000, 0x0000000085900000, 0x0000000085900000|100%| O|  |TAMS 0x0000000085800000| PB 0x0000000085800000| Untracked 
|  89|0x0000000085900000, 0x0000000085a00000, 0x0000000085a00000|100%| O|  |TAMS 0x0000000085900000| PB 0x0000000085900000| Untracked 
|  90|0x0000000085a00000, 0x0000000085b00000, 0x0000000085b00000|100%| O|  |TAMS 0x0000000085a00000| PB 0x0000000085a00000| Untracked 
|  91|0x0000000085b00000, 0x0000000085c00000, 0x0000000085c00000|100%| O|  |TAMS 0x0000000085b00000| PB 0x0000000085b00000| Untracked 
|  92|0x0000000085c00000, 0x0000000085d00000, 0x0000000085d00000|100%| O|  |TAMS 0x0000000085c00000| PB 0x0000000085c00000| Untracked 
|  93|0x0000000085d00000, 0x0000000085e00000, 0x0000000085e00000|100%| O|  |TAMS 0x0000000085d00000| PB 0x0000000085d00000| Untracked 
|  94|0x0000000085e00000, 0x0000000085f00000, 0x0000000085f00000|100%| O|  |TAMS 0x0000000085e00000| PB 0x0000000085e00000| Untracked 
|  95|0x0000000085f00000, 0x0000000086000000, 0x0000000086000000|100%| O|  |TAMS 0x0000000085f00000| PB 0x0000000085f00000| Untracked 
|  96|0x0000000086000000, 0x0000000086100000, 0x0000000086100000|100%| O|  |TAMS 0x0000000086000000| PB 0x0000000086000000| Untracked 
|  97|0x0000000086100000, 0x0000000086200000, 0x0000000086200000|100%| O|  |TAMS 0x0000000086100000| PB 0x0000000086100000| Untracked 
|  98|0x0000000086200000, 0x0000000086300000, 0x0000000086300000|100%| O|  |TAMS 0x0000000086200000| PB 0x0000000086200000| Untracked 
|  99|0x0000000086300000, 0x0000000086400000, 0x0000000086400000|100%| O|  |TAMS 0x0000000086300000| PB 0x0000000086300000| Untracked 
| 100|0x0000000086400000, 0x0000000086500000, 0x0000000086500000|100%| O|  |TAMS 0x0000000086400000| PB 0x0000000086400000| Untracked 
| 101|0x0000000086500000, 0x0000000086600000, 0x0000000086600000|100%| O|  |TAMS 0x0000000086500000| PB 0x0000000086500000| Untracked 
| 102|0x0000000086600000, 0x0000000086700000, 0x0000000086700000|100%| O|  |TAMS 0x0000000086600000| PB 0x0000000086600000| Untracked 
| 103|0x0000000086700000, 0x0000000086800000, 0x0000000086800000|100%| O|  |TAMS 0x0000000086700000| PB 0x0000000086700000| Untracked 
| 104|0x0000000086800000, 0x0000000086900000, 0x0000000086900000|100%| O|  |TAMS 0x0000000086800000| PB 0x0000000086800000| Untracked 
| 105|0x0000000086900000, 0x0000000086a00000, 0x0000000086a00000|100%| O|  |TAMS 0x0000000086900000| PB 0x0000000086900000| Untracked 
| 106|0x0000000086a00000, 0x0000000086b00000, 0x0000000086b00000|100%| O|  |TAMS 0x0000000086a00000| PB 0x0000000086a00000| Untracked 
| 107|0x0000000086b00000, 0x0000000086c00000, 0x0000000086c00000|100%| O|  |TAMS 0x0000000086b00000| PB 0x0000000086b00000| Untracked 
| 108|0x0000000086c00000, 0x0000000086d00000, 0x0000000086d00000|100%| O|  |TAMS 0x0000000086c00000| PB 0x0000000086c00000| Untracked 
| 109|0x0000000086d00000, 0x0000000086e00000, 0x0000000086e00000|100%| O|  |TAMS 0x0000000086d00000| PB 0x0000000086d00000| Untracked 
| 110|0x0000000086e00000, 0x0000000086f00000, 0x0000000086f00000|100%| O|  |TAMS 0x0000000086e00000| PB 0x0000000086e00000| Untracked 
| 111|0x0000000086f00000, 0x0000000087000000, 0x0000000087000000|100%| O|  |TAMS 0x0000000086f00000| PB 0x0000000086f00000| Untracked 
| 112|0x0000000087000000, 0x0000000087100000, 0x0000000087100000|100%| O|  |TAMS 0x0000000087000000| PB 0x0000000087000000| Untracked 
| 113|0x0000000087100000, 0x0000000087200000, 0x0000000087200000|100%| O|  |TAMS 0x0000000087100000| PB 0x0000000087100000| Untracked 
| 114|0x0000000087200000, 0x0000000087300000, 0x0000000087300000|100%| O|  |TAMS 0x0000000087200000| PB 0x0000000087200000| Untracked 
| 115|0x0000000087300000, 0x0000000087400000, 0x0000000087400000|100%| O|  |TAMS 0x0000000087300000| PB 0x0000000087300000| Untracked 
| 116|0x0000000087400000, 0x0000000087500000, 0x0000000087500000|100%| O|  |TAMS 0x0000000087400000| PB 0x0000000087400000| Untracked 
| 117|0x0000000087500000, 0x0000000087600000, 0x0000000087600000|100%| O|  |TAMS 0x0000000087500000| PB 0x0000000087500000| Untracked 
| 118|0x0000000087600000, 0x0000000087700000, 0x0000000087700000|100%| O|  |TAMS 0x0000000087600000| PB 0x0000000087600000| Untracked 
| 119|0x0000000087700000, 0x0000000087800000, 0x0000000087800000|100%| O|  |TAMS 0x0000000087700000| PB 0x0000000087700000| Untracked 
| 120|0x0000000087800000, 0x0000000087900000, 0x0000000087900000|100%| O|  |TAMS 0x0000000087800000| PB 0x0000000087800000| Untracked 
| 121|0x0000000087900000, 0x0000000087a00000, 0x0000000087a00000|100%| O|  |TAMS 0x0000000087900000| PB 0x0000000087900000| Untracked 
| 122|0x0000000087a00000, 0x0000000087b00000, 0x0000000087b00000|100%| O|  |TAMS 0x0000000087a00000| PB 0x0000000087a00000| Untracked 
| 123|0x0000000087b00000, 0x0000000087c00000, 0x0000000087c00000|100%| O|  |TAMS 0x0000000087b00000| PB 0x0000000087b00000| Untracked 
| 124|0x0000000087c00000, 0x0000000087cdc280, 0x0000000087d00000| 85%| O|  |TAMS 0x0000000087c00000| PB 0x0000000087c00000| Untracked 
| 125|0x0000000087d00000, 0x0000000087d00000, 0x0000000087e00000|  0%| F|  |TAMS 0x0000000087d00000| PB 0x0000000087d00000| Untracked 
| 126|0x0000000087e00000, 0x0000000087e00000, 0x0000000087f00000|  0%| F|  |TAMS 0x0000000087e00000| PB 0x0000000087e00000| Untracked 
| 127|0x0000000087f00000, 0x0000000087f00000, 0x0000000088000000|  0%| F|  |TAMS 0x0000000087f00000| PB 0x0000000087f00000| Untracked 
| 128|0x0000000088000000, 0x0000000088000000, 0x0000000088100000|  0%| F|  |TAMS 0x0000000088000000| PB 0x0000000088000000| Untracked 
| 129|0x0000000088100000, 0x0000000088100000, 0x0000000088200000|  0%| F|  |TAMS 0x0000000088100000| PB 0x0000000088100000| Untracked 
| 130|0x0000000088200000, 0x0000000088200000, 0x0000000088300000|  0%| F|  |TAMS 0x0000000088200000| PB 0x0000000088200000| Untracked 
| 131|0x0000000088300000, 0x0000000088300000, 0x0000000088400000|  0%| F|  |TAMS 0x0000000088300000| PB 0x0000000088300000| Untracked 
| 132|0x0000000088400000, 0x0000000088400000, 0x0000000088500000|  0%| F|  |TAMS 0x0000000088400000| PB 0x0000000088400000| Untracked 
| 133|0x0000000088500000, 0x0000000088500000, 0x0000000088600000|  0%| F|  |TAMS 0x0000000088500000| PB 0x0000000088500000| Untracked 
| 134|0x0000000088600000, 0x0000000088600000, 0x0000000088700000|  0%| F|  |TAMS 0x0000000088600000| PB 0x0000000088600000| Untracked 
| 135|0x0000000088700000, 0x0000000088700000, 0x0000000088800000|  0%| F|  |TAMS 0x0000000088700000| PB 0x0000000088700000| Untracked 
| 136|0x0000000088800000, 0x0000000088900000, 0x0000000088900000|100%| O|  |TAMS 0x0000000088800000| PB 0x0000000088800000| Untracked 
| 137|0x0000000088900000, 0x0000000088a00000, 0x0000000088a00000|100%| O|  |TAMS 0x0000000088900000| PB 0x0000000088900000| Untracked 
| 138|0x0000000088a00000, 0x0000000088b00000, 0x0000000088b00000|100%| O|  |TAMS 0x0000000088a00000| PB 0x0000000088a00000| Untracked 
| 139|0x0000000088b00000, 0x0000000088bfcc00, 0x0000000088c00000| 98%| S|CS|TAMS 0x0000000088b00000| PB 0x0000000088b00000| Complete 
| 140|0x0000000088c00000, 0x0000000088d00000, 0x0000000088d00000|100%| S|CS|TAMS 0x0000000088c00000| PB 0x0000000088c00000| Complete 
| 141|0x0000000088d00000, 0x0000000088e00000, 0x0000000088e00000|100%| S|CS|TAMS 0x0000000088d00000| PB 0x0000000088d00000| Complete 
| 142|0x0000000088e00000, 0x0000000088f00000, 0x0000000088f00000|100%| O|  |TAMS 0x0000000088e00000| PB 0x0000000088e00000| Untracked 
| 143|0x0000000088f00000, 0x0000000088f00000, 0x0000000089000000|  0%| F|  |TAMS 0x0000000088f00000| PB 0x0000000088f00000| Untracked 
| 144|0x0000000089000000, 0x0000000089000000, 0x0000000089100000|  0%| F|  |TAMS 0x0000000089000000| PB 0x0000000089000000| Untracked 
| 145|0x0000000089100000, 0x0000000089100000, 0x0000000089200000|  0%| F|  |TAMS 0x0000000089100000| PB 0x0000000089100000| Untracked 
| 146|0x0000000089200000, 0x0000000089200000, 0x0000000089300000|  0%| F|  |TAMS 0x0000000089200000| PB 0x0000000089200000| Untracked 
| 147|0x0000000089300000, 0x0000000089300000, 0x0000000089400000|  0%| F|  |TAMS 0x0000000089300000| PB 0x0000000089300000| Untracked 
| 148|0x0000000089400000, 0x0000000089400000, 0x0000000089500000|  0%| F|  |TAMS 0x0000000089400000| PB 0x0000000089400000| Untracked 
| 149|0x0000000089500000, 0x0000000089500000, 0x0000000089600000|  0%| F|  |TAMS 0x0000000089500000| PB 0x0000000089500000| Untracked 
| 150|0x0000000089600000, 0x0000000089700000, 0x0000000089700000|100%| S|CS|TAMS 0x0000000089600000| PB 0x0000000089600000| Complete 
| 151|0x0000000089700000, 0x0000000089800000, 0x0000000089800000|100%| S|CS|TAMS 0x0000000089700000| PB 0x0000000089700000| Complete 
| 152|0x0000000089800000, 0x0000000089900000, 0x0000000089900000|100%| S|CS|TAMS 0x0000000089800000| PB 0x0000000089800000| Complete 
| 153|0x0000000089900000, 0x0000000089a00000, 0x0000000089a00000|100%| S|CS|TAMS 0x0000000089900000| PB 0x0000000089900000| Complete 
| 154|0x0000000089a00000, 0x0000000089b00000, 0x0000000089b00000|100%| S|CS|TAMS 0x0000000089a00000| PB 0x0000000089a00000| Complete 
| 155|0x0000000089b00000, 0x0000000089c00000, 0x0000000089c00000|100%| S|CS|TAMS 0x0000000089b00000| PB 0x0000000089b00000| Complete 
| 156|0x0000000089c00000, 0x0000000089d00000, 0x0000000089d00000|100%| S|CS|TAMS 0x0000000089c00000| PB 0x0000000089c00000| Complete 
| 157|0x0000000089d00000, 0x0000000089e00000, 0x0000000089e00000|100%| S|CS|TAMS 0x0000000089d00000| PB 0x0000000089d00000| Complete 
| 158|0x0000000089e00000, 0x0000000089e00000, 0x0000000089f00000|  0%| F|  |TAMS 0x0000000089e00000| PB 0x0000000089e00000| Untracked 
| 159|0x0000000089f00000, 0x0000000089f00000, 0x000000008a000000|  0%| F|  |TAMS 0x0000000089f00000| PB 0x0000000089f00000| Untracked 
| 160|0x000000008a000000, 0x000000008a000000, 0x000000008a100000|  0%| F|  |TAMS 0x000000008a000000| PB 0x000000008a000000| Untracked 
| 161|0x000000008a100000, 0x000000008a100000, 0x000000008a200000|  0%| F|  |TAMS 0x000000008a100000| PB 0x000000008a100000| Untracked 
| 162|0x000000008a200000, 0x000000008a200000, 0x000000008a300000|  0%| F|  |TAMS 0x000000008a200000| PB 0x000000008a200000| Untracked 
| 163|0x000000008a300000, 0x000000008a300000, 0x000000008a400000|  0%| F|  |TAMS 0x000000008a300000| PB 0x000000008a300000| Untracked 
| 164|0x000000008a400000, 0x000000008a400000, 0x000000008a500000|  0%| F|  |TAMS 0x000000008a400000| PB 0x000000008a400000| Untracked 
| 165|0x000000008a500000, 0x000000008a500000, 0x000000008a600000|  0%| F|  |TAMS 0x000000008a500000| PB 0x000000008a500000| Untracked 
| 166|0x000000008a600000, 0x000000008a600000, 0x000000008a700000|  0%| F|  |TAMS 0x000000008a600000| PB 0x000000008a600000| Untracked 
| 167|0x000000008a700000, 0x000000008a700000, 0x000000008a800000|  0%| F|  |TAMS 0x000000008a700000| PB 0x000000008a700000| Untracked 
| 168|0x000000008a800000, 0x000000008a874c00, 0x000000008a900000| 45%| E|  |TAMS 0x000000008a800000| PB 0x000000008a800000| Complete 
| 169|0x000000008a900000, 0x000000008aa00000, 0x000000008aa00000|100%| E|CS|TAMS 0x000000008a900000| PB 0x000000008a900000| Complete 
| 170|0x000000008aa00000, 0x000000008ab00000, 0x000000008ab00000|100%| E|CS|TAMS 0x000000008aa00000| PB 0x000000008aa00000| Complete 
| 171|0x000000008ab00000, 0x000000008ac00000, 0x000000008ac00000|100%| E|CS|TAMS 0x000000008ab00000| PB 0x000000008ab00000| Complete 
| 172|0x000000008ac00000, 0x000000008ad00000, 0x000000008ad00000|100%| E|CS|TAMS 0x000000008ac00000| PB 0x000000008ac00000| Complete 
| 173|0x000000008ad00000, 0x000000008ae00000, 0x000000008ae00000|100%| E|CS|TAMS 0x000000008ad00000| PB 0x000000008ad00000| Complete 
| 174|0x000000008ae00000, 0x000000008af00000, 0x000000008af00000|100%| E|CS|TAMS 0x000000008ae00000| PB 0x000000008ae00000| Complete 
| 175|0x000000008af00000, 0x000000008b000000, 0x000000008b000000|100%| E|CS|TAMS 0x000000008af00000| PB 0x000000008af00000| Complete 
| 176|0x000000008b000000, 0x000000008b100000, 0x000000008b100000|100%| E|CS|TAMS 0x000000008b000000| PB 0x000000008b000000| Complete 
| 177|0x000000008b100000, 0x000000008b200000, 0x000000008b200000|100%| E|CS|TAMS 0x000000008b100000| PB 0x000000008b100000| Complete 
| 178|0x000000008b200000, 0x000000008b300000, 0x000000008b300000|100%| E|CS|TAMS 0x000000008b200000| PB 0x000000008b200000| Complete 
| 179|0x000000008b300000, 0x000000008b400000, 0x000000008b400000|100%| E|CS|TAMS 0x000000008b300000| PB 0x000000008b300000| Complete 
| 180|0x000000008b400000, 0x000000008b500000, 0x000000008b500000|100%| E|CS|TAMS 0x000000008b400000| PB 0x000000008b400000| Complete 
| 181|0x000000008b500000, 0x000000008b600000, 0x000000008b600000|100%| E|CS|TAMS 0x000000008b500000| PB 0x000000008b500000| Complete 
| 182|0x000000008b600000, 0x000000008b700000, 0x000000008b700000|100%| E|CS|TAMS 0x000000008b600000| PB 0x000000008b600000| Complete 
| 183|0x000000008b700000, 0x000000008b800000, 0x000000008b800000|100%| E|CS|TAMS 0x000000008b700000| PB 0x000000008b700000| Complete 
| 184|0x000000008b800000, 0x000000008b900000, 0x000000008b900000|100%| E|CS|TAMS 0x000000008b800000| PB 0x000000008b800000| Complete 
| 185|0x000000008b900000, 0x000000008ba00000, 0x000000008ba00000|100%| E|CS|TAMS 0x000000008b900000| PB 0x000000008b900000| Complete 
| 186|0x000000008ba00000, 0x000000008bb00000, 0x000000008bb00000|100%| E|CS|TAMS 0x000000008ba00000| PB 0x000000008ba00000| Complete 
| 187|0x000000008bb00000, 0x000000008bc00000, 0x000000008bc00000|100%| E|CS|TAMS 0x000000008bb00000| PB 0x000000008bb00000| Complete 
| 188|0x000000008bc00000, 0x000000008bd00000, 0x000000008bd00000|100%| E|CS|TAMS 0x000000008bc00000| PB 0x000000008bc00000| Complete 
| 189|0x000000008bd00000, 0x000000008be00000, 0x000000008be00000|100%| E|CS|TAMS 0x000000008bd00000| PB 0x000000008bd00000| Complete 
| 190|0x000000008be00000, 0x000000008bf00000, 0x000000008bf00000|100%| E|CS|TAMS 0x000000008be00000| PB 0x000000008be00000| Complete 
| 191|0x000000008bf00000, 0x000000008c000000, 0x000000008c000000|100%| E|CS|TAMS 0x000000008bf00000| PB 0x000000008bf00000| Complete 
| 192|0x000000008c000000, 0x000000008c100000, 0x000000008c100000|100%| E|CS|TAMS 0x000000008c000000| PB 0x000000008c000000| Complete 
| 193|0x000000008c100000, 0x000000008c200000, 0x000000008c200000|100%| E|CS|TAMS 0x000000008c100000| PB 0x000000008c100000| Complete 
| 194|0x000000008c200000, 0x000000008c300000, 0x000000008c300000|100%| E|CS|TAMS 0x000000008c200000| PB 0x000000008c200000| Complete 
| 195|0x000000008c300000, 0x000000008c400000, 0x000000008c400000|100%| E|CS|TAMS 0x000000008c300000| PB 0x000000008c300000| Complete 
| 196|0x000000008c400000, 0x000000008c500000, 0x000000008c500000|100%| E|CS|TAMS 0x000000008c400000| PB 0x000000008c400000| Complete 
| 197|0x000000008c500000, 0x000000008c600000, 0x000000008c600000|100%| E|CS|TAMS 0x000000008c500000| PB 0x000000008c500000| Complete 
| 198|0x000000008c600000, 0x000000008c700000, 0x000000008c700000|100%| E|CS|TAMS 0x000000008c600000| PB 0x000000008c600000| Complete 
| 199|0x000000008c700000, 0x000000008c800000, 0x000000008c800000|100%| E|CS|TAMS 0x000000008c700000| PB 0x000000008c700000| Complete 
| 200|0x000000008c800000, 0x000000008c900000, 0x000000008c900000|100%| E|CS|TAMS 0x000000008c800000| PB 0x000000008c800000| Complete 
| 201|0x000000008c900000, 0x000000008ca00000, 0x000000008ca00000|100%| E|CS|TAMS 0x000000008c900000| PB 0x000000008c900000| Complete 
| 202|0x000000008ca00000, 0x000000008cb00000, 0x000000008cb00000|100%| E|CS|TAMS 0x000000008ca00000| PB 0x000000008ca00000| Complete 
| 203|0x000000008cb00000, 0x000000008cc00000, 0x000000008cc00000|100%| E|CS|TAMS 0x000000008cb00000| PB 0x000000008cb00000| Complete 
| 204|0x000000008cc00000, 0x000000008cd00000, 0x000000008cd00000|100%| E|CS|TAMS 0x000000008cc00000| PB 0x000000008cc00000| Complete 
| 205|0x000000008cd00000, 0x000000008ce00000, 0x000000008ce00000|100%| E|CS|TAMS 0x000000008cd00000| PB 0x000000008cd00000| Complete 
| 206|0x000000008ce00000, 0x000000008cf00000, 0x000000008cf00000|100%| E|  |TAMS 0x000000008ce00000| PB 0x000000008ce00000| Complete 
| 207|0x000000008cf00000, 0x000000008d000000, 0x000000008d000000|100%| E|CS|TAMS 0x000000008cf00000| PB 0x000000008cf00000| Complete 
| 208|0x000000008d000000, 0x000000008d100000, 0x000000008d100000|100%| E|CS|TAMS 0x000000008d000000| PB 0x000000008d000000| Complete 
| 209|0x000000008d100000, 0x000000008d200000, 0x000000008d200000|100%| E|CS|TAMS 0x000000008d100000| PB 0x000000008d100000| Complete 
| 210|0x000000008d200000, 0x000000008d300000, 0x000000008d300000|100%| E|CS|TAMS 0x000000008d200000| PB 0x000000008d200000| Complete 
| 211|0x000000008d300000, 0x000000008d400000, 0x000000008d400000|100%| E|CS|TAMS 0x000000008d300000| PB 0x000000008d300000| Complete 
| 212|0x000000008d400000, 0x000000008d500000, 0x000000008d500000|100%| E|CS|TAMS 0x000000008d400000| PB 0x000000008d400000| Complete 
| 213|0x000000008d500000, 0x000000008d600000, 0x000000008d600000|100%| E|CS|TAMS 0x000000008d500000| PB 0x000000008d500000| Complete 
| 214|0x000000008d600000, 0x000000008d700000, 0x000000008d700000|100%| E|CS|TAMS 0x000000008d600000| PB 0x000000008d600000| Complete 
| 215|0x000000008d700000, 0x000000008d800000, 0x000000008d800000|100%| E|CS|TAMS 0x000000008d700000| PB 0x000000008d700000| Complete 
| 216|0x000000008d800000, 0x000000008d900000, 0x000000008d900000|100%| E|CS|TAMS 0x000000008d800000| PB 0x000000008d800000| Complete 
| 217|0x000000008d900000, 0x000000008da00000, 0x000000008da00000|100%| E|CS|TAMS 0x000000008d900000| PB 0x000000008d900000| Complete 
| 218|0x000000008da00000, 0x000000008db00000, 0x000000008db00000|100%| E|CS|TAMS 0x000000008da00000| PB 0x000000008da00000| Complete 
| 219|0x000000008db00000, 0x000000008dc00000, 0x000000008dc00000|100%| E|CS|TAMS 0x000000008db00000| PB 0x000000008db00000| Complete 
| 220|0x000000008dc00000, 0x000000008dd00000, 0x000000008dd00000|100%| E|CS|TAMS 0x000000008dc00000| PB 0x000000008dc00000| Complete 
| 221|0x000000008dd00000, 0x000000008de00000, 0x000000008de00000|100%| E|CS|TAMS 0x000000008dd00000| PB 0x000000008dd00000| Complete 
| 222|0x000000008de00000, 0x000000008df00000, 0x000000008df00000|100%| E|CS|TAMS 0x000000008de00000| PB 0x000000008de00000| Complete 
|2031|0x00000000fef00000, 0x00000000ff000000, 0x00000000ff000000|100%| E|CS|TAMS 0x00000000fef00000| PB 0x00000000fef00000| Complete 
|2032|0x00000000ff000000, 0x00000000ff100000, 0x00000000ff100000|100%| E|CS|TAMS 0x00000000ff000000| PB 0x00000000ff000000| Complete 
|2033|0x00000000ff100000, 0x00000000ff200000, 0x00000000ff200000|100%| O|  |TAMS 0x00000000ff100000| PB 0x00000000ff100000| Untracked 
|2034|0x00000000ff200000, 0x00000000ff300000, 0x00000000ff300000|100%| E|CS|TAMS 0x00000000ff200000| PB 0x00000000ff200000| Complete 
|2035|0x00000000ff300000, 0x00000000ff400000, 0x00000000ff400000|100%| E|CS|TAMS 0x00000000ff300000| PB 0x00000000ff300000| Complete 
|2036|0x00000000ff400000, 0x00000000ff500000, 0x00000000ff500000|100%| E|CS|TAMS 0x00000000ff400000| PB 0x00000000ff400000| Complete 
|2037|0x00000000ff500000, 0x00000000ff600000, 0x00000000ff600000|100%| E|CS|TAMS 0x00000000ff500000| PB 0x00000000ff500000| Complete 
|2038|0x00000000ff600000, 0x00000000ff700000, 0x00000000ff700000|100%| E|CS|TAMS 0x00000000ff600000| PB 0x00000000ff600000| Complete 
|2039|0x00000000ff700000, 0x00000000ff800000, 0x00000000ff800000|100%| E|CS|TAMS 0x00000000ff700000| PB 0x00000000ff700000| Complete 
|2040|0x00000000ff800000, 0x00000000ff900000, 0x00000000ff900000|100%| E|CS|TAMS 0x00000000ff800000| PB 0x00000000ff800000| Complete 
|2041|0x00000000ff900000, 0x00000000ffa00000, 0x00000000ffa00000|100%| E|CS|TAMS 0x00000000ff900000| PB 0x00000000ff900000| Complete 
|2042|0x00000000ffa00000, 0x00000000ffb00000, 0x00000000ffb00000|100%| E|CS|TAMS 0x00000000ffa00000| PB 0x00000000ffa00000| Complete 
|2043|0x00000000ffb00000, 0x00000000ffc00000, 0x00000000ffc00000|100%| E|CS|TAMS 0x00000000ffb00000| PB 0x00000000ffb00000| Complete 
|2044|0x00000000ffc00000, 0x00000000ffd00000, 0x00000000ffd00000|100%| E|CS|TAMS 0x00000000ffc00000| PB 0x00000000ffc00000| Complete 
|2045|0x00000000ffd00000, 0x00000000ffe00000, 0x00000000ffe00000|100%| E|CS|TAMS 0x00000000ffd00000| PB 0x00000000ffd00000| Complete 
|2046|0x00000000ffe00000, 0x00000000fff00000, 0x00000000fff00000|100%| E|CS|TAMS 0x00000000ffe00000| PB 0x00000000ffe00000| Complete 
|2047|0x00000000fff00000, 0x0000000100000000, 0x0000000100000000|100%| O|  |TAMS 0x00000000fff00000| PB 0x00000000fff00000| Untracked 

Card table byte_map: [0x0000020b411e0000,0x0000020b415e0000] _byte_map_base: 0x0000020b40de0000

Marking Bits: (CMBitMap*) 0x0000020b2c9745b0
 Bits: [0x0000020b415e0000, 0x0000020b435e0000)

Polling page: 0x0000020b31130000

Metaspace:

Usage:
  Non-class:    101.25 MB used.
      Class:     16.28 MB used.
       Both:    117.53 MB used.

Virtual space:
  Non-class space:      128.00 MB reserved,     102.38 MB ( 80%) committed,  2 nodes.
      Class space:        1.00 GB reserved,      17.38 MB (  2%) committed,  1 nodes.
             Both:        1.12 GB reserved,     119.75 MB ( 10%) committed. 

Chunk freelists:
   Non-Class:  9.52 MB
       Class:  14.47 MB
        Both:  23.99 MB

MaxMetaspaceSize: unlimited
CompressedClassSpaceSize: 1.00 GB
Initial GC threshold: 21.00 MB
Current GC threshold: 193.12 MB
CDS: off
 - commit_granule_bytes: 65536.
 - commit_granule_words: 8192.
 - virtual_space_node_default_size: 8388608.
 - enlarge_chunks_in_place: 1.
 - use_allocation_guard: 0.


Internal statistics:

num_allocs_failed_limit: 9.
num_arena_births: 4492.
num_arena_deaths: 0.
num_vsnodes_births: 3.
num_vsnodes_deaths: 0.
num_space_committed: 1915.
num_space_uncommitted: 0.
num_chunks_returned_to_freelist: 9.
num_chunks_taken_from_freelist: 9754.
num_chunk_merges: 9.
num_chunk_splits: 6261.
num_chunks_enlarged: 3815.
num_inconsistent_stats: 0.

CodeHeap 'non-profiled nmethods': size=120000Kb used=10832Kb max_used=10832Kb free=109167Kb
 bounds [0x0000020b38c20000, 0x0000020b396c0000, 0x0000020b40150000]
CodeHeap 'profiled nmethods': size=120000Kb used=27283Kb max_used=27283Kb free=92716Kb
 bounds [0x0000020b31150000, 0x0000020b32c00000, 0x0000020b38680000]
CodeHeap 'non-nmethods': size=5760Kb used=2917Kb max_used=2980Kb free=2842Kb
 bounds [0x0000020b38680000, 0x0000020b38970000, 0x0000020b38c20000]
CodeCache: size=245760Kb, used=41032Kb, max_used=41095Kb, free=204725Kb
 total_blobs=15946, nmethods=14924, adapters=925, full_count=0
Compilation: enabled, stopped_count=0, restarted_count=0

Compilation events (20 events):
Event: 87.637 Thread 0x0000020b464fea10 nmethod 17618 0x0000020b3969dd10 code [0x0000020b3969dea0, 0x0000020b3969e4c8]
Event: 87.637 Thread 0x0000020b464fea10 17621       4       org.gradle.internal.serialize.kryo.KryoBackedEncoder::writeSmallInt (11 bytes)
Event: 87.638 Thread 0x0000020b464fea10 nmethod 17621 0x0000020b3969e590 code [0x0000020b3969e720, 0x0000020b3969e800]
Event: 87.638 Thread 0x0000020b464fea10 17620       4       com.google.common.collect.ImmutableSortedMap::size (8 bytes)
Event: 87.638 Thread 0x0000020b464fea10 nmethod 17620 0x0000020b3969e910 code [0x0000020b3969eaa0, 0x0000020b3969eb90]
Event: 87.644 Thread 0x0000020b46501080 17622       3       org.gradle.internal.execution.steps.IncrementalChangesContext::getChanges (8 bytes)
Event: 87.644 Thread 0x0000020b46501080 nmethod 17622 0x0000020b32bf3790 code [0x0000020b32bf3960, 0x0000020b32bf3c88]
Event: 87.644 Thread 0x0000020b46501080 17623       3       java.util.concurrent.ConcurrentHashMap$KeySetView::remove (17 bytes)
Event: 87.645 Thread 0x0000020b46501080 nmethod 17623 0x0000020b32bf3d90 code [0x0000020b32bf3f40, 0x0000020b32bf4160]
Event: 87.702 Thread 0x0000020b52381560 nmethod 17617 0x0000020b3969ec90 code [0x0000020b3969f1c0, 0x0000020b396a1f90]
Event: 87.737 Thread 0x0000020b46501080 17624       3       java.util.TimSort::ensureCapacity (77 bytes)
Event: 87.737 Thread 0x0000020b46501080 nmethod 17624 0x0000020b32bf4290 code [0x0000020b32bf44a0, 0x0000020b32bf4a38]
Event: 87.750 Thread 0x0000020b52381560 17625       4       com.android.builder.internal.aapt.v2.AaptV2CommandBuilder$makeLinkCommand$$inlined$sortedBy$1::compare (39 bytes)
Event: 87.752 Thread 0x0000020b52381560 nmethod 17625 0x0000020b396a5210 code [0x0000020b396a53c0, 0x0000020b396a56c8]
Event: 87.752 Thread 0x0000020b464fea10 17626       4       java.io.BufferedOutputStream::implWrite (71 bytes)
Event: 87.755 Thread 0x0000020b464fea10 nmethod 17626 0x0000020b396a5910 code [0x0000020b396a5ae0, 0x0000020b396a5e48]
Event: 87.758 Thread 0x0000020b52381560 17627   !   4       java.io.BufferedOutputStream::write (73 bytes)
Event: 87.765 Thread 0x0000020b52381560 nmethod 17627 0x0000020b396a6110 code [0x0000020b396a6380, 0x0000020b396a7018]
Event: 87.844 Thread 0x0000020b52380e90 nmethod 17502 0x0000020b396a7810 code [0x0000020b396a82e0, 0x0000020b396aef68]
Event: 89.542 Thread 0x0000020b52381560 17628       4       javax.management.ObjectName::construct (1135 bytes)

GC Heap History (20 events):
Event: 13.255 GC heap before
{Heap before GC invocations=42 (full 0):
 garbage-first heap   total 158720K, used 142153K [0x0000000080000000, 0x0000000100000000)
  region size 1024K, 45 young (46080K), 7 survivors (7168K)
 Metaspace       used 108404K, committed 110592K, reserved 1179648K
  class space    used 15401K, committed 16448K, reserved 1048576K
}
Event: 13.261 GC heap after
{Heap after GC invocations=43 (full 0):
 garbage-first heap   total 190464K, used 104858K [0x0000000080000000, 0x0000000100000000)
  region size 1024K, 4 young (4096K), 4 survivors (4096K)
 Metaspace       used 108404K, committed 110592K, reserved 1179648K
  class space    used 15401K, committed 16448K, reserved 1048576K
}
Event: 13.626 GC heap before
{Heap before GC invocations=44 (full 0):
 garbage-first heap   total 190464K, used 168346K [0x0000000080000000, 0x0000000100000000)
  region size 1024K, 67 young (68608K), 4 survivors (4096K)
 Metaspace       used 108455K, committed 110592K, reserved 1179648K
  class space    used 15406K, committed 16448K, reserved 1048576K
}
Event: 13.630 GC heap after
{Heap after GC invocations=45 (full 0):
 garbage-first heap   total 190464K, used 106496K [0x0000000080000000, 0x0000000100000000)
  region size 1024K, 5 young (5120K), 5 survivors (5120K)
 Metaspace       used 108455K, committed 110592K, reserved 1179648K
  class space    used 15406K, committed 16448K, reserved 1048576K
}
Event: 14.279 GC heap before
{Heap before GC invocations=45 (full 0):
 garbage-first heap   total 190464K, used 179200K [0x0000000080000000, 0x0000000100000000)
  region size 1024K, 69 young (70656K), 5 survivors (5120K)
 Metaspace       used 111777K, committed 113984K, reserved 1179648K
  class space    used 15733K, committed 16768K, reserved 1048576K
}
Event: 14.294 GC heap after
{Heap after GC invocations=46 (full 0):
 garbage-first heap   total 207872K, used 125952K [0x0000000080000000, 0x0000000100000000)
  region size 1024K, 9 young (9216K), 9 survivors (9216K)
 Metaspace       used 111777K, committed 113984K, reserved 1179648K
  class space    used 15733K, committed 16768K, reserved 1048576K
}
Event: 14.519 GC heap before
{Heap before GC invocations=46 (full 0):
 garbage-first heap   total 207872K, used 149504K [0x0000000080000000, 0x0000000100000000)
  region size 1024K, 33 young (33792K), 9 survivors (9216K)
 Metaspace       used 112246K, committed 114432K, reserved 1179648K
  class space    used 15777K, committed 16832K, reserved 1048576K
}
Event: 14.531 GC heap after
{Heap after GC invocations=47 (full 0):
 garbage-first heap   total 207872K, used 136714K [0x0000000080000000, 0x0000000100000000)
  region size 1024K, 7 young (7168K), 7 survivors (7168K)
 Metaspace       used 112246K, committed 114432K, reserved 1179648K
  class space    used 15777K, committed 16832K, reserved 1048576K
}
Event: 14.982 GC heap before
{Heap before GC invocations=48 (full 0):
 garbage-first heap   total 240640K, used 199178K [0x0000000080000000, 0x0000000100000000)
  region size 1024K, 44 young (45056K), 7 survivors (7168K)
 Metaspace       used 114849K, committed 117120K, reserved 1179648K
  class space    used 16068K, committed 17152K, reserved 1048576K
}
Event: 14.987 GC heap after
{Heap after GC invocations=49 (full 0):
 garbage-first heap   total 240640K, used 141366K [0x0000000080000000, 0x0000000100000000)
  region size 1024K, 4 young (4096K), 4 survivors (4096K)
 Metaspace       used 114849K, committed 117120K, reserved 1179648K
  class space    used 16068K, committed 17152K, reserved 1048576K
}
Event: 15.488 GC heap before
{Heap before GC invocations=49 (full 0):
 garbage-first heap   total 240640K, used 206902K [0x0000000080000000, 0x0000000100000000)
  region size 1024K, 69 young (70656K), 4 survivors (4096K)
 Metaspace       used 115198K, committed 117440K, reserved 1179648K
  class space    used 16112K, committed 17216K, reserved 1048576K
}
Event: 15.495 GC heap after
{Heap after GC invocations=50 (full 0):
 garbage-first heap   total 240640K, used 142096K [0x0000000080000000, 0x0000000100000000)
  region size 1024K, 6 young (6144K), 6 survivors (6144K)
 Metaspace       used 115198K, committed 117440K, reserved 1179648K
  class space    used 16112K, committed 17216K, reserved 1048576K
}
Event: 15.838 GC heap before
{Heap before GC invocations=50 (full 0):
 garbage-first heap   total 240640K, used 210704K [0x0000000080000000, 0x0000000100000000)
  region size 1024K, 74 young (75776K), 6 survivors (6144K)
 Metaspace       used 116370K, committed 118656K, reserved 1179648K
  class space    used 16247K, committed 17344K, reserved 1048576K
}
Event: 15.844 GC heap after
{Heap after GC invocations=51 (full 0):
 garbage-first heap   total 240640K, used 147385K [0x0000000080000000, 0x0000000100000000)
  region size 1024K, 10 young (10240K), 10 survivors (10240K)
 Metaspace       used 116370K, committed 118656K, reserved 1179648K
  class space    used 16247K, committed 17344K, reserved 1048576K
}
Event: 19.382 GC heap before
{Heap before GC invocations=52 (full 0):
 garbage-first heap   total 245760K, used 212921K [0x0000000080000000, 0x0000000100000000)
  region size 1024K, 75 young (76800K), 10 survivors (10240K)
 Metaspace       used 118851K, committed 121088K, reserved 1179648K
  class space    used 16588K, committed 17664K, reserved 1048576K
}
Event: 19.391 GC heap after
{Heap after GC invocations=53 (full 0):
 garbage-first heap   total 245760K, used 149299K [0x0000000080000000, 0x0000000100000000)
  region size 1024K, 5 young (5120K), 5 survivors (5120K)
 Metaspace       used 118851K, committed 121088K, reserved 1179648K
  class space    used 16588K, committed 17664K, reserved 1048576K
}
Event: 24.688 GC heap before
{Heap before GC invocations=53 (full 0):
 garbage-first heap   total 245760K, used 220979K [0x0000000080000000, 0x0000000100000000)
  region size 1024K, 75 young (76800K), 5 survivors (5120K)
 Metaspace       used 119591K, committed 121920K, reserved 1179648K
  class space    used 16656K, committed 17792K, reserved 1048576K
}
Event: 24.696 GC heap after
{Heap after GC invocations=54 (full 0):
 garbage-first heap   total 245760K, used 139797K [0x0000000080000000, 0x0000000100000000)
  region size 1024K, 10 young (10240K), 10 survivors (10240K)
 Metaspace       used 119591K, committed 121920K, reserved 1179648K
  class space    used 16656K, committed 17792K, reserved 1048576K
}
Event: 86.633 GC heap before
{Heap before GC invocations=54 (full 0):
 garbage-first heap   total 245760K, used 220693K [0x0000000080000000, 0x0000000100000000)
  region size 1024K, 90 young (92160K), 10 survivors (10240K)
 Metaspace       used 120034K, committed 122368K, reserved 1179648K
  class space    used 16667K, committed 17792K, reserved 1048576K
}
Event: 86.647 GC heap after
{Heap after GC invocations=55 (full 0):
 garbage-first heap   total 245760K, used 145251K [0x0000000080000000, 0x0000000100000000)
  region size 1024K, 11 young (11264K), 11 survivors (11264K)
 Metaspace       used 120034K, committed 122368K, reserved 1179648K
  class space    used 16667K, committed 17792K, reserved 1048576K
}

Dll operation events (3 events):
Event: 0.008 Loaded shared library C:\android2\jbr\bin\java.dll
Event: 0.011 Loaded shared library C:\android2\jbr\bin\zip.dll
Event: 0.431 Loaded shared library C:\android2\jbr\bin\verify.dll

Deoptimization events (20 events):
Event: 87.028 Thread 0x0000020b4ec4b8c0 DEOPT PACKING pc=0x0000020b326231f0 sp=0x000000a3835f89a0
Event: 87.028 Thread 0x0000020b4ec4b8c0 DEOPT UNPACKING pc=0x0000020b386d4e42 sp=0x000000a3835f7e40 mode 0
Event: 87.029 Thread 0x0000020b4ec4b8c0 DEOPT PACKING pc=0x0000020b326231f0 sp=0x000000a3835f8910
Event: 87.029 Thread 0x0000020b4ec4b8c0 DEOPT UNPACKING pc=0x0000020b386d4e42 sp=0x000000a3835f7db0 mode 0
Event: 87.169 Thread 0x0000020b5368d2d0 Uncommon trap: trap_request=0xffffffbe fr.pc=0x0000020b395dbc4c relative=0x0000000000000d4c
Event: 87.169 Thread 0x0000020b5368d2d0 Uncommon trap: reason=profile_predicate action=maybe_recompile pc=0x0000020b395dbc4c method=java.io.ObjectStreamClass$FieldReflector.getPrimFieldValues(Ljava/lang/Object;[B)V @ 19 c2
Event: 87.169 Thread 0x0000020b5368d2d0 DEOPT PACKING pc=0x0000020b395dbc4c sp=0x000000a3871fe270
Event: 87.169 Thread 0x0000020b5368d2d0 DEOPT UNPACKING pc=0x0000020b386d46a2 sp=0x000000a3871fe120 mode 2
Event: 87.509 Thread 0x0000020b5368b890 Uncommon trap: trap_request=0xffffff45 fr.pc=0x0000020b390f1914 relative=0x0000000000000134
Event: 87.509 Thread 0x0000020b5368b890 Uncommon trap: reason=unstable_if action=reinterpret pc=0x0000020b390f1914 method=com.google.common.cache.LocalCache.isExpired(Lcom/google/common/cache/ReferenceEntry;J)Z @ 9 c2
Event: 87.509 Thread 0x0000020b5368b890 DEOPT PACKING pc=0x0000020b390f1914 sp=0x000000a3873fa5c0
Event: 87.509 Thread 0x0000020b5368b890 DEOPT UNPACKING pc=0x0000020b386d46a2 sp=0x000000a3873fa4e8 mode 2
Event: 87.515 Thread 0x0000020b5368b890 Uncommon trap: trap_request=0xffffffc6 fr.pc=0x0000020b392c9b18 relative=0x0000000000001cf8
Event: 87.515 Thread 0x0000020b5368b890 Uncommon trap: reason=bimorphic_or_optimized_type_check action=maybe_recompile pc=0x0000020b392c9b18 method=com.google.common.cache.LocalCache$Segment.storeLoadedValue(Ljava/lang/Object;ILcom/google/common/cache/LocalCache$LoadingValueReference;Ljava/lang
Event: 87.515 Thread 0x0000020b5368b890 DEOPT PACKING pc=0x0000020b392c9b18 sp=0x000000a3873fa200
Event: 87.515 Thread 0x0000020b5368b890 DEOPT UNPACKING pc=0x0000020b386d46a2 sp=0x000000a3873fa198 mode 2
Event: 89.429 Thread 0x0000020b50840eb0 Uncommon trap: trap_request=0xffffff45 fr.pc=0x0000020b393e2d7c relative=0x00000000000012fc
Event: 89.429 Thread 0x0000020b50840eb0 Uncommon trap: reason=unstable_if action=reinterpret pc=0x0000020b393e2d7c method=java.io.BufferedReader.implReadLine(Z[Z)Ljava/lang/String; @ 269 c2
Event: 89.429 Thread 0x0000020b50840eb0 DEOPT PACKING pc=0x0000020b393e2d7c sp=0x000000a3899ff230
Event: 89.429 Thread 0x0000020b50840eb0 DEOPT UNPACKING pc=0x0000020b386d46a2 sp=0x000000a3899ff200 mode 2

Classes loaded (20 events):
Event: 19.240 Loading class com/sun/jmx/mbeanserver/StandardMBeanSupport
Event: 19.240 Loading class com/sun/jmx/mbeanserver/StandardMBeanSupport done
Event: 19.240 Loading class com/sun/jmx/mbeanserver/StandardMBeanIntrospector
Event: 19.241 Loading class com/sun/jmx/mbeanserver/StandardMBeanIntrospector done
Event: 19.242 Loading class sun/reflect/misc/MethodUtil
Event: 19.243 Loading class sun/reflect/misc/MethodUtil done
Event: 19.243 Loading class sun/reflect/misc/MethodUtil$1
Event: 19.243 Loading class sun/reflect/misc/MethodUtil$1 done
Event: 19.492 Loading class java/io/NotSerializableException
Event: 19.492 Loading class java/io/NotSerializableException done
Event: 19.501 Loading class java/util/Collections$EmptyListIterator
Event: 19.501 Loading class java/util/Collections$EmptyListIterator done
Event: 19.578 Loading class java/net/UrlDeserializedState
Event: 19.578 Loading class java/net/UrlDeserializedState done
Event: 19.593 Loading class java/util/concurrent/CompletableFuture$AsyncRun
Event: 19.594 Loading class java/util/concurrent/CompletableFuture$AsyncRun done
Event: 19.594 Loading class java/util/concurrent/ForkJoinTask$Aux
Event: 19.594 Loading class java/util/concurrent/ForkJoinTask$Aux done
Event: 23.982 Loading class jdk/internal/math/FormattedFPDecimal
Event: 23.982 Loading class jdk/internal/math/FormattedFPDecimal done

Classes unloaded (0 events):
No events

Classes redefined (0 events):
No events

Internal exceptions (20 events):
Event: 87.172 Thread 0x0000020b5368b890 Exception <a 'sun/nio/fs/WindowsException'{0x000000008c748840}> (0x000000008c748840) 
thrown [s\src\hotspot\share\prims\jni.cpp, line 537]
Event: 87.529 Thread 0x0000020b5368b890 Exception <a 'sun/nio/fs/WindowsException'{0x000000008b2bc410}> (0x000000008b2bc410) 
thrown [s\src\hotspot\share\prims\jni.cpp, line 537]
Event: 87.529 Thread 0x0000020b5368b890 Exception <a 'sun/nio/fs/WindowsException'{0x000000008b2bd630}> (0x000000008b2bd630) 
thrown [s\src\hotspot\share\prims\jni.cpp, line 537]
Event: 87.529 Thread 0x0000020b5368b890 Exception <a 'sun/nio/fs/WindowsException'{0x000000008b2bdaf0}> (0x000000008b2bdaf0) 
thrown [s\src\hotspot\share\prims\jni.cpp, line 537]
Event: 87.529 Thread 0x0000020b5368b890 Exception <a 'sun/nio/fs/WindowsException'{0x000000008b2bef90}> (0x000000008b2bef90) 
thrown [s\src\hotspot\share\prims\jni.cpp, line 537]
Event: 87.529 Thread 0x0000020b5368b890 Exception <a 'sun/nio/fs/WindowsException'{0x000000008b2c0190}> (0x000000008b2c0190) 
thrown [s\src\hotspot\share\prims\jni.cpp, line 537]
Event: 87.529 Thread 0x0000020b5368b890 Exception <a 'sun/nio/fs/WindowsException'{0x000000008b2c0328}> (0x000000008b2c0328) 
thrown [s\src\hotspot\share\prims\jni.cpp, line 537]
Event: 87.529 Thread 0x0000020b5368b890 Exception <a 'sun/nio/fs/WindowsException'{0x000000008b2c1780}> (0x000000008b2c1780) 
thrown [s\src\hotspot\share\prims\jni.cpp, line 537]
Event: 87.529 Thread 0x0000020b5368b890 Exception <a 'sun/nio/fs/WindowsException'{0x000000008b2c2998}> (0x000000008b2c2998) 
thrown [s\src\hotspot\share\prims\jni.cpp, line 537]
Event: 87.529 Thread 0x0000020b5368b890 Exception <a 'sun/nio/fs/WindowsException'{0x000000008b2c2b48}> (0x000000008b2c2b48) 
thrown [s\src\hotspot\share\prims\jni.cpp, line 537]
Event: 87.529 Thread 0x0000020b5368b890 Exception <a 'sun/nio/fs/WindowsException'{0x000000008b2c3f40}> (0x000000008b2c3f40) 
thrown [s\src\hotspot\share\prims\jni.cpp, line 537]
Event: 87.529 Thread 0x0000020b5368b890 Exception <a 'sun/nio/fs/WindowsException'{0x000000008b2c5128}> (0x000000008b2c5128) 
thrown [s\src\hotspot\share\prims\jni.cpp, line 537]
Event: 87.529 Thread 0x0000020b5368b890 Exception <a 'sun/nio/fs/WindowsException'{0x000000008b2c52a8}> (0x000000008b2c52a8) 
thrown [s\src\hotspot\share\prims\jni.cpp, line 537]
Event: 87.530 Thread 0x0000020b5368b890 Exception <a 'sun/nio/fs/WindowsException'{0x000000008b2c6918}> (0x000000008b2c6918) 
thrown [s\src\hotspot\share\prims\jni.cpp, line 537]
Event: 87.535 Thread 0x0000020b5368bf20 Exception <a 'sun/nio/fs/WindowsException'{0x000000008b111500}> (0x000000008b111500) 
thrown [s\src\hotspot\share\prims\jni.cpp, line 537]
Event: 87.545 Thread 0x0000020b5368bf20 Exception <a 'sun/nio/fs/WindowsException'{0x000000008b02af80}> (0x000000008b02af80) 
thrown [s\src\hotspot\share\prims\jni.cpp, line 537]
Event: 87.545 Thread 0x0000020b5368bf20 Exception <a 'sun/nio/fs/WindowsException'{0x000000008b02cf60}> (0x000000008b02cf60) 
thrown [s\src\hotspot\share\prims\jni.cpp, line 537]
Event: 87.621 Thread 0x0000020b5368bf20 Exception <a 'sun/nio/fs/WindowsException'{0x000000008aa3cd98}> (0x000000008aa3cd98) 
thrown [s\src\hotspot\share\prims\jni.cpp, line 537]
Event: 87.621 Thread 0x0000020b5368bf20 Exception <a 'sun/nio/fs/WindowsException'{0x000000008aa3f0f0}> (0x000000008aa3f0f0) 
thrown [s\src\hotspot\share\prims\jni.cpp, line 537]
Event: 87.636 Thread 0x0000020b5368bf20 Exception <a 'sun/nio/fs/WindowsException'{0x000000008a9259c0}> (0x000000008a9259c0) 
thrown [s\src\hotspot\share\prims\jni.cpp, line 537]

ZGC Phase Switch (0 events):
No events

VM Operations (20 events):
Event: 36.213 Executing VM operation: Cleanup
Event: 36.213 Executing VM operation: Cleanup done
Event: 60.257 Executing VM operation: HandshakeAllThreads (HandshakeForDeflation)
Event: 60.258 Executing VM operation: HandshakeAllThreads (HandshakeForDeflation) done
Event: 60.258 Executing VM operation: RendezvousGCThreads
Event: 60.258 Executing VM operation: RendezvousGCThreads done
Event: 69.352 Executing VM operation: Cleanup
Event: 69.352 Executing VM operation: Cleanup done
Event: 79.467 Executing VM operation: Cleanup
Event: 79.467 Executing VM operation: Cleanup done
Event: 86.538 Executing VM operation: Cleanup
Event: 86.538 Executing VM operation: Cleanup done
Event: 86.633 Executing VM operation: G1CollectForAllocation (G1 Evacuation Pause)
Event: 86.647 Executing VM operation: G1CollectForAllocation (G1 Evacuation Pause) done
Event: 87.003 Executing VM operation: ICBufferFull
Event: 87.003 Executing VM operation: ICBufferFull done
Event: 87.297 Executing VM operation: ICBufferFull
Event: 87.297 Executing VM operation: ICBufferFull done
Event: 88.305 Executing VM operation: Cleanup
Event: 88.306 Executing VM operation: Cleanup done

Memory protections (0 events):
No events

Nmethod flushes (20 events):
Event: 15.912 Thread 0x0000020b462c3b80 flushing  nmethod 0x0000020b318aa590
Event: 15.912 Thread 0x0000020b462c3b80 flushing  nmethod 0x0000020b319a7f90
Event: 15.912 Thread 0x0000020b462c3b80 flushing  nmethod 0x0000020b319a8310
Event: 15.912 Thread 0x0000020b462c3b80 flushing  nmethod 0x0000020b31b4d710
Event: 15.912 Thread 0x0000020b462c3b80 flushing  nmethod 0x0000020b31bd6790
Event: 15.912 Thread 0x0000020b462c3b80 flushing  nmethod 0x0000020b31d38a90
Event: 15.912 Thread 0x0000020b462c3b80 flushing  nmethod 0x0000020b31e84890
Event: 15.912 Thread 0x0000020b462c3b80 flushing  nmethod 0x0000020b31e8f810
Event: 15.912 Thread 0x0000020b462c3b80 flushing  nmethod 0x0000020b31fe1990
Event: 15.912 Thread 0x0000020b462c3b80 flushing  nmethod 0x0000020b31fe2810
Event: 15.912 Thread 0x0000020b462c3b80 flushing  nmethod 0x0000020b3243ac90
Event: 15.912 Thread 0x0000020b462c3b80 flushing  nmethod 0x0000020b3243cb90
Event: 15.912 Thread 0x0000020b462c3b80 flushing  nmethod 0x0000020b32444910
Event: 15.912 Thread 0x0000020b462c3b80 flushing  nmethod 0x0000020b32446390
Event: 15.912 Thread 0x0000020b462c3b80 flushing  nmethod 0x0000020b32532410
Event: 15.912 Thread 0x0000020b462c3b80 flushing  nmethod 0x0000020b32534610
Event: 15.912 Thread 0x0000020b462c3b80 flushing  nmethod 0x0000020b32534b10
Event: 15.912 Thread 0x0000020b462c3b80 flushing  nmethod 0x0000020b325a8090
Event: 15.912 Thread 0x0000020b462c3b80 flushing  nmethod 0x0000020b325aef90
Event: 15.912 Thread 0x0000020b462c3b80 flushing  nmethod 0x0000020b325af990

Events (20 events):
Event: 87.303 Thread 0x0000020b5368b890 Thread added: 0x0000020b504970a0
Event: 87.303 Thread 0x0000020b5368b890 Thread added: 0x0000020b50497dc0
Event: 87.303 Thread 0x0000020b5368b890 Thread added: 0x0000020b50497730
Event: 87.495 Thread 0x0000020b5368b890 Thread added: 0x0000020b50496380
Event: 87.531 Thread 0x0000020b5368b890 Thread added: 0x0000020b50496a10
Event: 87.551 Thread 0x0000020b5368bf20 Thread added: 0x0000020b50494fd0
Event: 87.552 Thread 0x0000020b5368bf20 Thread added: 0x0000020b50498ae0
Event: 87.552 Thread 0x0000020b5368bf20 Thread added: 0x0000020b50495cf0
Event: 87.552 Thread 0x0000020b5368bf20 Thread added: 0x0000020b50499e90
Event: 87.552 Thread 0x0000020b5368bf20 Thread added: 0x0000020b5049a520
Event: 87.552 Thread 0x0000020b5368bf20 Thread added: 0x0000020b5049abb0
Event: 87.553 Thread 0x0000020b5368bf20 Thread added: 0x0000020b5049bf60
Event: 87.553 Thread 0x0000020b5368bf20 Thread added: 0x0000020b50499170
Event: 87.553 Thread 0x0000020b5368bf20 Thread added: 0x0000020b5049b240
Event: 87.553 Thread 0x0000020b5368bf20 Thread added: 0x0000020b5049b8d0
Event: 87.553 Thread 0x0000020b5368bf20 Thread added: 0x0000020b5049c5f0
Event: 87.554 Thread 0x0000020b50496a10 Thread added: 0x0000020b50840820
Event: 87.570 Thread 0x0000020b50496a10 Thread added: 0x0000020b50840eb0
Event: 87.570 Thread 0x0000020b50496a10 Thread added: 0x0000020b50841540
Event: 89.542 Thread 0x0000020b52380e90 Thread exited: 0x0000020b52380e90


Dynamic libraries:
0x00007ff6a3eb0000 - 0x00007ff6a3eba000 	C:\android2\jbr\bin\java.exe
0x00007ffcdaec0000 - 0x00007ffcdb127000 	C:\WINDOWS\SYSTEM32\ntdll.dll
0x00007ffcd9eb0000 - 0x00007ffcd9f79000 	C:\WINDOWS\System32\KERNEL32.DLL
0x00007ffcd7db0000 - 0x00007ffcd81a4000 	C:\WINDOWS\System32\KERNELBASE.dll
0x00007ffcd7bb0000 - 0x00007ffcd7cfb000 	C:\WINDOWS\System32\ucrtbase.dll
0x00007ffcd28c0000 - 0x00007ffcd28db000 	C:\android2\jbr\bin\VCRUNTIME140.dll
0x00007ffcc5300000 - 0x00007ffcc5318000 	C:\android2\jbr\bin\jli.dll
0x00007ffcd9be0000 - 0x00007ffcd9da5000 	C:\WINDOWS\System32\USER32.dll
0x00007ffcb99d0000 - 0x00007ffcb9c63000 	C:\WINDOWS\WinSxS\amd64_microsoft.windows.common-controls_6595b64144ccf1df_6.0.26100.8115_none_3e075c82e3354f9c\COMCTL32.dll
0x00007ffcd7790000 - 0x00007ffcd77b7000 	C:\WINDOWS\System32\win32u.dll
0x00007ffcda040000 - 0x00007ffcda0e9000 	C:\WINDOWS\System32\msvcrt.dll
0x00007ffcda310000 - 0x00007ffcda33b000 	C:\WINDOWS\System32\GDI32.dll
0x00007ffcd7880000 - 0x00007ffcd79ab000 	C:\WINDOWS\System32\gdi32full.dll
0x00007ffcd7d00000 - 0x00007ffcd7da3000 	C:\WINDOWS\System32\msvcp_win.dll
0x00007ffcd9e70000 - 0x00007ffcd9ea2000 	C:\WINDOWS\System32\IMM32.DLL
0x00007ffcd2df0000 - 0x00007ffcd2dfc000 	C:\android2\jbr\bin\vcruntime140_1.dll
0x00007ffc9efc0000 - 0x00007ffc9f04d000 	C:\android2\jbr\bin\msvcp140.dll
0x00007ffc5d740000 - 0x00007ffc5e3d6000 	C:\android2\jbr\bin\server\jvm.dll
0x00007ffcd9db0000 - 0x00007ffcd9e66000 	C:\WINDOWS\System32\ADVAPI32.dll
0x00007ffcd9f80000 - 0x00007ffcda027000 	C:\WINDOWS\System32\sechost.dll
0x00007ffcda1f0000 - 0x00007ffcda308000 	C:\WINDOWS\System32\RPCRT4.dll
0x00007ffcd9760000 - 0x00007ffcd97e0000 	C:\WINDOWS\System32\WS2_32.dll
0x00007ffcd7610000 - 0x00007ffcd766e000 	C:\WINDOWS\SYSTEM32\POWRPROF.dll
0x00007ffcb8630000 - 0x00007ffcb863b000 	C:\WINDOWS\SYSTEM32\VERSION.dll
0x00007ffccf880000 - 0x00007ffccf8b6000 	C:\WINDOWS\SYSTEM32\WINMM.dll
0x00007ffcd75f0000 - 0x00007ffcd7604000 	C:\WINDOWS\SYSTEM32\UMPDC.dll
0x00007ffcd6520000 - 0x00007ffcd653b000 	C:\WINDOWS\SYSTEM32\kernel.appcore.dll
0x00007ffcd2a80000 - 0x00007ffcd2a8a000 	C:\android2\jbr\bin\jimage.dll
0x00007ffcd5730000 - 0x00007ffcd5972000 	C:\WINDOWS\SYSTEM32\DBGHELP.DLL
0x00007ffcd93d0000 - 0x00007ffcd9752000 	C:\WINDOWS\System32\combase.dll
0x00007ffcd9a90000 - 0x00007ffcd9b68000 	C:\WINDOWS\System32\OLEAUT32.dll
0x00007ffcb7310000 - 0x00007ffcb734b000 	C:\WINDOWS\SYSTEM32\dbgcore.DLL
0x00007ffcd81b0000 - 0x00007ffcd8255000 	C:\WINDOWS\System32\bcryptPrimitives.dll
0x00007ffcc5790000 - 0x00007ffcc579e000 	C:\android2\jbr\bin\instrument.dll
0x00007ffcd2870000 - 0x00007ffcd2890000 	C:\android2\jbr\bin\java.dll
0x00007ffcc9530000 - 0x00007ffcc9548000 	C:\android2\jbr\bin\zip.dll
0x00007ffcd8c50000 - 0x00007ffcd93b7000 	C:\WINDOWS\System32\SHELL32.dll
0x00007ffcd7a40000 - 0x00007ffcd7baa000 	C:\WINDOWS\System32\wintypes.dll
0x00007ffcd8260000 - 0x00007ffcd8ac8000 	C:\WINDOWS\System32\windows.storage.dll
0x00007ffcda0f0000 - 0x00007ffcda1e8000 	C:\WINDOWS\System32\SHCORE.dll
0x00007ffcd9b70000 - 0x00007ffcd9bd6000 	C:\WINDOWS\System32\shlwapi.dll
0x00007ffcd76b0000 - 0x00007ffcd76d9000 	C:\WINDOWS\SYSTEM32\profapi.dll
0x00007ffcc6bb0000 - 0x00007ffcc6bc0000 	C:\android2\jbr\bin\net.dll
0x00007ffcd1ac0000 - 0x00007ffcd1bed000 	C:\WINDOWS\SYSTEM32\WINHTTP.dll
0x00007ffcd6a90000 - 0x00007ffcd6afc000 	C:\WINDOWS\system32\mswsock.dll
0x00007ffcc65d0000 - 0x00007ffcc65e6000 	C:\android2\jbr\bin\nio.dll
0x00007ffcc5a00000 - 0x00007ffcc5a10000 	C:\android2\jbr\bin\verify.dll
0x00007ffcc3480000 - 0x00007ffcc34a7000 	C:\Users\Mica\.gradle\native\1def1411415f61bf3af743bc5b6707747c0891f09f0c88961ee8f79bc544acac\windows-amd64\native-platform.dll
0x00007ffcc24f0000 - 0x00007ffcc2568000 	C:\Users\Mica\.gradle\native\0.2.7\x86_64-windows-gnu\gradle-fileevents.dll
0x00007ffcc6690000 - 0x00007ffcc6699000 	C:\android2\jbr\bin\management.dll
0x00007ffcc65c0000 - 0x00007ffcc65cb000 	C:\android2\jbr\bin\management_ext.dll
0x00007ffcda030000 - 0x00007ffcda038000 	C:\WINDOWS\System32\PSAPI.DLL
0x00007ffcd5ee0000 - 0x00007ffcd5f12000 	C:\WINDOWS\SYSTEM32\IPHLPAPI.DLL
0x00007ffcda5a0000 - 0x00007ffcda5aa000 	C:\WINDOWS\System32\NSI.dll
0x00007ffcc68e0000 - 0x00007ffcc68e9000 	C:\android2\jbr\bin\extnet.dll
0x00007ffcd6d70000 - 0x00007ffcd6d8b000 	C:\WINDOWS\SYSTEM32\CRYPTSP.dll
0x00007ffcd6480000 - 0x00007ffcd64b9000 	C:\WINDOWS\system32\rsaenh.dll
0x00007ffcd6b40000 - 0x00007ffcd6b73000 	C:\WINDOWS\SYSTEM32\USERENV.dll
0x00007ffcd7680000 - 0x00007ffcd76aa000 	C:\WINDOWS\SYSTEM32\bcrypt.dll
0x00007ffcd6d90000 - 0x00007ffcd6d9c000 	C:\WINDOWS\SYSTEM32\CRYPTBASE.dll
0x00007ffc98490000 - 0x00007ffc98498000 	C:\WINDOWS\system32\wshunix.dll
0x00007ffcd6640000 - 0x00007ffcd6676000 	C:\WINDOWS\SYSTEM32\ntmarta.dll

JVMTI agents:
C:\Users\Mica\.gradle\wrapper\dists\gradle-8.13-bin\5xuhj0ry160q40clulazy9h7d\gradle-8.13\lib\agents\gradle-instrumentation-agent-8.13.jar path:C:\android2\jbr\bin\instrument.dll, loaded, initialized, instrumentlib options:none

dbghelp: loaded successfully - version: 4.0.5 - missing functions: none
symbol engine: initialized successfully - sym options: 0x614 - pdb path: .;C:\android2\jbr\bin;C:\WINDOWS\SYSTEM32;C:\WINDOWS\WinSxS\amd64_microsoft.windows.common-controls_6595b64144ccf1df_6.0.26100.8115_none_3e075c82e3354f9c;C:\android2\jbr\bin\server;C:\Users\Mica\.gradle\native\1def1411415f61bf3af743bc5b6707747c0891f09f0c88961ee8f79bc544acac\windows-amd64;C:\Users\Mica\.gradle\native\0.2.7\x86_64-windows-gnu

VM Arguments:
jvm_args: --add-opens=java.base/java.lang=ALL-UNNAMED --add-opens=java.base/java.lang.invoke=ALL-UNNAMED --add-opens=java.base/java.util=ALL-UNNAMED --add-opens=java.prefs/java.util.prefs=ALL-UNNAMED --add-exports=jdk.compiler/com.sun.tools.javac.api=ALL-UNNAMED --add-exports=jdk.compiler/com.sun.tools.javac.util=ALL-UNNAMED --add-opens=java.base/java.util=ALL-UNNAMED --add-opens=java.prefs/java.util.prefs=ALL-UNNAMED --add-opens=java.base/java.nio.charset=ALL-UNNAMED --add-opens=java.base/java.net=ALL-UNNAMED --add-opens=java.base/java.util.concurrent.atomic=ALL-UNNAMED --add-opens=java.xml/javax.xml.namespace=ALL-UNNAMED -Xmx2048m -Dfile.encoding=UTF-8 -Duser.country=PH -Duser.language=en -Duser.variant -javaagent:C:\Users\Mica\.gradle\wrapper\dists\gradle-8.13-bin\5xuhj0ry160q40clulazy9h7d\gradle-8.13\lib\agents\gradle-instrumentation-agent-8.13.jar 
java_command: org.gradle.launcher.daemon.bootstrap.GradleDaemon 8.13
java_class_path (initial): C:\Users\Mica\.gradle\wrapper\dists\gradle-8.13-bin\5xuhj0ry160q40clulazy9h7d\gradle-8.13\lib\gradle-daemon-main-8.13.jar
Launcher Type: SUN_STANDARD

[Global flags]
     intx CICompilerCount                          = 4                                         {product} {ergonomic}
     uint ConcGCThreads                            = 3                                         {product} {ergonomic}
     uint G1ConcRefinementThreads                  = 10                                        {product} {ergonomic}
   size_t G1HeapRegionSize                         = 1048576                                   {product} {ergonomic}
    uintx GCDrainStackTargetSize                   = 64                                        {product} {ergonomic}
   size_t InitialHeapSize                          = 130023424                                 {product} {ergonomic}
   size_t MarkStackSize                            = 4194304                                   {product} {ergonomic}
   size_t MaxHeapSize                              = 2147483648                                {product} {command line}
   size_t MaxNewSize                               = 1287651328                                {product} {ergonomic}
   size_t MinHeapDeltaBytes                        = 1048576                                   {product} {ergonomic}
   size_t MinHeapSize                              = 8388608                                   {product} {ergonomic}
    uintx NonNMethodCodeHeapSize                   = 5839372                                {pd product} {ergonomic}
    uintx NonProfiledCodeHeapSize                  = 122909434                              {pd product} {ergonomic}
    uintx ProfiledCodeHeapSize                     = 122909434                              {pd product} {ergonomic}
    uintx ReservedCodeCacheSize                    = 251658240                              {pd product} {ergonomic}
     bool SegmentedCodeCache                       = true                                      {product} {ergonomic}
   size_t SoftMaxHeapSize                          = 2147483648                             {manageable} {ergonomic}
     bool UseCompressedOops                        = true                           {product lp64_product} {ergonomic}
     bool UseG1GC                                  = true                                      {product} {ergonomic}
     bool UseLargePagesIndividualAllocation        = false                                  {pd product} {ergonomic}

Logging:
Log output configuration:
 #0: stdout all=warning uptime,level,tags foldmultilines=false
 #1: stderr all=off uptime,level,tags foldmultilines=false

Environment Variables:
PATH=C:\WINDOWS\system32;C:\WINDOWS;C:\WINDOWS\System32\Wbem;C:\WINDOWS\System32\WindowsPowerShell\v1.0\;C:\WINDOWS\System32\OpenSSH\;C:\MinGW\bin;C:\Program Files\Java;C:\Program Files\Java\jdk1.8.0_351\bin;C:\MinGW;C:\jdk-25_windows-x64_bin;C:\Program Files\Git\cmd;C:\Program Files\MySQL\MySQL Shell 8.0\bin\;C:\Users\Mica\AppData\Local\Microsoft\WindowsApps;C:\Users\Mica\AppData\Local\Programs\Microsoft VS Code\bin;C:\MinGW;C:\jdk-25_windows-x64_bin\jdk-25
USERNAME=Mica
OS=Windows_NT
PROCESSOR_IDENTIFIER=Intel64 Family 6 Model 186 Stepping 3, GenuineIntel
TMP=C:\Users\Mica\AppData\Local\Temp
TEMP=C:\Users\Mica\AppData\Local\Temp




Periodic native trim disabled

JNI global refs:
JNI global refs: 27, weak refs: 0

JNI global refs memory usage: 835, weak refs: 201

Process memory usage:
Resident Set Size: 560404K (6% of 8069112K total physical memory with 644952K free physical memory)

OOME stack traces (most recent first):
Classloader memory used:
Loader org.gradle.internal.classloader.VisitableURLClassLoader                         : 45277K
Loader bootstrap                                                                       : 30992K
Loader org.gradle.internal.classloader.VisitableURLClassLoader$InstrumentingVisitableURLClassLoader: 29204K
Loader org.gradle.initialization.MixInLegacyTypesClassLoader                           : 13270K
Loader jdk.internal.reflect.DelegatingClassLoader                                      : 523K
Loader jdk.internal.loader.ClassLoaders$PlatformClassLoader                            : 518K
Loader jdk.internal.loader.ClassLoaders$AppClassLoader                                 : 235K
Loader org.gradle.internal.classloader.VisitableURLClassLoader                         : 160K
Loader org.gradle.groovy.scripts.internal.DefaultScriptCompilationHandler$ScriptClassLoader: 135K
Loader org.codehaus.groovy.runtime.callsite.CallSiteClassLoader                        : 27632B
Loader sun.reflect.misc.MethodUtil                                                     : 3024B

Classes loaded by more than one classloader:
Class Program                                                                         : loaded 5 times (x 72B)
Class Build_gradle                                                                    : loaded 3 times (x 130B)
Class Build_gradle$1                                                                  : loaded 3 times (x 74B)
Class ijKotlinCoroutineJvmDebugInit1_5heortybpb2eo1dafnmtj4ity$_run_closure1          : loaded 2 times (x 139B)
Class org.gradle.internal.classloader.FilteringClassLoader                            : loaded 2 times (x 105B)
Class [Lcom.google.common.collect.MapMakerInternalMap$Segment;                        : loaded 2 times (x 69B)
Class com.google.common.io.FileWriteMode                                              : loaded 2 times (x 79B)
Class [Lcom.google.common.base.AbstractIterator$State;                                : loaded 2 times (x 69B)
Class com.google.common.base.CharMatcher$IsEither                                     : loaded 2 times (x 111B)
Class org.gradle.internal.classloader.ClassLoaderHierarchy                            : loaded 2 times (x 70B)
Class com.google.common.collect.AbstractMapBasedMultimap$WrappedCollection            : loaded 2 times (x 124B)
Class com.google.common.collect.ImmutableEnumSet                                      : loaded 2 times (x 146B)
Class com.google.common.util.concurrent.ExecutionError                                : loaded 2 times (x 82B)
Class com.google.common.collect.ImmutableList$1                                       : loaded 2 times (x 97B)
Class org.gradle.api.internal.classpath.ManifestUtil                                  : loaded 2 times (x 71B)
Class com.google.common.collect.RegularImmutableMap                                   : loaded 2 times (x 121B)
Class com.google.common.collect.ImmutableMap$MapViewOfValuesAsSingletonSets           : loaded 2 times (x 126B)
Class com.google.common.reflect.TypeCapture                                           : loaded 2 times (x 71B)
Class com.google.common.collect.TransformedListIterator                               : loaded 2 times (x 93B)
Class [Lorg.objectweb.asm.Symbol;                                                     : loaded 2 times (x 69B)
Class org.objectweb.asm.ClassVisitor                                                  : loaded 2 times (x 88B)
Class com.google.common.collect.UnmodifiableListIterator                              : loaded 2 times (x 95B)
Class com.google.common.collect.MapMakerInternalMap$StrongKeyDummyValueEntry$LinkedStrongKeyDummyValueEntry: loaded 2 times (x 82B)
Class com.google.common.collect.MapMakerInternalMap$Strength                          : loaded 2 times (x 80B)
Class com.google.common.base.Platform$JdkPatternCompiler                              : loaded 2 times (x 75B)
Class org.objectweb.asm.MethodTooLargeException                                       : loaded 2 times (x 83B)
Class [Lcom.google.common.cache.CacheBuilder$OneWeigher;                              : loaded 2 times (x 69B)
Class com.google.common.base.Suppliers                                                : loaded 2 times (x 71B)
Class org.gradle.internal.classloader.DefaultClassLoaderFactory                       : loaded 2 times (x 82B)
Class [Lcom.google.common.collect.AbstractIterator$State;                             : loaded 2 times (x 69B)
Class com.google.common.base.CharMatcher$None                                         : loaded 2 times (x 112B)
Class org.gradle.internal.classloader.ClassLoaderVisitor                              : loaded 2 times (x 76B)
Class [Lcom.google.common.collect.ImmutableMapEntry;                                  : loaded 2 times (x 69B)
Class org.gradle.api.internal.classpath.EffectiveClassPath                            : loaded 2 times (x 90B)
Class com.google.common.collect.ImmutableRangeSet                                     : loaded 2 times (x 115B)
Class com.google.common.collect.ListMultimap                                          : loaded 2 times (x 70B)
Class com.google.common.collect.ImmutableEnumMap                                      : loaded 2 times (x 126B)
Class com.google.common.collect.Iterators$EmptyModifiableIterator                     : loaded 2 times (x 86B)
Class com.google.common.base.Splitter                                                 : loaded 2 times (x 72B)
Class com.google.common.collect.Sets$1                                                : loaded 2 times (x 139B)
Class org.objectweb.asm.AnnotationVisitor                                             : loaded 2 times (x 78B)
Class org.gradle.api.internal.DefaultClassPathProvider                                : loaded 2 times (x 76B)
Class com.google.common.collect.MapMakerInternalMap$Strength$1                        : loaded 2 times (x 80B)
Class com.google.common.collect.Maps$ViewCachingAbstractMap                           : loaded 2 times (x 125B)
Class com.google.common.collect.Sets$2                                                : loaded 2 times (x 139B)
Class [Lorg.gradle.api.internal.ClassPathProvider;                                    : loaded 2 times (x 69B)
Class org.gradle.api.internal.ClassPathProvider                                       : loaded 2 times (x 70B)
Class com.google.common.reflect.Types$ClassOwnership$1                                : loaded 2 times (x 80B)
Class com.google.common.collect.MapMakerInternalMap$Strength$2                        : loaded 2 times (x 80B)
Class com.google.common.base.AbstractIterator$State                                   : loaded 2 times (x 79B)
Class [Lorg.objectweb.asm.AnnotationVisitor;                                          : loaded 2 times (x 69B)
Class com.google.common.collect.Sets$3                                                : loaded 2 times (x 139B)
Class com.google.common.util.concurrent.AbstractFuture$SafeAtomicHelper               : loaded 2 times (x 79B)
Class com.google.common.cache.LocalCache$LocalLoadingCache                            : loaded 2 times (x 134B)
Class org.gradle.internal.service.UnknownServiceException                             : loaded 2 times (x 83B)
Class com.google.common.reflect.Types$ClassOwnership$2                                : loaded 2 times (x 80B)
Class com.google.common.reflect.TypeResolver                                          : loaded 2 times (x 72B)
Class com.google.common.collect.MapMakerInternalMap$StrongValueEntry                  : loaded 2 times (x 70B)
Class com.google.common.collect.Sets$4                                                : loaded 2 times (x 139B)
Class org.objectweb.asm.ModuleVisitor                                                 : loaded 2 times (x 81B)
Class com.google.common.cache.LocalCache$Strength$1                                   : loaded 2 times (x 81B)
Class com.google.common.reflect.Types$ClassOwnership$3                                : loaded 2 times (x 71B)
Class com.google.common.util.concurrent.SettableFuture                                : loaded 2 times (x 114B)
Class com.google.common.cache.LocalCache$Strength$2                                   : loaded 2 times (x 81B)
Class com.google.common.collect.Interners$InternerImpl                                : loaded 2 times (x 75B)
Class com.google.common.collect.Interner                                              : loaded 2 times (x 70B)
Class com.google.common.collect.TransformedIterator                                   : loaded 2 times (x 80B)
Class com.google.common.base.Splitter$1                                               : loaded 2 times (x 77B)
Class com.google.common.cache.LocalCache$Strength$3                                   : loaded 2 times (x 81B)
Class com.google.common.collect.MapDifference                                         : loaded 2 times (x 70B)
Class com.google.common.reflect.Invokable                                             : loaded 2 times (x 103B)
Class com.google.common.collect.MapMaker$Dummy                                        : loaded 2 times (x 79B)
Class org.objectweb.asm.FieldWriter                                                   : loaded 2 times (x 78B)
Class com.google.common.cache.CacheBuilder$NullListener                               : loaded 2 times (x 82B)
Class org.gradle.internal.classpath.TransformedClassPath                              : loaded 2 times (x 96B)
Class org.gradle.internal.classloader.InstrumentingClassLoader                        : loaded 2 times (x 70B)
Class com.google.common.reflect.Types$ParameterizedTypeImpl                           : loaded 2 times (x 81B)
Class com.google.common.collect.ImmutableRangeSet$AsSet                               : loaded 2 times (x 300B)
Class com.google.common.cache.CacheLoader$FunctionToCacheLoader                       : loaded 2 times (x 75B)
Class com.google.common.collect.Iterators$ArrayItr                                    : loaded 2 times (x 97B)
Class com.google.common.collect.ImmutableCollection$Builder                           : loaded 2 times (x 76B)
Class com.google.common.reflect.TypeResolver$TypeVariableKey                          : loaded 2 times (x 72B)
Class com.google.common.collect.BaseImmutableMultimap                                 : loaded 2 times (x 123B)
Class com.google.common.base.Joiner                                                   : loaded 2 times (x 79B)
Class com.google.common.base.MoreObjects                                              : loaded 2 times (x 71B)
Class com.google.common.collect.Platform                                              : loaded 2 times (x 71B)
Class [Lorg.objectweb.asm.Type;                                                       : loaded 2 times (x 69B)
Class com.google.common.collect.UnmodifiableIterator                                  : loaded 2 times (x 80B)
Class org.gradle.internal.service.ServiceLocator                                      : loaded 2 times (x 70B)
Class com.google.common.base.Ascii                                                    : loaded 2 times (x 71B)
Class com.google.common.collect.SingletonImmutableBiMap                               : loaded 2 times (x 143B)
Class com.google.common.cache.LocalCache$1                                            : loaded 2 times (x 89B)
Class com.google.common.collect.AbstractMapEntry                                      : loaded 2 times (x 81B)
Class com.google.common.reflect.TypeToken$SimpleTypeToken                             : loaded 2 times (x 73B)
Class com.google.common.collect.MapMakerInternalMap$AbstractStrongKeyEntry            : loaded 2 times (x 80B)
Class com.google.common.collect.Sets$ImprovedAbstractSet                              : loaded 2 times (x 135B)
Class com.google.common.collect.ImmutableList$Builder                                 : loaded 2 times (x 77B)
Class com.google.common.collect.AbstractMultimap                                      : loaded 2 times (x 123B)
Class com.google.common.cache.LocalCache$2                                            : loaded 2 times (x 142B)
Class com.google.common.collect.ImmutableRangeSet$1                                   : loaded 2 times (x 210B)
Class com.google.common.util.concurrent.AbstractFuture$UnsafeAtomicHelper$1           : loaded 2 times (x 76B)
Class com.google.common.collect.RegularImmutableAsList                                : loaded 2 times (x 217B)
Class com.google.common.base.Optional                                                 : loaded 2 times (x 80B)
Class com.google.common.collect.Range                                                 : loaded 2 times (x 87B)
Class com.google.common.util.concurrent.AbstractFuture$Trusted                        : loaded 2 times (x 70B)
Class com.google.common.collect.Iterators                                             : loaded 2 times (x 71B)
Class com.google.common.io.ByteSink$AsCharSink                                        : loaded 2 times (x 80B)
Class com.google.common.collect.Lists$StringAsImmutableList                           : loaded 2 times (x 207B)
Class com.google.common.util.concurrent.UncheckedExecutionException                   : loaded 2 times (x 82B)
Class org.gradle.kotlin.dsl.VersionCatalogAccessorsKt                                 : loaded 2 times (x 71B)
Class org.gradle.internal.InternalTransformer                                         : loaded 2 times (x 70B)
Class com.google.common.collect.AbstractMapBasedMultimap$KeySet$1                     : loaded 2 times (x 82B)
Class org.objectweb.asm.ClassWriter                                                   : loaded 2 times (x 106B)
Class com.google.common.cache.CacheLoader$UnsupportedLoadingOperationException        : loaded 2 times (x 82B)
Class com.google.common.base.CharMatcher$And                                          : loaded 2 times (x 112B)
Class org.gradle.internal.classloader.ClasspathUtil$1                                 : loaded 2 times (x 76B)
Class com.google.common.collect.FluentIterable$1                                      : loaded 2 times (x 81B)
Class com.google.common.base.Objects                                                  : loaded 2 times (x 71B)
Class org.objectweb.asm.FieldVisitor                                                  : loaded 2 times (x 77B)
Class com.google.common.collect.IndexedImmutableSet                                   : loaded 2 times (x 152B)
Class com.google.common.collect.ImmutableMap$1                                        : loaded 2 times (x 81B)
Class com.google.common.collect.BiMap                                                 : loaded 2 times (x 70B)
Class org.gradle.api.internal.classpath.DefaultModuleRegistry$DefaultModule           : loaded 2 times (x 86B)
Class com.google.common.collect.RegularImmutableMap$KeySet                            : loaded 2 times (x 152B)
Class com.google.common.base.Absent                                                   : loaded 2 times (x 80B)
Class com.google.common.collect.FluentIterable$2                                      : loaded 2 times (x 81B)
Class com.google.common.primitives.Ints                                               : loaded 2 times (x 71B)
Class com.google.common.collect.AbstractIterator                                      : loaded 2 times (x 82B)
Class com.google.common.collect.FluentIterable$3                                      : loaded 2 times (x 81B)
Class com.google.common.collect.ObjectArrays                                          : loaded 2 times (x 71B)
Class com.google.common.collect.Multiset                                              : loaded 2 times (x 70B)
Class com.google.common.collect.ArrayListMultimapGwtSerializationDependencies         : loaded 2 times (x 172B)
Class com.google.common.collect.AbstractIndexedListIterator                           : loaded 2 times (x 96B)
Class com.google.common.math.MathPreconditions                                        : loaded 2 times (x 71B)
Class com.google.common.collect.ImmutableMapEntrySet                                  : loaded 2 times (x 152B)
Class org.gradle.api.internal.classpath.Module                                        : loaded 2 times (x 70B)
Class com.google.common.cache.Weigher                                                 : loaded 2 times (x 70B)
Class org.gradle.api.internal.classpath.UnknownModuleException                        : loaded 2 times (x 82B)
Class com.google.common.base.Stopwatch                                                : loaded 2 times (x 72B)
Class com.google.common.cache.LocalCache$Strength                                     : loaded 2 times (x 81B)
Class com.google.common.cache.Cache                                                   : loaded 2 times (x 70B)
Class com.google.common.io.Files$2                                                    : loaded 2 times (x 76B)
Class com.google.common.base.NullnessCasts                                            : loaded 2 times (x 71B)
Class com.google.common.util.concurrent.AbstractFuture$Cancellation                   : loaded 2 times (x 72B)
Class com.google.common.collect.ImmutableMap$Builder                                  : loaded 2 times (x 82B)
Class com.google.common.base.Present                                                  : loaded 2 times (x 81B)
Class com.google.common.collect.AbstractMapBasedMultimap$WrappedCollection$WrappedIterator: loaded 2 times (x 84B)
Class com.google.common.cache.RemovalListener                                         : loaded 2 times (x 70B)
Class org.gradle.api.internal.DefaultClassPathRegistry                                : loaded 2 times (x 76B)
Class com.google.common.reflect.Invokable$ConstructorInvokable                        : loaded 2 times (x 107B)
Class com.google.common.primitives.IntsMethodsForWeb                                  : loaded 2 times (x 71B)
Class com.google.common.collect.Multimap                                              : loaded 2 times (x 70B)
Class org.gradle.api.internal.ClassPathRegistry                                       : loaded 2 times (x 70B)
Class org.gradle.internal.classpath.DefaultClassPath$ImmutableUniqueList              : loaded 2 times (x 199B)
Class com.google.common.reflect.TypeToken                                             : loaded 2 times (x 73B)
Class com.google.common.collect.MapMakerInternalMap$Segment                           : loaded 2 times (x 142B)
Class com.google.common.base.ExtraObjectsMethodsForWeb                                : loaded 2 times (x 71B)
Class com.google.common.base.Equivalence$Identity                                     : loaded 2 times (x 82B)
Class com.google.common.io.ByteSink                                                   : loaded 2 times (x 76B)
Class com.google.common.cache.CacheBuilder                                            : loaded 2 times (x 72B)
Class com.google.common.collect.SingletonImmutableList                                : loaded 2 times (x 207B)
Class Settings_gradle$1                                                               : loaded 2 times (x 74B)
Class ijJvmDebugger1_65fnlwx6uellm4cl5w6h6zgr9$_run_closure1                          : loaded 2 times (x 139B)
Class org.gradle.internal.classpath.ClassPath                                         : loaded 2 times (x 70B)
Class org.gradle.api.UncheckedIOException                                             : loaded 2 times (x 82B)
Class [Lcom.google.common.reflect.Types$JavaVersion;                                  : loaded 2 times (x 69B)
Class com.google.common.collect.Interners$InternerBuilder                             : loaded 2 times (x 76B)
Class com.google.common.io.Files$FileByteSource                                       : loaded 2 times (x 85B)
Class com.google.common.base.JdkPattern                                               : loaded 2 times (x 75B)
Class com.google.common.collect.ImmutableList$ReverseImmutableList                    : loaded 2 times (x 209B)
Class org.objectweb.asm.SymbolTable$Entry                                             : loaded 2 times (x 74B)
Class com.google.common.util.concurrent.AbstractFuture$AtomicHelper                   : loaded 2 times (x 78B)
Class org.objectweb.asm.Edge                                                          : loaded 2 times (x 72B)
Class com.google.common.base.Suppliers$SupplierOfInstance                             : loaded 2 times (x 79B)
Class com.google.common.collect.Iterators$1                                           : loaded 2 times (x 81B)
Class com.google.common.reflect.TypeToken$1                                           : loaded 2 times (x 110B)
Class com.google.common.cache.LocalCache$ComputingValueReference                      : loaded 2 times (x 96B)
Class com.google.common.collect.SingletonImmutableSet                                 : loaded 2 times (x 146B)
Class com.google.common.collect.ImmutableMap$IteratorBasedImmutableMap                : loaded 2 times (x 126B)
Class com.google.common.reflect.TypeToken$2                                           : loaded 2 times (x 110B)
Class com.google.common.cache.LocalCache$Segment                                      : loaded 2 times (x 154B)
Class com.google.common.collect.SortedIterable                                        : loaded 2 times (x 70B)
Class com.google.common.collect.AbstractListMultimap                                  : loaded 2 times (x 172B)
Class [Lorg.objectweb.asm.SymbolTable$Entry;                                          : loaded 2 times (x 69B)
Class com.google.common.cache.CacheLoader                                             : loaded 2 times (x 74B)
Class com.google.common.collect.Iterators$4                                           : loaded 2 times (x 82B)
Class com.google.common.collect.ImmutableBiMap                                        : loaded 2 times (x 143B)
Class org.gradle.internal.installation.GradleInstallation$1                           : loaded 2 times (x 75B)
Class org.gradle.api.internal.classpath.ModuleRegistry                                : loaded 2 times (x 70B)
Class com.google.common.base.Splitter$SplittingIterator                               : loaded 2 times (x 84B)
Class com.google.common.util.concurrent.internal.InternalFutureFailureAccess          : loaded 2 times (x 72B)
Class com.google.common.collect.Iterators$5                                           : loaded 2 times (x 82B)
Class com.google.common.collect.ImmutableSet$JdkBackedSetBuilderImpl                  : loaded 2 times (x 76B)
Class com.google.common.util.concurrent.AbstractFuture$UnsafeAtomicHelper             : loaded 2 times (x 78B)
Class com.google.common.cache.LocalCache$LocalManualCache$1                           : loaded 2 times (x 75B)
Class com.google.common.base.CharMatcher$ForPredicate                                 : loaded 2 times (x 112B)
Class com.google.common.base.CharMatcher$AnyOf                                        : loaded 2 times (x 112B)
Class com.google.common.collect.ImmutableCollection                                   : loaded 2 times (x 125B)
Class org.gradle.api.internal.classpath.DefaultModuleRegistry                         : loaded 2 times (x 86B)
Class com.google.common.collect.Lists                                                 : loaded 2 times (x 71B)
Class com.google.common.util.concurrent.ListenableFuture                              : loaded 2 times (x 70B)
Class com.google.common.cache.ReferenceEntry                                          : loaded 2 times (x 70B)
Class com.google.common.base.Converter                                                : loaded 2 times (x 90B)
Class com.google.common.collect.ImmutableSet$CachingAsList                            : loaded 2 times (x 148B)
Class com.google.common.collect.AbstractMapBasedMultimap                              : loaded 2 times (x 139B)
Class com.google.common.util.concurrent.AbstractFuture                                : loaded 2 times (x 106B)
Class com.google.common.base.FunctionalEquivalence                                    : loaded 2 times (x 83B)
Class com.google.common.collect.Iterators$9                                           : loaded 2 times (x 81B)
Class com.google.common.collect.ImmutableAsList                                       : loaded 2 times (x 209B)
Class com.google.common.reflect.TypeResolver$TypeTable                                : loaded 2 times (x 73B)
Class org.objectweb.asm.RecordComponentVisitor                                        : loaded 2 times (x 77B)
Class com.google.common.cache.CacheLoader$SupplierToCacheLoader                       : loaded 2 times (x 75B)
Class com.google.common.reflect.TypeResolver$TypeTable$1                              : loaded 2 times (x 73B)
Class com.google.common.collect.Maps$EntryTransformer                                 : loaded 2 times (x 70B)
Class org.gradle.internal.service.ServiceLookupException                              : loaded 2 times (x 82B)
Class com.google.common.base.CharMatcher$JavaLetter                                   : loaded 2 times (x 111B)
Class com.google.common.collect.ImmutableSortedSet                                    : loaded 2 times (x 300B)
Class [Lcom.google.common.cache.LocalCache$EntryFactory;                              : loaded 2 times (x 69B)
Class org.gradle.internal.classloader.ClassLoaderFactory                              : loaded 2 times (x 70B)
Class com.google.common.collect.ImmutableMap$SerializedForm                           : loaded 2 times (x 73B)
Class com.google.common.base.CommonPattern                                            : loaded 2 times (x 74B)
Class com.google.common.cache.LocalCache$LocalManualCache                             : loaded 2 times (x 99B)
Class com.google.common.base.CharMatcher$IsNot                                        : loaded 2 times (x 111B)
Class org.gradle.internal.service.CachingServiceLocator                               : loaded 2 times (x 82B)
Class com.google.common.collect.RegularImmutableSortedSet                             : loaded 2 times (x 300B)
Class com.google.common.collect.AbstractMapBasedMultimap$KeySet                       : loaded 2 times (x 137B)
Class com.google.common.math.IntMath                                                  : loaded 2 times (x 71B)
Class com.google.common.reflect.Types$TypeVariableInvocationHandler                   : loaded 2 times (x 75B)
Class com.google.common.collect.MapMakerInternalMap$InternalEntry                     : loaded 2 times (x 70B)
Class com.google.common.collect.ImmutableMapEntry                                     : loaded 2 times (x 85B)
Class com.google.common.collect.ImmutableMultimap                                     : loaded 2 times (x 147B)
Class com.google.common.base.Equivalence                                              : loaded 2 times (x 82B)
Class com.google.common.base.Function                                                 : loaded 2 times (x 70B)
Class com.google.common.collect.ImmutableMapEntry$NonTerminalImmutableMapEntry        : loaded 2 times (x 85B)
Class com.google.common.cache.CacheBuilder$OneWeigher                                 : loaded 2 times (x 82B)
Class com.google.common.collect.RegularImmutableList                                  : loaded 2 times (x 213B)
Class com.google.common.reflect.Types$ClassOwnership$1LocalClass                      : loaded 2 times (x 71B)
Class org.gradle.internal.classloader.ClasspathUtil                                   : loaded 2 times (x 71B)
Class com.google.common.base.Charsets                                                 : loaded 2 times (x 71B)
Class com.google.common.util.concurrent.Uninterruptibles                              : loaded 2 times (x 71B)
Class com.google.common.collect.Maps                                                  : loaded 2 times (x 71B)
Class org.gradle.api.specs.Spec                                                       : loaded 2 times (x 70B)
Class com.google.common.reflect.Types$JavaVersion                                     : loaded 2 times (x 83B)
Class com.google.common.collect.MapMaker                                              : loaded 2 times (x 72B)
Class [Lcom.google.common.collect.ImmutableEntry;                                     : loaded 2 times (x 69B)
Class com.google.common.cache.LocalCache$LoadingValueReference                        : loaded 2 times (x 96B)
Class com.google.common.reflect.Reflection                                            : loaded 2 times (x 71B)
Class com.google.common.reflect.Invokable$MethodInvokable                             : loaded 2 times (x 107B)
Class com.google.common.collect.MapMakerInternalMap$StrongKeyDummyValueEntry          : loaded 2 times (x 82B)
Class com.google.common.base.Platform                                                 : loaded 2 times (x 71B)
Class com.google.common.collect.AbstractMapBasedMultimap$WrappedList                  : loaded 2 times (x 205B)
Class [Lorg.objectweb.asm.AnnotationWriter;                                           : loaded 2 times (x 69B)
Class com.google.common.collect.Maps$8                                                : loaded 2 times (x 82B)
Class [Lcom.google.common.collect.Iterators$EmptyModifiableIterator;                  : loaded 2 times (x 69B)
Class com.google.common.collect.ImmutableRangeSet$Builder                             : loaded 2 times (x 77B)
Class com.google.common.collect.Sets$SetView                                          : loaded 2 times (x 138B)
Class com.google.common.cache.LocalCache$StrongValueReference                         : loaded 2 times (x 90B)
Class com.google.common.util.concurrent.AbstractFuture$SynchronizedHelper             : loaded 2 times (x 78B)
Class ijKotlinCoroutineJvmDebugInit1_5heortybpb2eo1dafnmtj4ity                        : loaded 2 times (x 179B)
Class com.google.common.graph.SuccessorsFunction                                      : loaded 2 times (x 70B)
Class org.objectweb.asm.Type                                                          : loaded 2 times (x 72B)
Class org.gradle.internal.classloader.VisitableURLClassLoader$InstrumentingVisitableURLClassLoader: loaded 2 times (x 123B)
Class com.google.common.collect.MapMakerInternalMap$StrongKeyDummyValueEntry$Helper   : loaded 2 times (x 79B)
Class com.google.common.io.Files$FileByteSink                                         : loaded 2 times (x 77B)
Class org.objectweb.asm.ByteVector                                                    : loaded 2 times (x 79B)
Class [Lcom.google.common.cache.CacheBuilder$NullListener;                            : loaded 2 times (x 69B)
Class com.google.common.math.IntMath$1                                                : loaded 2 times (x 71B)
Class org.gradle.internal.classloader.VisitableURLClassLoader$Spec                    : loaded 2 times (x 74B)
Class org.gradle.internal.classpath.DefaultClassPath                                  : loaded 2 times (x 90B)
Class com.google.common.reflect.Types$ClassOwnership                                  : loaded 2 times (x 80B)
Class com.google.common.base.AbstractIterator                                         : loaded 2 times (x 80B)
Class org.objectweb.asm.Symbol                                                        : loaded 2 times (x 73B)
Class com.google.common.io.Closer                                                     : loaded 2 times (x 78B)
Class com.google.common.base.CharMatcher$Ascii                                        : loaded 2 times (x 112B)
Class com.google.common.base.CharMatcher$BitSetMatcher                                : loaded 2 times (x 112B)
Class com.google.common.collect.ImmutableSet                                          : loaded 2 times (x 145B)
Class com.google.common.collect.RegularImmutableMap$Values                            : loaded 2 times (x 207B)
Class org.gradle.internal.classloader.ClassLoaderSpec                                 : loaded 2 times (x 71B)
Class org.objectweb.asm.AnnotationWriter                                              : loaded 2 times (x 79B)
Class com.google.common.cache.CacheStats                                              : loaded 2 times (x 71B)
Class com.google.common.collect.Interners                                             : loaded 2 times (x 71B)
Class com.google.common.io.Closer$Suppressor                                          : loaded 2 times (x 70B)
Class com.google.common.io.LineProcessor                                              : loaded 2 times (x 70B)
Class org.objectweb.asm.RecordComponentWriter                                         : loaded 2 times (x 78B)
Class com.google.common.util.concurrent.AbstractFuture$Listener                       : loaded 2 times (x 72B)
Class com.google.common.base.CharMatcher$Or                                           : loaded 2 times (x 112B)
Class Settings_gradle$1$1                                                             : loaded 2 times (x 74B)
Class org.objectweb.asm.Attribute                                                     : loaded 2 times (x 77B)
Class com.google.common.base.Supplier                                                 : loaded 2 times (x 70B)
Class org.gradle.internal.classloader.VisitableURLClassLoader                         : loaded 2 times (x 117B)
Class com.google.common.collect.ImmutableList$SerializedForm                          : loaded 2 times (x 73B)
Class com.google.common.util.concurrent.AbstractFuture$Waiter                         : loaded 2 times (x 72B)
Class Settings_gradle                                                                 : loaded 2 times (x 128B)
Class org.gradle.internal.Cast                                                        : loaded 2 times (x 71B)
Class org.gradle.api.Action                                                           : loaded 2 times (x 70B)
Class com.google.common.collect.MapMakerInternalMap                                   : loaded 2 times (x 161B)
Class com.google.common.base.Strings                                                  : loaded 2 times (x 71B)
Class com.google.common.collect.Sets                                                  : loaded 2 times (x 71B)
Class org.objectweb.asm.Handler                                                       : loaded 2 times (x 72B)
Class com.google.common.base.Ticker                                                   : loaded 2 times (x 72B)
Class com.google.common.base.CharMatcher$FastMatcher                                  : loaded 2 times (x 111B)
Class [Lcom.google.common.cache.LocalCache$Segment;                                   : loaded 2 times (x 69B)
Class [Lcom.google.common.cache.LocalCache$Strength;                                  : loaded 2 times (x 69B)
Class com.google.common.cache.CacheBuilder$1                                          : loaded 2 times (x 85B)
Class com.google.common.base.Predicate                                                : loaded 2 times (x 70B)
Class com.google.common.collect.ImmutableMap                                          : loaded 2 times (x 120B)
Class org.gradle.internal.classpath.DefaultClassPath$ImmutableUniqueList$Builder      : loaded 2 times (x 75B)
Class com.google.common.collect.MapMakerInternalMap$WeakValueReference                : loaded 2 times (x 70B)
Class com.google.common.collect.AbstractRangeSet                                      : loaded 2 times (x 114B)
Class com.google.common.cache.LocalCache                                              : loaded 2 times (x 187B)
Class com.google.common.cache.CacheBuilder$2                                          : loaded 2 times (x 79B)
Class com.google.common.base.CharMatcher$NegatedFastMatcher                           : loaded 2 times (x 113B)
Class com.google.common.collect.ArrayListMultimap                                     : loaded 2 times (x 172B)
Class com.google.common.cache.CacheBuilder$3                                          : loaded 2 times (x 72B)
Class [Lcom.google.common.collect.AbstractMapEntry;                                   : loaded 2 times (x 69B)
Class com.google.common.collect.ImmutableEntry                                        : loaded 2 times (x 82B)
Class org.gradle.api.GradleException                                                  : loaded 2 times (x 82B)
Class com.google.common.collect.CollectPreconditions                                  : loaded 2 times (x 71B)
Class [Lcom.google.common.collect.MapMakerInternalMap$Strength;                       : loaded 2 times (x 69B)
Class [Lcom.google.common.io.FileWriteMode;                                           : loaded 2 times (x 69B)
Class com.google.common.collect.SortedMapDifference                                   : loaded 2 times (x 70B)
Class com.google.common.collect.Iterables$4                                           : loaded 2 times (x 81B)
Class com.google.common.collect.MapMakerInternalMap$StrongKeyDummyValueSegment        : loaded 2 times (x 142B)
Class com.google.common.cache.LocalCache$WriteThroughEntry                            : loaded 2 times (x 79B)
Class com.google.common.cache.LocalCache$HashIterator                                 : loaded 2 times (x 86B)
Class com.google.common.io.Files                                                      : loaded 2 times (x 71B)
Class com.google.common.cache.LocalCache$EntryFactory                                 : loaded 2 times (x 83B)
Class com.google.common.reflect.Types$NativeTypeVariableEquals                        : loaded 2 times (x 71B)
Class com.google.common.reflect.TypeParameter                                         : loaded 2 times (x 72B)
Class [Lcom.google.common.collect.MapMaker$Dummy;                                     : loaded 2 times (x 69B)
Class com.google.common.base.CharMatcher$Whitespace                                   : loaded 2 times (x 112B)
Class com.google.common.base.Splitter$1$1                                             : loaded 2 times (x 86B)
Class com.google.common.cache.LocalCache$AbstractReferenceEntry                       : loaded 2 times (x 107B)
Class org.gradle.internal.IoActions                                                   : loaded 2 times (x 71B)
Class com.google.common.collect.ImmutableMapKeySet                                    : loaded 2 times (x 152B)
Class com.google.common.collect.ImmutableRangeSet$ComplementRanges                    : loaded 2 times (x 207B)
Class org.objectweb.asm.SymbolTable                                                   : loaded 2 times (x 72B)
Class com.google.common.cache.CacheLoader$InvalidCacheLoadException                   : loaded 2 times (x 82B)
Class com.google.common.collect.ImmutableSet$RegularSetBuilderImpl                    : loaded 2 times (x 77B)
Class org.gradle.internal.classloader.SystemClassLoaderSpec                           : loaded 2 times (x 71B)
Class com.google.common.collect.FluentIterable                                        : loaded 2 times (x 81B)
Class com.google.common.cache.LocalCache$StrongEntry                                  : loaded 2 times (x 108B)
Class com.google.common.util.concurrent.AbstractFuture$TrustedFuture                  : loaded 2 times (x 114B)
Class com.google.common.cache.LoadingCache                                            : loaded 2 times (x 70B)
Class org.objectweb.asm.MethodWriter                                                  : loaded 2 times (x 106B)
Class [Lcom.google.common.cache.Weigher;                                              : loaded 2 times (x 69B)
Class com.google.common.collect.RegularImmutableMap$BucketOverflowException           : loaded 2 times (x 82B)
Class com.google.common.collect.AbstractMapBasedMultimap$RandomAccessWrappedList      : loaded 2 times (x 205B)
Class com.google.common.reflect.Types$JavaVersion$1                                   : loaded 2 times (x 83B)
Class com.google.common.collect.AbstractIterator$State                                : loaded 2 times (x 79B)
Class com.google.common.collect.RegularImmutableBiMap                                 : loaded 2 times (x 149B)
Class com.google.common.cache.LocalCache$ValueReference                               : loaded 2 times (x 70B)
Class com.google.common.base.CharMatcher$Negated                                      : loaded 2 times (x 113B)
Class com.google.common.base.CharMatcher$Is                                           : loaded 2 times (x 111B)
Class com.google.common.reflect.Types$JavaVersion$2                                   : loaded 2 times (x 83B)
Class com.google.common.reflect.Types                                                 : loaded 2 times (x 71B)
Class com.google.common.base.PatternCompiler                                          : loaded 2 times (x 70B)
Class com.google.common.util.concurrent.AbstractFuture$Failure                        : loaded 2 times (x 72B)
Class com.google.common.base.Equivalence$Equals                                       : loaded 2 times (x 82B)
Class com.google.common.collect.Hashing                                               : loaded 2 times (x 71B)
Class com.google.common.base.Preconditions                                            : loaded 2 times (x 71B)
Class com.google.common.reflect.Types$JavaVersion$3                                   : loaded 2 times (x 83B)
Class com.google.common.collect.ImmutableSetMultimap                                  : loaded 2 times (x 180B)
Class com.google.common.io.CharSink                                                   : loaded 2 times (x 79B)
Class com.google.common.base.Joiner$1                                                 : loaded 2 times (x 80B)
Class org.objectweb.asm.Label                                                         : loaded 2 times (x 73B)
Class org.objectweb.asm.CurrentFrame                                                  : loaded 2 times (x 73B)
Class org.objectweb.asm.ClassTooLargeException                                        : loaded 2 times (x 83B)
Class com.google.common.base.CharMatcher                                              : loaded 2 times (x 111B)
Class com.google.common.collect.PeekingIterator                                       : loaded 2 times (x 70B)
Class ijJvmDebugger1_65fnlwx6uellm4cl5w6h6zgr9$_run_closure1$_closure2                : loaded 2 times (x 140B)
Class com.google.common.reflect.Types$JavaVersion$4                                   : loaded 2 times (x 83B)
Class com.google.common.collect.MapMakerInternalMap$InternalEntryHelper               : loaded 2 times (x 70B)
Class com.google.common.collect.Maps$IteratorBasedAbstractMap                         : loaded 2 times (x 125B)
Class com.google.common.collect.RangeGwtSerializationDependencies                     : loaded 2 times (x 71B)
Class com.google.common.collect.Table                                                 : loaded 2 times (x 70B)
Class com.google.common.base.Joiner$2                                                 : loaded 2 times (x 79B)
Class org.objectweb.asm.Frame                                                         : loaded 2 times (x 73B)
Class org.objectweb.asm.MethodVisitor                                                 : loaded 2 times (x 105B)
Class com.google.common.cache.LocalCache$EntryFactory$1                               : loaded 2 times (x 83B)
Class [Lcom.google.common.cache.RemovalListener;                                      : loaded 2 times (x 69B)
Class com.google.common.base.CharMatcher$1                                            : loaded 2 times (x 113B)
Class com.google.common.base.CharMatcher$NamedFastMatcher                             : loaded 2 times (x 112B)
Class com.google.common.reflect.Types$JavaVersion$5                                   : loaded 2 times (x 71B)
Class [Lcom.google.common.reflect.Types$ClassOwnership;                               : loaded 2 times (x 69B)
Class com.google.common.collect.RangeSet                                              : loaded 2 times (x 70B)
Class com.google.common.cache.LocalCache$EntryFactory$2                               : loaded 2 times (x 83B)
Class org.gradle.api.internal.classpath.GlobalCacheRootsProvider                      : loaded 2 times (x 70B)
Class com.google.common.collect.CollectCollectors                                     : loaded 2 times (x 71B)
Class org.objectweb.asm.ModuleWriter                                                  : loaded 2 times (x 82B)
Class com.google.common.cache.LocalCache$EntryFactory$3                               : loaded 2 times (x 83B)
Class com.google.common.base.Ticker$1                                                 : loaded 2 times (x 72B)
Class com.google.common.collect.Maps$BiMapConverter                                   : loaded 2 times (x 90B)
Class com.google.common.collect.ImmutableMapEntrySet$RegularEntrySet                  : loaded 2 times (x 152B)
Class com.google.common.collect.SetMultimap                                           : loaded 2 times (x 70B)
Class com.google.common.cache.LocalCache$EntryFactory$4                               : loaded 2 times (x 83B)
Class com.google.common.base.CharMatcher$InRange                                      : loaded 2 times (x 111B)
Class com.google.common.collect.ImmutableSet$Builder                                  : loaded 2 times (x 85B)
Class ijKotlinCoroutineJvmDebugInit1_5heortybpb2eo1dafnmtj4ity$_run_closure1$_closure2: loaded 2 times (x 139B)
Class com.google.common.cache.LocalCache$EntryFactory$5                               : loaded 2 times (x 83B)
Class com.google.common.base.PairwiseEquivalence                                      : loaded 2 times (x 83B)
Class com.google.common.cache.LocalCache$EntryFactory$6                               : loaded 2 times (x 83B)
Class org.gradle.internal.installation.CurrentGradleInstallationLocator               : loaded 2 times (x 71B)
Class com.google.common.collect.Maps$KeySet                                           : loaded 2 times (x 137B)
Class com.google.common.cache.LocalCache$EntryFactory$7                               : loaded 2 times (x 83B)
Class com.google.common.collect.ImmutableSet$EmptySetBuilderImpl                      : loaded 2 times (x 76B)
Class com.google.common.collect.ImmutableList                                         : loaded 2 times (x 206B)
Class org.gradle.internal.service.DefaultServiceLocator                               : loaded 2 times (x 83B)
Class com.google.common.collect.Maps$EntrySet                                         : loaded 2 times (x 136B)
Class com.google.common.cache.LocalCache$EntryFactory$8                               : loaded 2 times (x 83B)
Class com.google.common.collect.ImmutableSet$SetBuilderImpl                           : loaded 2 times (x 76B)
Class org.gradle.internal.installation.CurrentGradleInstallation                      : loaded 2 times (x 73B)
Class com.google.common.cache.CacheLoader$1                                           : loaded 2 times (x 75B)
Class com.google.common.collect.ForwardingObject                                      : loaded 2 times (x 72B)
Class com.google.common.collect.ImmutableList$SubList                                 : loaded 2 times (x 209B)
Class ijJvmDebugger1_65fnlwx6uellm4cl5w6h6zgr9                                        : loaded 2 times (x 179B)
Class org.gradle.util.internal.GUtil                                                  : loaded 2 times (x 71B)
Class com.google.common.io.ByteSource                                                 : loaded 2 times (x 84B)
Class com.google.common.util.concurrent.AbstractFuture$SetFuture                      : loaded 2 times (x 75B)
Class com.google.common.cache.AbstractCache$StatsCounter                              : loaded 2 times (x 70B)
Class com.google.common.reflect.Types$TypeVariableImpl                                : loaded 2 times (x 72B)
Class com.google.common.collect.MapMakerInternalMap$1                                 : loaded 2 times (x 83B)
Class com.google.common.collect.Iterators$MergingIterator                             : loaded 2 times (x 81B)
Class com.google.common.collect.RegularImmutableSet                                   : loaded 2 times (x 149B)
Class org.gradle.internal.installation.GradleInstallation                             : loaded 2 times (x 75B)
Class com.google.common.base.Splitter$Strategy                                        : loaded 2 times (x 70B)
Class com.google.common.collect.Iterables                                             : loaded 2 times (x 71B)

---------------  S Y S T E M  ---------------

OS:
 Windows 11 , 64 bit Build 26100 (10.0.26100.8246)
OS uptime: 0 days 18:09 hours
Hyper-V role detected

CPU: total 12 (initial active 12) (6 cores per cpu, 2 threads per core) family 6 model 186 stepping 3 microcode 0x410e, cx8, cmov, fxsr, ht, mmx, 3dnowpref, sse, sse2, sse3, ssse3, sse4.1, sse4.2, popcnt, lzcnt, tsc, tscinvbit, avx, avx2, aes, erms, clmul, bmi1, bmi2, adx, sha, fma, vzeroupper, clflush, clflushopt, clwb, hv, serialize, rdtscp, rdpid, fsrm, f16c, cet_ibt, cet_ss
Processor Information for processor 0
  Max Mhz: 1300, Current Mhz: 1300, Mhz Limit: 1300
Processor Information for processor 1
  Max Mhz: 1300, Current Mhz: 1300, Mhz Limit: 1300
Processor Information for processor 2
  Max Mhz: 1300, Current Mhz: 1300, Mhz Limit: 1300
Processor Information for processor 3
  Max Mhz: 1300, Current Mhz: 1300, Mhz Limit: 1300
Processor Information for processor 4
  Max Mhz: 1300, Current Mhz: 900, Mhz Limit: 897
Processor Information for processor 5
  Max Mhz: 1300, Current Mhz: 900, Mhz Limit: 897
Processor Information for processor 6
  Max Mhz: 1300, Current Mhz: 900, Mhz Limit: 897
Processor Information for processor 7
  Max Mhz: 1300, Current Mhz: 900, Mhz Limit: 897
Processor Information for processor 8
  Max Mhz: 1300, Current Mhz: 900, Mhz Limit: 897
Processor Information for processor 9
  Max Mhz: 1300, Current Mhz: 900, Mhz Limit: 897
Processor Information for processor 10
  Max Mhz: 1300, Current Mhz: 900, Mhz Limit: 897
Processor Information for processor 11
  Max Mhz: 1300, Current Mhz: 900, Mhz Limit: 897

Memory: 4k page, system-wide physical 7879M (629M free)
TotalPageFile size 11975M (AvailPageFile size 5M)
current process WorkingSet (physical memory assigned to process): 547M, peak: 562M
current process commit charge ("private bytes"): 606M, peak: 615M

vm_info: OpenJDK 64-Bit Server VM (21.0.8+-14196175-b1038.72) for windows-amd64 JRE (21.0.8+-14196175-b1038.72), built on 2025-10-01T10:24:33Z by "builder" with MS VC++ 16.10 / 16.11 (VS2019)

END.
