#
# There is insufficient memory for the Java Runtime Environment to continue.
# Native memory allocation (mmap) failed to map 126877696 bytes. Error detail: G1 virtual space
# Possible reasons:
#   The system is out of physical RAM or swap space
#   This process is running with CompressedOops enabled, and the Java Heap may be blocking the growth of the native heap
# Possible solutions:
#   Reduce memory load on the system
#   Increase physical memory or swap space
#   Check if swap backing store is full
#   Decrease Java heap size (-Xmx/-Xms)
#   Decrease number of Java threads
#   Decrease Java thread stack sizes (-Xss)
#   Set larger code cache with -XX:ReservedCodeCacheSize=
#   JVM is running with Unscaled Compressed Oops mode in which the Java heap is
#     placed in the first 4GB address space. The Java Heap base address is the
#     maximum limit for the native heap growth. Please use -XX:HeapBaseMinAddress
#     to set the Java Heap base and to place the Java Heap above 4GB virtual address.
# This output file may be truncated or incomplete.
#
#  Out of Memory Error (os_windows.cpp:3925), pid=1116, tid=12044
#
# JRE version: OpenJDK Runtime Environment (21.0.8) (build 21.0.8+-14196175-b1038.72)
# Java VM: OpenJDK 64-Bit Server VM (21.0.8+-14196175-b1038.72, mixed mode, tiered, compressed oops, compressed class ptrs, g1 gc, windows-amd64)
# No core dump will be written. Minidumps are not enabled by default on client versions of Windows
#

---------------  S U M M A R Y ------------

Command Line: --add-opens=java.base/java.lang=ALL-UNNAMED --add-opens=java.base/java.lang.invoke=ALL-UNNAMED --add-opens=java.base/java.util=ALL-UNNAMED --add-opens=java.prefs/java.util.prefs=ALL-UNNAMED --add-exports=jdk.compiler/com.sun.tools.javac.api=ALL-UNNAMED --add-exports=jdk.compiler/com.sun.tools.javac.util=ALL-UNNAMED --add-opens=java.base/java.util=ALL-UNNAMED --add-opens=java.prefs/java.util.prefs=ALL-UNNAMED --add-opens=java.base/java.nio.charset=ALL-UNNAMED --add-opens=java.base/java.net=ALL-UNNAMED --add-opens=java.base/java.util.concurrent.atomic=ALL-UNNAMED --add-opens=java.xml/javax.xml.namespace=ALL-UNNAMED -Xmx2048m -Dfile.encoding=UTF-8 -Duser.country=US -Duser.language=en -Duser.variant -javaagent:C:\Users\Mica\.gradle\wrapper\dists\gradle-8.13-bin\5xuhj0ry160q40clulazy9h7d\gradle-8.13\lib\agents\gradle-instrumentation-agent-8.13.jar org.gradle.launcher.daemon.bootstrap.GradleDaemon 8.13

Host: 13th Gen Intel(R) Core(TM) i5-1335U, 12 cores, 7G,  Windows 11 , 64 bit Build 26100 (10.0.26100.9444)
Time: Tue Sep 22 12:46:01 2026 China Standard Time elapsed time: 20.898266 seconds (0d 0h 0m 20s)

---------------  T H R E A D  ---------------

Current thread (0x0000028f7ef3e840):  VMThread "VM Thread"          [id=12044, stack(0x000000d09c600000,0x000000d09c700000) (1024K)]

Stack: [0x000000d09c600000,0x000000d09c700000]
Native frames: (J=compiled Java code, j=interpreted, Vv=VM code, C=native code)
V  [jvm.dll+0x6d68d9]
V  [jvm.dll+0x866693]
V  [jvm.dll+0x868c4e]
V  [jvm.dll+0x869333]
V  [jvm.dll+0x280566]
V  [jvm.dll+0x6d3195]
V  [jvm.dll+0x6c69ea]
V  [jvm.dll+0x3586db]
V  [jvm.dll+0x360336]
V  [jvm.dll+0x3b23f6]
V  [jvm.dll+0x3b26c8]
V  [jvm.dll+0x32ae6c]
V  [jvm.dll+0x32aef7]
V  [jvm.dll+0x370d3c]
V  [jvm.dll+0x36f4ee]
V  [jvm.dll+0x32a5c1]
V  [jvm.dll+0x36ebf0]
V  [jvm.dll+0x86f0b8]
V  [jvm.dll+0x870434]
V  [jvm.dll+0x870970]
V  [jvm.dll+0x870c03]
V  [jvm.dll+0x80eac8]
V  [jvm.dll+0x6d512d]
C  [ucrtbase.dll+0x2cd30]
C  [KERNEL32.DLL+0x2cd87]
C  [ntdll.dll+0xacaec]

VM_Operation (0x000000d0a3ff9eb0): G1CollectForAllocation, mode: safepoint, requested by thread 0x0000028f1dec0a20


---------------  P R O C E S S  ---------------

Threads class SMR info:
_java_thread_list=0x0000028f1c1a1e00, length=177, elements={
0x0000028f7a29ba00, 0x0000028f7ef6afd0, 0x0000028f7ef9bf30, 0x0000028f7efb8a60,
0x0000028f7efba0e0, 0x0000028f7efbb8c0, 0x0000028f7efbbf30, 0x0000028f7efbf140,
0x0000028f7efbfed0, 0x0000028f7efc1110, 0x0000028f7f363030, 0x0000028f18080190,
0x0000028f181e60f0, 0x0000028f181172a0, 0x0000028f181a04b0, 0x0000028f181e3200,
0x0000028f182ed5b0, 0x0000028f1848cd60, 0x0000028f1848a600, 0x0000028f1848c6d0,
0x0000028f1848c040, 0x0000028f1848ac90, 0x0000028f1848d3f0, 0x0000028f1848b320,
0x0000028f1848da80, 0x0000028f1b2b2830, 0x0000028f1b2b0df0, 0x0000028f1b2b1b10,
0x0000028f1b2b3550, 0x0000028f1b2b00d0, 0x0000028f1b2b21a0, 0x0000028f1b2b2ec0,
0x0000028f1b2b3be0, 0x0000028f1b2b0760, 0x0000028f1b2b7060, 0x0000028f1b2b4f90,
0x0000028f1b2b5620, 0x0000028f1b2b5cb0, 0x0000028f1b2b6340, 0x0000028f1b2b4270,
0x0000028f1b2b69d0, 0x0000028f1b6fe450, 0x0000028f1b6fd730, 0x0000028f1b6ffe90,
0x0000028f1b700520, 0x0000028f1b6fd0a0, 0x0000028f1b6fddc0, 0x0000028f1b6feae0,
0x0000028f1b6ff170, 0x0000028f1b6ff800, 0x0000028f1c516dd0, 0x0000028f1c514670,
0x0000028f1c515390, 0x0000028f1c515a20, 0x0000028f1c516740, 0x0000028f1c518ea0,
0x0000028f1c5160b0, 0x0000028f1c519bc0, 0x0000028f1c51a8e0, 0x0000028f1c51af70,
0x0000028f1c51a250, 0x0000028f1aec56d0, 0x0000028f1aec5d60, 0x0000028f1aec77a0,
0x0000028f1aec63f0, 0x0000028f1aec6a80, 0x0000028f1aec4320, 0x0000028f1aec7110,
0x0000028f1aec7e30, 0x0000028f1aec49b0, 0x0000028f1aec84c0, 0x0000028f1aec5040,
0x0000028f1aeca590, 0x0000028f1aec9870, 0x0000028f1aec8b50, 0x0000028f1aec9f00,
0x0000028f1aecac20, 0x0000028f1aecb2b0, 0x0000028f1aec91e0, 0x0000028f1aecb940,
0x0000028f191a3450, 0x0000028f191a0cf0, 0x0000028f191a3ae0, 0x0000028f191a0660,
0x0000028f191a2730, 0x0000028f191a1380, 0x0000028f191a20a0, 0x0000028f191a4170,
0x0000028f191a5520, 0x0000028f1be9aa20, 0x0000028f195923e0, 0x0000028f1e07e200,
0x0000028f191a5bb0, 0x0000028f191a6240, 0x0000028f191a7c80, 0x0000028f191a68d0,
0x0000028f191a6f60, 0x0000028f1be9bdd0, 0x0000028f1be98950, 0x0000028f1be99d00,
0x0000028f1be9c460, 0x0000028f1be98fe0, 0x0000028f1be9ebc0, 0x0000028f1be9d810,
0x0000028f1be9e530, 0x0000028f1dec2460, 0x0000028f1debf670, 0x0000028f1debefe0,
0x0000028f1debfd00, 0x0000028f1dec0390, 0x0000028f1dec0a20, 0x0000028f1dec10b0,
0x0000028f1dec1dd0, 0x0000028f1dec1740, 0x0000028f19aa5b90, 0x0000028f19aa4e70,
0x0000028f19aa4150, 0x0000028f19aa3430, 0x0000028f19aa5500, 0x0000028f19aa6f40,
0x0000028f19aa47e0, 0x0000028f19aa6220, 0x0000028f19aa68b0, 0x0000028f19aa3ac0,
0x0000028f19aa9d30, 0x0000028f19aa75d0, 0x0000028f19aaa3c0, 0x0000028f19aa7c60,
0x0000028f19aa82f0, 0x0000028f19aa8980, 0x0000028f19aa9010, 0x0000028f19aa96a0,
0x0000028f19aaaa50, 0x0000028f19899ba0, 0x0000028f198987f0, 0x0000028f19897440,
0x0000028f19898160, 0x0000028f19897ad0, 0x0000028f1989a8c0, 0x0000028f19898e80,
0x0000028f1989bc70, 0x0000028f1989a230, 0x0000028f1989c990, 0x0000028f1989b5e0,
0x0000028f1989af50, 0x0000028f1989c300, 0x0000028f19899510, 0x0000028f1989d020,
0x0000028f1989d6b0, 0x0000028f1989e3d0, 0x0000028f230b8fa0, 0x0000028f230b8910,
0x0000028f230b9630, 0x0000028f230b61b0, 0x0000028f230b8280, 0x0000028f230b9cc0,
0x0000028f230b7560, 0x0000028f230b6840, 0x0000028f230b6ed0, 0x0000028f230b7bf0,
0x0000028f2319a2e0, 0x0000028f231995c0, 0x0000028f23196e60, 0x0000028f23198f30,
0x0000028f23197b80, 0x0000028f2319a970, 0x0000028f231974f0, 0x0000028f2319b690,
0x0000028f23198210, 0x0000028f23199c50, 0x0000028f2319b000, 0x0000028f2319bd20,
0x0000028f231988a0, 0x0000028f2319c3b0, 0x0000028f2319f1a0, 0x0000028f2319d760,
0x0000028f2319fec0
}

Java Threads: ( => current thread )
  0x0000028f7a29ba00 JavaThread "main"                              [_thread_blocked, id=9924, stack(0x000000d09bf00000,0x000000d09c000000) (1024K)]
  0x0000028f7ef6afd0 JavaThread "Common-Cleaner"             daemon [_thread_blocked, id=10808, stack(0x000000d09c700000,0x000000d09c800000) (1024K)]
  0x0000028f7ef9bf30 JavaThread "Reference Handler"          daemon [_thread_blocked, id=4468, stack(0x000000d09c800000,0x000000d09c900000) (1024K)]
  0x0000028f7efb8a60 JavaThread "Finalizer"                  daemon [_thread_blocked, id=13232, stack(0x000000d09c900000,0x000000d09ca00000) (1024K)]
  0x0000028f7efba0e0 JavaThread "Signal Dispatcher"          daemon [_thread_blocked, id=17464, stack(0x000000d09ca00000,0x000000d09cb00000) (1024K)]
  0x0000028f7efbb8c0 JavaThread "Attach Listener"            daemon [_thread_blocked, id=19036, stack(0x000000d09cb00000,0x000000d09cc00000) (1024K)]
  0x0000028f7efbbf30 JavaThread "Service Thread"             daemon [_thread_blocked, id=5476, stack(0x000000d09cc00000,0x000000d09cd00000) (1024K)]
  0x0000028f7efbf140 JavaThread "Monitor Deflation Thread"   daemon [_thread_blocked, id=16600, stack(0x000000d09cd00000,0x000000d09ce00000) (1024K)]
  0x0000028f7efbfed0 JavaThread "C2 CompilerThread0"         daemon [_thread_in_native, id=15144, stack(0x000000d09ce00000,0x000000d09cf00000) (1024K)]
  0x0000028f7efc1110 JavaThread "C1 CompilerThread0"         daemon [_thread_blocked, id=12016, stack(0x000000d09cf00000,0x000000d09d000000) (1024K)]
  0x0000028f7f363030 JavaThread "Notification Thread"        daemon [_thread_blocked, id=2628, stack(0x000000d09d000000,0x000000d09d100000) (1024K)]
  0x0000028f18080190 JavaThread "Daemon health stats"               [_thread_blocked, id=14224, stack(0x000000d09d900000,0x000000d09da00000) (1024K)]
  0x0000028f181e60f0 JavaThread "Incoming local TCP Connector on port 59563"        [_thread_in_native, id=12348, stack(0x000000d09da00000,0x000000d09db00000) (1024K)]
  0x0000028f181172a0 JavaThread "Daemon periodic checks"            [_thread_blocked, id=8240, stack(0x000000d09db00000,0x000000d09dc00000) (1024K)]
  0x0000028f181a04b0 JavaThread "Daemon"                            [_thread_blocked, id=9068, stack(0x000000d09dc00000,0x000000d09dd00000) (1024K)]
  0x0000028f181e3200 JavaThread "Handler for socket connection from /127.0.0.1:59563 to /127.0.0.1:59564"        [_thread_in_native, id=16328, stack(0x000000d09dd00000,0x000000d09de00000) (1024K)]
  0x0000028f182ed5b0 JavaThread "Cancel handler"                    [_thread_blocked, id=12888, stack(0x000000d09de00000,0x000000d09df00000) (1024K)]
  0x0000028f1848cd60 JavaThread "Daemon worker"                     [_thread_blocked, id=14588, stack(0x000000d09df00000,0x000000d09e000000) (1024K)]
  0x0000028f1848a600 JavaThread "Asynchronous log dispatcher for DefaultDaemonConnection: socket connection from /127.0.0.1:59563 to /127.0.0.1:59564"        [_thread_blocked, id=16496, stack(0x000000d09e000000,0x000000d09e100000) (1024K)]
  0x0000028f1848c6d0 JavaThread "Stdin handler"                     [_thread_blocked, id=10708, stack(0x000000d09e100000,0x000000d09e200000) (1024K)]
  0x0000028f1848c040 JavaThread "Daemon client event forwarder"        [_thread_blocked, id=8400, stack(0x000000d09e200000,0x000000d09e300000) (1024K)]
  0x0000028f1848ac90 JavaThread "Cache worker for journal cache (C:\Users\Mica\.gradle\caches\journal-1)"        [_thread_blocked, id=9604, stack(0x000000d09e800000,0x000000d09e900000) (1024K)]
  0x0000028f1848d3f0 JavaThread "File lock request listener"        [_thread_in_native, id=12540, stack(0x000000d09e900000,0x000000d09ea00000) (1024K)]
  0x0000028f1848b320 JavaThread "Cache worker for file hash cache (C:\Users\Mica\.gradle\caches\8.13\fileHashes)"        [_thread_blocked, id=2172, stack(0x000000d09ea00000,0x000000d09eb00000) (1024K)]
  0x0000028f1848da80 JavaThread "Cache worker for file hash cache (C:\Users\Mica\OneDrive\Pictures\WAD\finalmadexam\.gradle\8.13\fileHashes)"        [_thread_blocked, id=4472, stack(0x000000d09eb00000,0x000000d09ec00000) (1024K)]
  0x0000028f1b2b2830 JavaThread "Cache worker for Build Output Cleanup Cache (C:\Users\Mica\OneDrive\Pictures\WAD\finalmadexam\.gradle\buildOutputCleanup)"        [_thread_blocked, id=11448, stack(0x000000d09ec00000,0x000000d09ed00000) (1024K)]
  0x0000028f1b2b0df0 JavaThread "File watcher server"        daemon [_thread_blocked, id=3824, stack(0x000000d09ed00000,0x000000d09ee00000) (1024K)]
  0x0000028f1b2b1b10 JavaThread "File watcher consumer"      daemon [_thread_blocked, id=5784, stack(0x000000d09ee00000,0x000000d09ef00000) (1024K)]
  0x0000028f1b2b3550 JavaThread "jar transforms"                    [_thread_blocked, id=21616, stack(0x000000d09ef00000,0x000000d09f000000) (1024K)]
  0x0000028f1b2b00d0 JavaThread "jar transforms Thread 2"           [_thread_blocked, id=18604, stack(0x000000d09f000000,0x000000d09f100000) (1024K)]
  0x0000028f1b2b21a0 JavaThread "Cache worker for checksums cache (C:\Users\Mica\OneDrive\Pictures\WAD\finalmadexam\.gradle\8.13\checksums)"        [_thread_blocked, id=10360, stack(0x000000d09f100000,0x000000d09f200000) (1024K)]
  0x0000028f1b2b2ec0 JavaThread "Cache worker for file content cache (C:\Users\Mica\.gradle\caches\8.13\fileContent)"        [_thread_blocked, id=14116, stack(0x000000d09f200000,0x000000d09f300000) (1024K)]
  0x0000028f1b2b3be0 JavaThread "jar transforms Thread 3"           [_thread_blocked, id=2436, stack(0x000000d09f300000,0x000000d09f400000) (1024K)]
  0x0000028f1b2b0760 JavaThread "Cache worker for cache directory md-supplier (C:\Users\Mica\.gradle\caches\8.13\md-supplier)"        [_thread_blocked, id=18452, stack(0x000000d09f400000,0x000000d09f500000) (1024K)]
  0x0000028f1b2b7060 JavaThread "Cache worker for cache directory md-rule (C:\Users\Mica\.gradle\caches\8.13\md-rule)"        [_thread_blocked, id=15616, stack(0x000000d09f500000,0x000000d09f600000) (1024K)]
  0x0000028f1b2b4f90 JavaThread "Unconstrained build operations"        [_thread_blocked, id=7468, stack(0x000000d09f600000,0x000000d09f700000) (1024K)]
  0x0000028f1b2b5620 JavaThread "Unconstrained build operations Thread 2"        [_thread_blocked, id=21296, stack(0x000000d09f700000,0x000000d09f800000) (1024K)]
  0x0000028f1b2b5cb0 JavaThread "Unconstrained build operations Thread 3"        [_thread_blocked, id=2208, stack(0x000000d09f800000,0x000000d09f900000) (1024K)]
  0x0000028f1b2b6340 JavaThread "Unconstrained build operations Thread 4"        [_thread_blocked, id=22152, stack(0x000000d09f900000,0x000000d09fa00000) (1024K)]
  0x0000028f1b2b4270 JavaThread "Unconstrained build operations Thread 5"        [_thread_blocked, id=12952, stack(0x000000d09fa00000,0x000000d09fb00000) (1024K)]
  0x0000028f1b2b69d0 JavaThread "Unconstrained build operations Thread 6"        [_thread_blocked, id=8340, stack(0x000000d09fb00000,0x000000d09fc00000) (1024K)]
  0x0000028f1b6fe450 JavaThread "Unconstrained build operations Thread 7"        [_thread_blocked, id=14668, stack(0x000000d09fc00000,0x000000d09fd00000) (1024K)]
  0x0000028f1b6fd730 JavaThread "Unconstrained build operations Thread 8"        [_thread_blocked, id=11220, stack(0x000000d09fd00000,0x000000d09fe00000) (1024K)]
  0x0000028f1b6ffe90 JavaThread "Unconstrained build operations Thread 9"        [_thread_blocked, id=19984, stack(0x000000d09fe00000,0x000000d09ff00000) (1024K)]
  0x0000028f1b700520 JavaThread "Unconstrained build operations Thread 10"        [_thread_blocked, id=2360, stack(0x000000d09ff00000,0x000000d0a0000000) (1024K)]
  0x0000028f1b6fd0a0 JavaThread "jar transforms Thread 4"           [_thread_blocked, id=14196, stack(0x000000d0a0000000,0x000000d0a0100000) (1024K)]
  0x0000028f1b6fddc0 JavaThread "jar transforms Thread 5"           [_thread_blocked, id=14276, stack(0x000000d0a0100000,0x000000d0a0200000) (1024K)]
  0x0000028f1b6feae0 JavaThread "Unconstrained build operations Thread 11"        [_thread_blocked, id=20060, stack(0x000000d0a0200000,0x000000d0a0300000) (1024K)]
  0x0000028f1b6ff170 JavaThread "Unconstrained build operations Thread 12"        [_thread_blocked, id=20484, stack(0x000000d0a0300000,0x000000d0a0400000) (1024K)]
  0x0000028f1b6ff800 JavaThread "Unconstrained build operations Thread 13"        [_thread_blocked, id=19400, stack(0x000000d0a0400000,0x000000d0a0500000) (1024K)]
  0x0000028f1c516dd0 JavaThread "Unconstrained build operations Thread 14"        [_thread_blocked, id=15380, stack(0x000000d0a0500000,0x000000d0a0600000) (1024K)]
  0x0000028f1c514670 JavaThread "Unconstrained build operations Thread 15"        [_thread_blocked, id=18544, stack(0x000000d0a0600000,0x000000d0a0700000) (1024K)]
  0x0000028f1c515390 JavaThread "jar transforms Thread 6"           [_thread_blocked, id=12156, stack(0x000000d0a0700000,0x000000d0a0800000) (1024K)]
  0x0000028f1c515a20 JavaThread "jar transforms Thread 7"           [_thread_blocked, id=8472, stack(0x000000d0a0800000,0x000000d0a0900000) (1024K)]
  0x0000028f1c516740 JavaThread "jar transforms Thread 8"           [_thread_blocked, id=16072, stack(0x000000d0a0900000,0x000000d0a0a00000) (1024K)]
  0x0000028f1c518ea0 JavaThread "Unconstrained build operations Thread 16"        [_thread_blocked, id=20428, stack(0x000000d0a0a00000,0x000000d0a0b00000) (1024K)]
  0x0000028f1c5160b0 JavaThread "Unconstrained build operations Thread 17"        [_thread_blocked, id=19072, stack(0x000000d0a0b00000,0x000000d0a0c00000) (1024K)]
  0x0000028f1c519bc0 JavaThread "Unconstrained build operations Thread 18"        [_thread_blocked, id=5660, stack(0x000000d0a0c00000,0x000000d0a0d00000) (1024K)]
  0x0000028f1c51a8e0 JavaThread "Unconstrained build operations Thread 19"        [_thread_blocked, id=22292, stack(0x000000d0a0d00000,0x000000d0a0e00000) (1024K)]
  0x0000028f1c51af70 JavaThread "Unconstrained build operations Thread 20"        [_thread_blocked, id=18032, stack(0x000000d0a0e00000,0x000000d0a0f00000) (1024K)]
  0x0000028f1c51a250 JavaThread "Unconstrained build operations Thread 21"        [_thread_blocked, id=9472, stack(0x000000d0a0f00000,0x000000d0a1000000) (1024K)]
  0x0000028f1aec56d0 JavaThread "Unconstrained build operations Thread 22"        [_thread_blocked, id=11528, stack(0x000000d0a1000000,0x000000d0a1100000) (1024K)]
  0x0000028f1aec5d60 JavaThread "Unconstrained build operations Thread 23"        [_thread_blocked, id=8152, stack(0x000000d0a1100000,0x000000d0a1200000) (1024K)]
  0x0000028f1aec77a0 JavaThread "Unconstrained build operations Thread 24"        [_thread_blocked, id=2416, stack(0x000000d0a1200000,0x000000d0a1300000) (1024K)]
  0x0000028f1aec63f0 JavaThread "Unconstrained build operations Thread 25"        [_thread_blocked, id=5236, stack(0x000000d0a1300000,0x000000d0a1400000) (1024K)]
  0x0000028f1aec6a80 JavaThread "Unconstrained build operations Thread 26"        [_thread_blocked, id=20856, stack(0x000000d0a1400000,0x000000d0a1500000) (1024K)]
  0x0000028f1aec4320 JavaThread "Unconstrained build operations Thread 27"        [_thread_blocked, id=2856, stack(0x000000d0a1500000,0x000000d0a1600000) (1024K)]
  0x0000028f1aec7110 JavaThread "Unconstrained build operations Thread 28"        [_thread_blocked, id=12096, stack(0x000000d0a1600000,0x000000d0a1700000) (1024K)]
  0x0000028f1aec7e30 JavaThread "Unconstrained build operations Thread 29"        [_thread_blocked, id=19628, stack(0x000000d0a1700000,0x000000d0a1800000) (1024K)]
  0x0000028f1aec49b0 JavaThread "Unconstrained build operations Thread 30"        [_thread_blocked, id=12412, stack(0x000000d0a1800000,0x000000d0a1900000) (1024K)]
  0x0000028f1aec84c0 JavaThread "Unconstrained build operations Thread 31"        [_thread_blocked, id=9792, stack(0x000000d0a1900000,0x000000d0a1a00000) (1024K)]
  0x0000028f1aec5040 JavaThread "Unconstrained build operations Thread 32"        [_thread_blocked, id=16316, stack(0x000000d0a1a00000,0x000000d0a1b00000) (1024K)]
  0x0000028f1aeca590 JavaThread "Unconstrained build operations Thread 33"        [_thread_blocked, id=21760, stack(0x000000d0a1b00000,0x000000d0a1c00000) (1024K)]
  0x0000028f1aec9870 JavaThread "Unconstrained build operations Thread 34"        [_thread_blocked, id=4988, stack(0x000000d0a1c00000,0x000000d0a1d00000) (1024K)]
  0x0000028f1aec8b50 JavaThread "Unconstrained build operations Thread 35"        [_thread_blocked, id=13124, stack(0x000000d0a1d00000,0x000000d0a1e00000) (1024K)]
  0x0000028f1aec9f00 JavaThread "Unconstrained build operations Thread 36"        [_thread_blocked, id=9348, stack(0x000000d0a1e00000,0x000000d0a1f00000) (1024K)]
  0x0000028f1aecac20 JavaThread "Unconstrained build operations Thread 37"        [_thread_blocked, id=7808, stack(0x000000d0a1f00000,0x000000d0a2000000) (1024K)]
  0x0000028f1aecb2b0 JavaThread "Unconstrained build operations Thread 38"        [_thread_blocked, id=3420, stack(0x000000d0a2000000,0x000000d0a2100000) (1024K)]
  0x0000028f1aec91e0 JavaThread "Unconstrained build operations Thread 39"        [_thread_blocked, id=1824, stack(0x000000d0a2100000,0x000000d0a2200000) (1024K)]
  0x0000028f1aecb940 JavaThread "Unconstrained build operations Thread 40"        [_thread_blocked, id=14264, stack(0x000000d0a2200000,0x000000d0a2300000) (1024K)]
  0x0000028f191a3450 JavaThread "Unconstrained build operations Thread 41"        [_thread_blocked, id=21256, stack(0x000000d0a2300000,0x000000d0a2400000) (1024K)]
  0x0000028f191a0cf0 JavaThread "Unconstrained build operations Thread 42"        [_thread_blocked, id=12796, stack(0x000000d0a2400000,0x000000d0a2500000) (1024K)]
  0x0000028f191a3ae0 JavaThread "Unconstrained build operations Thread 43"        [_thread_blocked, id=20924, stack(0x000000d0a2500000,0x000000d0a2600000) (1024K)]
  0x0000028f191a0660 JavaThread "Unconstrained build operations Thread 44"        [_thread_blocked, id=17588, stack(0x000000d0a2600000,0x000000d0a2700000) (1024K)]
  0x0000028f191a2730 JavaThread "Unconstrained build operations Thread 45"        [_thread_blocked, id=16564, stack(0x000000d0a2700000,0x000000d0a2800000) (1024K)]
  0x0000028f191a1380 JavaThread "Unconstrained build operations Thread 46"        [_thread_blocked, id=2192, stack(0x000000d0a2800000,0x000000d0a2900000) (1024K)]
  0x0000028f191a20a0 JavaThread "Unconstrained build operations Thread 47"        [_thread_blocked, id=19696, stack(0x000000d0a2900000,0x000000d0a2a00000) (1024K)]
  0x0000028f191a4170 JavaThread "Unconstrained build operations Thread 48"        [_thread_blocked, id=10660, stack(0x000000d0a2a00000,0x000000d0a2b00000) (1024K)]
  0x0000028f191a5520 JavaThread "build event listener"              [_thread_blocked, id=10436, stack(0x000000d0a2b00000,0x000000d0a2c00000) (1024K)]
  0x0000028f1be9aa20 JavaThread "Memory manager"                    [_thread_blocked, id=2304, stack(0x000000d0a2c00000,0x000000d0a2d00000) (1024K)]
  0x0000028f195923e0 JavaThread "C2 CompilerThread1"         daemon [_thread_in_native, id=9332, stack(0x000000d09d100000,0x000000d09d200000) (1024K)]
  0x0000028f1e07e200 JavaThread "C2 CompilerThread2"         daemon [_thread_blocked, id=11184, stack(0x000000d09d200000,0x000000d09d300000) (1024K)]
  0x0000028f191a5bb0 JavaThread "included builds"                   [_thread_blocked, id=8836, stack(0x000000d0a2d00000,0x000000d0a2e00000) (1024K)]
  0x0000028f191a6240 JavaThread "Execution worker"                  [_thread_blocked, id=5964, stack(0x000000d0a2e00000,0x000000d0a2f00000) (1024K)]
  0x0000028f191a7c80 JavaThread "Execution worker Thread 2"         [_thread_blocked, id=1544, stack(0x000000d0a2f00000,0x000000d0a3000000) (1024K)]
  0x0000028f191a68d0 JavaThread "Execution worker Thread 3"         [_thread_blocked, id=19680, stack(0x000000d0a3000000,0x000000d0a3100000) (1024K)]
  0x0000028f191a6f60 JavaThread "Execution worker Thread 4"         [_thread_blocked, id=11920, stack(0x000000d0a3100000,0x000000d0a3200000) (1024K)]
  0x0000028f1be9bdd0 JavaThread "Execution worker Thread 5"         [_thread_blocked, id=4724, stack(0x000000d0a3200000,0x000000d0a3300000) (1024K)]
  0x0000028f1be98950 JavaThread "Execution worker Thread 6"         [_thread_blocked, id=21316, stack(0x000000d0a3300000,0x000000d0a3400000) (1024K)]
  0x0000028f1be99d00 JavaThread "Execution worker Thread 7"         [_thread_blocked, id=4920, stack(0x000000d0a3400000,0x000000d0a3500000) (1024K)]
  0x0000028f1be9c460 JavaThread "Execution worker Thread 8"         [_thread_blocked, id=15776, stack(0x000000d0a3500000,0x000000d0a3600000) (1024K)]
  0x0000028f1be98fe0 JavaThread "Execution worker Thread 9"         [_thread_blocked, id=18580, stack(0x000000d0a3600000,0x000000d0a3700000) (1024K)]
  0x0000028f1be9ebc0 JavaThread "Execution worker Thread 10"        [_thread_blocked, id=8452, stack(0x000000d0a3700000,0x000000d0a3800000) (1024K)]
  0x0000028f1be9d810 JavaThread "Execution worker Thread 11"        [_thread_blocked, id=1352, stack(0x000000d0a3800000,0x000000d0a3900000) (1024K)]
  0x0000028f1be9e530 JavaThread "Cache worker for execution history cache (C:\Users\Mica\OneDrive\Pictures\WAD\finalmadexam\.gradle\8.13\executionHistory)"        [_thread_blocked, id=10064, stack(0x000000d0a3900000,0x000000d0a3a00000) (1024K)]
  0x0000028f1dec2460 JavaThread "Unconstrained build operations Thread 49"        [_thread_blocked, id=8456, stack(0x000000d0a3a00000,0x000000d0a3b00000) (1024K)]
  0x0000028f1debf670 JavaThread "Unconstrained build operations Thread 50"        [_thread_blocked, id=20432, stack(0x000000d0a3b00000,0x000000d0a3c00000) (1024K)]
  0x0000028f1debefe0 JavaThread "Unconstrained build operations Thread 51"        [_thread_blocked, id=7904, stack(0x000000d0a3c00000,0x000000d0a3d00000) (1024K)]
  0x0000028f1debfd00 JavaThread "Unconstrained build operations Thread 52"        [_thread_blocked, id=16824, stack(0x000000d0a3d00000,0x000000d0a3e00000) (1024K)]
  0x0000028f1dec0390 JavaThread "Unconstrained build operations Thread 53"        [_thread_blocked, id=4004, stack(0x000000d0a3e00000,0x000000d0a3f00000) (1024K)]
  0x0000028f1dec0a20 JavaThread "Unconstrained build operations Thread 54"        [_thread_blocked, id=1760, stack(0x000000d0a3f00000,0x000000d0a4000000) (1024K)]
  0x0000028f1dec10b0 JavaThread "Unconstrained build operations Thread 55"        [_thread_blocked, id=12072, stack(0x000000d0a4000000,0x000000d0a4100000) (1024K)]
  0x0000028f1dec1dd0 JavaThread "Unconstrained build operations Thread 56"        [_thread_blocked, id=9340, stack(0x000000d0a4100000,0x000000d0a4200000) (1024K)]
  0x0000028f1dec1740 JavaThread "Unconstrained build operations Thread 57"        [_thread_blocked, id=3692, stack(0x000000d0a4200000,0x000000d0a4300000) (1024K)]
  0x0000028f19aa5b90 JavaThread "Unconstrained build operations Thread 58"        [_thread_blocked, id=1968, stack(0x000000d0a4300000,0x000000d0a4400000) (1024K)]
  0x0000028f19aa4e70 JavaThread "Unconstrained build operations Thread 59"        [_thread_blocked, id=10792, stack(0x000000d0a4400000,0x000000d0a4500000) (1024K)]
  0x0000028f19aa4150 JavaThread "Unconstrained build operations Thread 60"        [_thread_blocked, id=11500, stack(0x000000d0a4500000,0x000000d0a4600000) (1024K)]
  0x0000028f19aa3430 JavaThread "Unconstrained build operations Thread 61"        [_thread_blocked, id=408, stack(0x000000d0a4600000,0x000000d0a4700000) (1024K)]
  0x0000028f19aa5500 JavaThread "Unconstrained build operations Thread 62"        [_thread_blocked, id=17916, stack(0x000000d0a4700000,0x000000d0a4800000) (1024K)]
  0x0000028f19aa6f40 JavaThread "Unconstrained build operations Thread 63"        [_thread_blocked, id=7012, stack(0x000000d0a4800000,0x000000d0a4900000) (1024K)]
  0x0000028f19aa47e0 JavaThread "Unconstrained build operations Thread 64"        [_thread_blocked, id=10988, stack(0x000000d0a4900000,0x000000d0a4a00000) (1024K)]
  0x0000028f19aa6220 JavaThread "Unconstrained build operations Thread 65"        [_thread_blocked, id=2392, stack(0x000000d0a4a00000,0x000000d0a4b00000) (1024K)]
  0x0000028f19aa68b0 JavaThread "Unconstrained build operations Thread 66"        [_thread_blocked, id=21492, stack(0x000000d0a4b00000,0x000000d0a4c00000) (1024K)]
  0x0000028f19aa3ac0 JavaThread "Unconstrained build operations Thread 67"        [_thread_blocked, id=15596, stack(0x000000d0a4c00000,0x000000d0a4d00000) (1024K)]
  0x0000028f19aa9d30 JavaThread "Unconstrained build operations Thread 68"        [_thread_blocked, id=2864, stack(0x000000d0a4d00000,0x000000d0a4e00000) (1024K)]
  0x0000028f19aa75d0 JavaThread "Unconstrained build operations Thread 69"        [_thread_blocked, id=13240, stack(0x000000d0a4e00000,0x000000d0a4f00000) (1024K)]
  0x0000028f19aaa3c0 JavaThread "Unconstrained build operations Thread 70"        [_thread_blocked, id=4168, stack(0x000000d0a4f00000,0x000000d0a5000000) (1024K)]
  0x0000028f19aa7c60 JavaThread "Unconstrained build operations Thread 71"        [_thread_blocked, id=2324, stack(0x000000d0a5000000,0x000000d0a5100000) (1024K)]
  0x0000028f19aa82f0 JavaThread "Unconstrained build operations Thread 72"        [_thread_blocked, id=5008, stack(0x000000d0a5100000,0x000000d0a5200000) (1024K)]
  0x0000028f19aa8980 JavaThread "Unconstrained build operations Thread 73"        [_thread_blocked, id=9740, stack(0x000000d0a5200000,0x000000d0a5300000) (1024K)]
  0x0000028f19aa9010 JavaThread "Unconstrained build operations Thread 74"        [_thread_blocked, id=20204, stack(0x000000d0a5300000,0x000000d0a5400000) (1024K)]
  0x0000028f19aa96a0 JavaThread "Unconstrained build operations Thread 75"        [_thread_blocked, id=5948, stack(0x000000d0a5400000,0x000000d0a5500000) (1024K)]
  0x0000028f19aaaa50 JavaThread "Unconstrained build operations Thread 76"        [_thread_blocked, id=6420, stack(0x000000d0a5500000,0x000000d0a5600000) (1024K)]
  0x0000028f19899ba0 JavaThread "Unconstrained build operations Thread 77"        [_thread_blocked, id=20892, stack(0x000000d0a5600000,0x000000d0a5700000) (1024K)]
  0x0000028f198987f0 JavaThread "Unconstrained build operations Thread 78"        [_thread_blocked, id=1140, stack(0x000000d0a5700000,0x000000d0a5800000) (1024K)]
  0x0000028f19897440 JavaThread "Unconstrained build operations Thread 79"        [_thread_blocked, id=10540, stack(0x000000d0a5800000,0x000000d0a5900000) (1024K)]
  0x0000028f19898160 JavaThread "Unconstrained build operations Thread 80"        [_thread_blocked, id=20244, stack(0x000000d0a5900000,0x000000d0a5a00000) (1024K)]
  0x0000028f19897ad0 JavaThread "Unconstrained build operations Thread 81"        [_thread_blocked, id=17228, stack(0x000000d0a5a00000,0x000000d0a5b00000) (1024K)]
  0x0000028f1989a8c0 JavaThread "Unconstrained build operations Thread 82"        [_thread_blocked, id=5088, stack(0x000000d0a5b00000,0x000000d0a5c00000) (1024K)]
  0x0000028f19898e80 JavaThread "Unconstrained build operations Thread 83"        [_thread_blocked, id=15580, stack(0x000000d0a5c00000,0x000000d0a5d00000) (1024K)]
  0x0000028f1989bc70 JavaThread "Unconstrained build operations Thread 84"        [_thread_blocked, id=4840, stack(0x000000d0a5d00000,0x000000d0a5e00000) (1024K)]
  0x0000028f1989a230 JavaThread "Unconstrained build operations Thread 85"        [_thread_blocked, id=2680, stack(0x000000d0a5e00000,0x000000d0a5f00000) (1024K)]
  0x0000028f1989c990 JavaThread "Unconstrained build operations Thread 86"        [_thread_blocked, id=21196, stack(0x000000d0a5f00000,0x000000d0a6000000) (1024K)]
  0x0000028f1989b5e0 JavaThread "Unconstrained build operations Thread 87"        [_thread_blocked, id=18504, stack(0x000000d0a6000000,0x000000d0a6100000) (1024K)]
  0x0000028f1989af50 JavaThread "Unconstrained build operations Thread 88"        [_thread_blocked, id=14300, stack(0x000000d0a6100000,0x000000d0a6200000) (1024K)]
  0x0000028f1989c300 JavaThread "Unconstrained build operations Thread 89"        [_thread_blocked, id=13556, stack(0x000000d0a6200000,0x000000d0a6300000) (1024K)]
  0x0000028f19899510 JavaThread "Unconstrained build operations Thread 90"        [_thread_blocked, id=5832, stack(0x000000d0a6300000,0x000000d0a6400000) (1024K)]
  0x0000028f1989d020 JavaThread "Unconstrained build operations Thread 91"        [_thread_blocked, id=17936, stack(0x000000d0a6400000,0x000000d0a6500000) (1024K)]
  0x0000028f1989d6b0 JavaThread "Unconstrained build operations Thread 92"        [_thread_blocked, id=22480, stack(0x000000d0a6500000,0x000000d0a6600000) (1024K)]
  0x0000028f1989e3d0 JavaThread "Unconstrained build operations Thread 93"        [_thread_blocked, id=7444, stack(0x000000d0a6600000,0x000000d0a6700000) (1024K)]
  0x0000028f230b8fa0 JavaThread "Unconstrained build operations Thread 94"        [_thread_blocked, id=14088, stack(0x000000d0a6700000,0x000000d0a6800000) (1024K)]
  0x0000028f230b8910 JavaThread "Unconstrained build operations Thread 95"        [_thread_blocked, id=19364, stack(0x000000d0a6800000,0x000000d0a6900000) (1024K)]
  0x0000028f230b9630 JavaThread "Unconstrained build operations Thread 96"        [_thread_blocked, id=21132, stack(0x000000d0a6900000,0x000000d0a6a00000) (1024K)]
  0x0000028f230b61b0 JavaThread "Unconstrained build operations Thread 97"        [_thread_blocked, id=9120, stack(0x000000d0a6a00000,0x000000d0a6b00000) (1024K)]
  0x0000028f230b8280 JavaThread "Unconstrained build operations Thread 98"        [_thread_blocked, id=20464, stack(0x000000d0a6b00000,0x000000d0a6c00000) (1024K)]
  0x0000028f230b9cc0 JavaThread "Unconstrained build operations Thread 99"        [_thread_blocked, id=16388, stack(0x000000d0a6c00000,0x000000d0a6d00000) (1024K)]
  0x0000028f230b7560 JavaThread "Unconstrained build operations Thread 100"        [_thread_blocked, id=16596, stack(0x000000d0a6d00000,0x000000d0a6e00000) (1024K)]
  0x0000028f230b6840 JavaThread "Unconstrained build operations Thread 101"        [_thread_blocked, id=10132, stack(0x000000d0a6e00000,0x000000d0a6f00000) (1024K)]
  0x0000028f230b6ed0 JavaThread "Unconstrained build operations Thread 102"        [_thread_blocked, id=20436, stack(0x000000d0a6f00000,0x000000d0a7000000) (1024K)]
  0x0000028f230b7bf0 JavaThread "Unconstrained build operations Thread 103"        [_thread_blocked, id=9444, stack(0x000000d0a7000000,0x000000d0a7100000) (1024K)]
  0x0000028f2319a2e0 JavaThread "Unconstrained build operations Thread 104"        [_thread_blocked, id=11988, stack(0x000000d0a7100000,0x000000d0a7200000) (1024K)]
  0x0000028f231995c0 JavaThread "Unconstrained build operations Thread 105"        [_thread_blocked, id=10164, stack(0x000000d0a7200000,0x000000d0a7300000) (1024K)]
  0x0000028f23196e60 JavaThread "Unconstrained build operations Thread 106"        [_thread_blocked, id=15868, stack(0x000000d0a7300000,0x000000d0a7400000) (1024K)]
  0x0000028f23198f30 JavaThread "Unconstrained build operations Thread 107"        [_thread_blocked, id=8, stack(0x000000d0a7400000,0x000000d0a7500000) (1024K)]
  0x0000028f23197b80 JavaThread "Unconstrained build operations Thread 108"        [_thread_blocked, id=19244, stack(0x000000d0a7500000,0x000000d0a7600000) (1024K)]
  0x0000028f2319a970 JavaThread "Unconstrained build operations Thread 109"        [_thread_blocked, id=7828, stack(0x000000d0a7600000,0x000000d0a7700000) (1024K)]
  0x0000028f231974f0 JavaThread "Unconstrained build operations Thread 110"        [_thread_blocked, id=2892, stack(0x000000d0a7700000,0x000000d0a7800000) (1024K)]
  0x0000028f2319b690 JavaThread "Unconstrained build operations Thread 111"        [_thread_blocked, id=5284, stack(0x000000d0a7800000,0x000000d0a7900000) (1024K)]
  0x0000028f23198210 JavaThread "Unconstrained build operations Thread 112"        [_thread_blocked, id=4924, stack(0x000000d0a7900000,0x000000d0a7a00000) (1024K)]
  0x0000028f23199c50 JavaThread "Unconstrained build operations Thread 113"        [_thread_blocked, id=12780, stack(0x000000d0a7a00000,0x000000d0a7b00000) (1024K)]
  0x0000028f2319b000 JavaThread "Unconstrained build operations Thread 114"        [_thread_blocked, id=1804, stack(0x000000d0a7b00000,0x000000d0a7c00000) (1024K)]
  0x0000028f2319bd20 JavaThread "Unconstrained build operations Thread 115"        [_thread_blocked, id=3932, stack(0x000000d0a7c00000,0x000000d0a7d00000) (1024K)]
  0x0000028f231988a0 JavaThread "Unconstrained build operations Thread 116"        [_thread_blocked, id=21208, stack(0x000000d0a7d00000,0x000000d0a7e00000) (1024K)]
  0x0000028f2319c3b0 JavaThread "Unconstrained build operations Thread 117"        [_thread_blocked, id=11088, stack(0x000000d0a7e00000,0x000000d0a7f00000) (1024K)]
  0x0000028f2319f1a0 JavaThread "Unconstrained build operations Thread 118"        [_thread_blocked, id=18644, stack(0x000000d0a7f00000,0x000000d0a8000000) (1024K)]
  0x0000028f2319d760 JavaThread "Unconstrained build operations Thread 119"        [_thread_blocked, id=13340, stack(0x000000d0a8000000,0x000000d0a8100000) (1024K)]
  0x0000028f2319fec0 JavaThread "Unconstrained build operations Thread 120"        [_thread_blocked, id=4520, stack(0x000000d0a8100000,0x000000d0a8200000) (1024K)]
Total: 177

Other Threads:
=>0x0000028f7ef3e840 VMThread "VM Thread"                           [id=12044, stack(0x000000d09c600000,0x000000d09c700000) (1024K)]
  0x0000028f7ed8ae90 WatcherThread "VM Periodic Task Thread"        [id=14100, stack(0x000000d09c500000,0x000000d09c600000) (1024K)]
  0x0000028f7a2f4f70 WorkerThread "GC Thread#0"                     [id=11984, stack(0x000000d09c000000,0x000000d09c100000) (1024K)]
  0x0000028f7f8b2e10 WorkerThread "GC Thread#1"                     [id=10996, stack(0x000000d09d300000,0x000000d09d400000) (1024K)]
  0x0000028f7f620f80 WorkerThread "GC Thread#2"                     [id=17216, stack(0x000000d09d400000,0x000000d09d500000) (1024K)]
  0x0000028f17497770 WorkerThread "GC Thread#3"                     [id=4588, stack(0x000000d09d500000,0x000000d09d600000) (1024K)]
  0x0000028f17497b10 WorkerThread "GC Thread#4"                     [id=14148, stack(0x000000d09d600000,0x000000d09d700000) (1024K)]
  0x0000028f17f8d8b0 WorkerThread "GC Thread#5"                     [id=9128, stack(0x000000d09d700000,0x000000d09d800000) (1024K)]
  0x0000028f17f8dc50 WorkerThread "GC Thread#6"                     [id=18108, stack(0x000000d09d800000,0x000000d09d900000) (1024K)]
  0x0000028f180dfc70 WorkerThread "GC Thread#7"                     [id=22228, stack(0x000000d09e300000,0x000000d09e400000) (1024K)]
  0x0000028f180e03b0 WorkerThread "GC Thread#8"                     [id=4428, stack(0x000000d09e400000,0x000000d09e500000) (1024K)]
  0x0000028f180e0e90 WorkerThread "GC Thread#9"                     [id=9384, stack(0x000000d09e500000,0x000000d09e600000) (1024K)]
  0x0000028f7a305e60 ConcurrentGCThread "G1 Main Marker"            [id=18852, stack(0x000000d09c100000,0x000000d09c200000) (1024K)]
  0x0000028f7a3076b0 WorkerThread "G1 Conc#0"                       [id=14972, stack(0x000000d09c200000,0x000000d09c300000) (1024K)]
  0x0000028f180e1230 WorkerThread "G1 Conc#1"                       [id=5524, stack(0x000000d09e600000,0x000000d09e700000) (1024K)]
  0x0000028f180e0750 WorkerThread "G1 Conc#2"                       [id=12108, stack(0x000000d09e700000,0x000000d09e800000) (1024K)]
  0x0000028f7a35e4c0 ConcurrentGCThread "G1 Refine#0"               [id=19024, stack(0x000000d09c300000,0x000000d09c400000) (1024K)]
  0x0000028f7ec4e150 ConcurrentGCThread "G1 Service"                [id=20944, stack(0x000000d09c400000,0x000000d09c500000) (1024K)]
Total: 18

Threads with active compile tasks:
C2 CompilerThread0  20943 19051 %     4       com.android.tools.r8.internal.l32::a @ 1747 (2024 bytes)
C1 CompilerThread0  20943 19680 % !   2       com.android.tools.r8.internal.b41::a @ 949 (4220 bytes)
C2 CompilerThread1  20943 19032       4       com.android.tools.r8.internal.r31::a (3928 bytes)
C2 CompilerThread2  20943 19648 %     4       com.android.tools.r8.internal.gt::a @ 1540 (4509 bytes)
Total: 4

VM state: at safepoint (normal execution)

VM Mutex/Monitor currently owned by a thread:  ([mutex/lock_event])
[0x00007ffadb4685b8] Threads_lock - owner thread: 0x0000028f7ef3e840
[0x00007ffadb4686b8] Heap_lock - owner thread: 0x0000028f1dec0a20

Heap address: 0x0000000080000000, size: 2048 MB, Compressed Oops mode: 32-bit

CDS archive(s) not mapped
Compressed class space mapped at: 0x0000000100000000-0x0000000140000000, reserved size: 1073741824
Narrow klass base: 0x0000000000000000, Narrow klass shift: 3, Narrow klass range: 0x140000000

GC Precious Log:
 CardTable entry size: 512
 Card Set container configuration: InlinePtr #cards 5 size 8 Array Of Cards #cards 12 size 40 Howl #buckets 4 coarsen threshold 1843 Howl Bitmap #cards 512 size 80 coarsen threshold 460 Card regions per heap region 1 cards per card region 2048
 CPUs: 12 total, 12 available
 Memory: 7879M
 Large Page Support: Disabled
 NUMA Support: Disabled
 Compressed Oops: Enabled (32-bit)
 Heap Region Size: 1M
 Heap Min Capacity: 8M
 Heap Initial Capacity: 124M
 Heap Max Capacity: 2G
 Pre-touch: Disabled
 Parallel Workers: 10
 Concurrent Workers: 3
 Concurrent Refinement Workers: 10
 Periodic GC: Disabled

Heap:
 garbage-first heap   total 574464K, used 207619K [0x0000000080000000, 0x0000000100000000)
  region size 1024K, 23 young (23552K), 23 survivors (23552K)
 Metaspace       used 129530K, committed 131776K, reserved 1179648K
  class space    used 18398K, committed 19456K, reserved 1048576K

Heap Regions: E=young(eden), S=young(survivor), O=old, HS=humongous(starts), HC=humongous(continues), CS=collection set, F=free, TAMS=top-at-mark-start, PB=parsable bottom
|   0|0x0000000080000000, 0x0000000080100000, 0x0000000080100000|100%|HS|  |TAMS 0x0000000080000000| PB 0x0000000080000000| Complete 
|   1|0x0000000080100000, 0x0000000080200000, 0x0000000080200000|100%|HC|  |TAMS 0x0000000080100000| PB 0x0000000080100000| Complete 
|   2|0x0000000080200000, 0x0000000080300000, 0x0000000080300000|100%|HC|  |TAMS 0x0000000080200000| PB 0x0000000080200000| Complete 
|   3|0x0000000080300000, 0x0000000080400000, 0x0000000080400000|100%| O|  |TAMS 0x0000000080300000| PB 0x0000000080300000| Untracked 
|   4|0x0000000080400000, 0x0000000080500000, 0x0000000080500000|100%| O|  |TAMS 0x0000000080400000| PB 0x0000000080400000| Untracked 
|   5|0x0000000080500000, 0x0000000080600000, 0x0000000080600000|100%| O|  |TAMS 0x0000000080500000| PB 0x0000000080500000| Untracked 
|   6|0x0000000080600000, 0x0000000080700000, 0x0000000080700000|100%|HS|  |TAMS 0x0000000080600000| PB 0x0000000080600000| Complete 
|   7|0x0000000080700000, 0x0000000080800000, 0x0000000080800000|100%| O|  |TAMS 0x0000000080700000| PB 0x0000000080700000| Untracked 
|   8|0x0000000080800000, 0x0000000080900000, 0x0000000080900000|100%| O|  |TAMS 0x0000000080800000| PB 0x0000000080800000| Untracked 
|   9|0x0000000080900000, 0x0000000080a00000, 0x0000000080a00000|100%| O|  |TAMS 0x0000000080900000| PB 0x0000000080900000| Untracked 
|  10|0x0000000080a00000, 0x0000000080b00000, 0x0000000080b00000|100%| O|  |TAMS 0x0000000080a00000| PB 0x0000000080a00000| Untracked 
|  11|0x0000000080b00000, 0x0000000080c00000, 0x0000000080c00000|100%| O|  |TAMS 0x0000000080b00000| PB 0x0000000080b00000| Untracked 
|  12|0x0000000080c00000, 0x0000000080d00000, 0x0000000080d00000|100%| O|  |TAMS 0x0000000080c00000| PB 0x0000000080c00000| Untracked 
|  13|0x0000000080d00000, 0x0000000080e00000, 0x0000000080e00000|100%| O|  |TAMS 0x0000000080d00000| PB 0x0000000080d00000| Untracked 
|  14|0x0000000080e00000, 0x0000000080f00000, 0x0000000080f00000|100%| O|  |TAMS 0x0000000080e00000| PB 0x0000000080e00000| Untracked 
|  15|0x0000000080f00000, 0x0000000081000000, 0x0000000081000000|100%| O|  |TAMS 0x0000000080f00000| PB 0x0000000080f00000| Untracked 
|  16|0x0000000081000000, 0x0000000081100000, 0x0000000081100000|100%| O|  |TAMS 0x0000000081000000| PB 0x0000000081000000| Untracked 
|  17|0x0000000081100000, 0x0000000081200000, 0x0000000081200000|100%| O|  |TAMS 0x0000000081100000| PB 0x0000000081100000| Untracked 
|  18|0x0000000081200000, 0x0000000081300000, 0x0000000081300000|100%| O|  |TAMS 0x0000000081200000| PB 0x0000000081200000| Untracked 
|  19|0x0000000081300000, 0x0000000081400000, 0x0000000081400000|100%| O|  |TAMS 0x0000000081300000| PB 0x0000000081300000| Untracked 
|  20|0x0000000081400000, 0x0000000081500000, 0x0000000081500000|100%| O|  |TAMS 0x0000000081400000| PB 0x0000000081400000| Untracked 
|  21|0x0000000081500000, 0x0000000081600000, 0x0000000081600000|100%| O|  |TAMS 0x0000000081500000| PB 0x0000000081500000| Untracked 
|  22|0x0000000081600000, 0x0000000081700000, 0x0000000081700000|100%| O|  |TAMS 0x0000000081600000| PB 0x0000000081600000| Untracked 
|  23|0x0000000081700000, 0x0000000081800000, 0x0000000081800000|100%| O|  |TAMS 0x0000000081700000| PB 0x0000000081700000| Untracked 
|  24|0x0000000081800000, 0x0000000081900000, 0x0000000081900000|100%| O|  |TAMS 0x0000000081800000| PB 0x0000000081800000| Untracked 
|  25|0x0000000081900000, 0x0000000081a00000, 0x0000000081a00000|100%| O|  |TAMS 0x0000000081900000| PB 0x0000000081900000| Untracked 
|  26|0x0000000081a00000, 0x0000000081b00000, 0x0000000081b00000|100%| O|  |TAMS 0x0000000081a00000| PB 0x0000000081a00000| Untracked 
|  27|0x0000000081b00000, 0x0000000081c00000, 0x0000000081c00000|100%| O|  |TAMS 0x0000000081b00000| PB 0x0000000081b00000| Untracked 
|  28|0x0000000081c00000, 0x0000000081d00000, 0x0000000081d00000|100%| O|  |TAMS 0x0000000081c00000| PB 0x0000000081c00000| Untracked 
|  29|0x0000000081d00000, 0x0000000081e00000, 0x0000000081e00000|100%|HS|  |TAMS 0x0000000081d00000| PB 0x0000000081d00000| Complete 
|  30|0x0000000081e00000, 0x0000000081f00000, 0x0000000081f00000|100%|HC|  |TAMS 0x0000000081e00000| PB 0x0000000081e00000| Complete 
|  31|0x0000000081f00000, 0x0000000082000000, 0x0000000082000000|100%| O|  |TAMS 0x0000000081f00000| PB 0x0000000081f00000| Untracked 
|  32|0x0000000082000000, 0x0000000082100000, 0x0000000082100000|100%| O|  |TAMS 0x0000000082000000| PB 0x0000000082000000| Untracked 
|  33|0x0000000082100000, 0x0000000082200000, 0x0000000082200000|100%| O|  |TAMS 0x0000000082100000| PB 0x0000000082100000| Untracked 
|  34|0x0000000082200000, 0x0000000082300000, 0x0000000082300000|100%| O|  |TAMS 0x0000000082200000| PB 0x0000000082200000| Untracked 
|  35|0x0000000082300000, 0x0000000082400000, 0x0000000082400000|100%| O|  |TAMS 0x0000000082300000| PB 0x0000000082300000| Untracked 
|  36|0x0000000082400000, 0x0000000082500000, 0x0000000082500000|100%| O|  |TAMS 0x0000000082400000| PB 0x0000000082400000| Untracked 
|  37|0x0000000082500000, 0x0000000082600000, 0x0000000082600000|100%| O|  |TAMS 0x0000000082500000| PB 0x0000000082500000| Untracked 
|  38|0x0000000082600000, 0x0000000082700000, 0x0000000082700000|100%| O|  |TAMS 0x0000000082600000| PB 0x0000000082600000| Untracked 
|  39|0x0000000082700000, 0x0000000082800000, 0x0000000082800000|100%| O|  |TAMS 0x0000000082700000| PB 0x0000000082700000| Untracked 
|  40|0x0000000082800000, 0x0000000082900000, 0x0000000082900000|100%| O|  |TAMS 0x0000000082800000| PB 0x0000000082800000| Untracked 
|  41|0x0000000082900000, 0x0000000082a00000, 0x0000000082a00000|100%| O|  |TAMS 0x0000000082900000| PB 0x0000000082900000| Untracked 
|  42|0x0000000082a00000, 0x0000000082b00000, 0x0000000082b00000|100%| O|  |TAMS 0x0000000082a00000| PB 0x0000000082a00000| Untracked 
|  43|0x0000000082b00000, 0x0000000082c00000, 0x0000000082c00000|100%| O|  |TAMS 0x0000000082b00000| PB 0x0000000082b00000| Untracked 
|  44|0x0000000082c00000, 0x0000000082d00000, 0x0000000082d00000|100%| O|  |TAMS 0x0000000082c00000| PB 0x0000000082c00000| Untracked 
|  45|0x0000000082d00000, 0x0000000082e00000, 0x0000000082e00000|100%| O|  |TAMS 0x0000000082d00000| PB 0x0000000082d00000| Untracked 
|  46|0x0000000082e00000, 0x0000000082f00000, 0x0000000082f00000|100%| O|  |TAMS 0x0000000082e00000| PB 0x0000000082e00000| Untracked 
|  47|0x0000000082f00000, 0x0000000083000000, 0x0000000083000000|100%| O|  |TAMS 0x0000000082f00000| PB 0x0000000082f00000| Untracked 
|  48|0x0000000083000000, 0x0000000083100000, 0x0000000083100000|100%| O|  |TAMS 0x0000000083000000| PB 0x0000000083000000| Untracked 
|  49|0x0000000083100000, 0x0000000083200000, 0x0000000083200000|100%| O|  |TAMS 0x0000000083100000| PB 0x0000000083100000| Untracked 
|  50|0x0000000083200000, 0x0000000083300000, 0x0000000083300000|100%|HS|  |TAMS 0x0000000083200000| PB 0x0000000083200000| Complete 
|  51|0x0000000083300000, 0x0000000083400000, 0x0000000083400000|100%|HS|  |TAMS 0x0000000083300000| PB 0x0000000083300000| Complete 
|  52|0x0000000083400000, 0x0000000083500000, 0x0000000083500000|100%|HS|  |TAMS 0x0000000083400000| PB 0x0000000083400000| Complete 
|  53|0x0000000083500000, 0x0000000083600000, 0x0000000083600000|100%|HS|  |TAMS 0x0000000083500000| PB 0x0000000083500000| Complete 
|  54|0x0000000083600000, 0x0000000083700000, 0x0000000083700000|100%| O|  |TAMS 0x0000000083600000| PB 0x0000000083600000| Untracked 
|  55|0x0000000083700000, 0x0000000083800000, 0x0000000083800000|100%|HS|  |TAMS 0x0000000083700000| PB 0x0000000083700000| Complete 
|  56|0x0000000083800000, 0x0000000083900000, 0x0000000083900000|100%| O|  |TAMS 0x0000000083800000| PB 0x0000000083800000| Untracked 
|  57|0x0000000083900000, 0x0000000083a00000, 0x0000000083a00000|100%| O|  |TAMS 0x0000000083900000| PB 0x0000000083900000| Untracked 
|  58|0x0000000083a00000, 0x0000000083b00000, 0x0000000083b00000|100%|HS|  |TAMS 0x0000000083a00000| PB 0x0000000083a00000| Complete 
|  59|0x0000000083b00000, 0x0000000083c00000, 0x0000000083c00000|100%| O|  |TAMS 0x0000000083b00000| PB 0x0000000083b00000| Untracked 
|  60|0x0000000083c00000, 0x0000000083d00000, 0x0000000083d00000|100%| O|  |TAMS 0x0000000083c00000| PB 0x0000000083c00000| Untracked 
|  61|0x0000000083d00000, 0x0000000083e00000, 0x0000000083e00000|100%| O|  |TAMS 0x0000000083d00000| PB 0x0000000083d00000| Untracked 
|  62|0x0000000083e00000, 0x0000000083f00000, 0x0000000083f00000|100%| O|  |TAMS 0x0000000083e00000| PB 0x0000000083e00000| Untracked 
|  63|0x0000000083f00000, 0x0000000084000000, 0x0000000084000000|100%| O|  |TAMS 0x0000000083f00000| PB 0x0000000083f00000| Untracked 
|  64|0x0000000084000000, 0x0000000084100000, 0x0000000084100000|100%| O|  |TAMS 0x0000000084000000| PB 0x0000000084000000| Untracked 
|  65|0x0000000084100000, 0x0000000084200000, 0x0000000084200000|100%| O|  |TAMS 0x0000000084100000| PB 0x0000000084100000| Untracked 
|  66|0x0000000084200000, 0x0000000084300000, 0x0000000084300000|100%| O|  |TAMS 0x0000000084200000| PB 0x0000000084200000| Untracked 
|  67|0x0000000084300000, 0x0000000084400000, 0x0000000084400000|100%|HS|  |TAMS 0x0000000084300000| PB 0x0000000084300000| Complete 
|  68|0x0000000084400000, 0x0000000084500000, 0x0000000084500000|100%| O|  |TAMS 0x0000000084400000| PB 0x0000000084400000| Untracked 
|  69|0x0000000084500000, 0x0000000084600000, 0x0000000084600000|100%| O|  |TAMS 0x0000000084500000| PB 0x0000000084500000| Untracked 
|  70|0x0000000084600000, 0x0000000084600000, 0x0000000084700000|  0%| F|  |TAMS 0x0000000084600000| PB 0x0000000084600000| Untracked 
|  71|0x0000000084700000, 0x0000000084800000, 0x0000000084800000|100%| O|  |TAMS 0x0000000084700000| PB 0x0000000084700000| Untracked 
|  72|0x0000000084800000, 0x0000000084900000, 0x0000000084900000|100%| O|  |TAMS 0x0000000084800000| PB 0x0000000084800000| Untracked 
|  73|0x0000000084900000, 0x0000000084a00000, 0x0000000084a00000|100%| O|  |TAMS 0x0000000084900000| PB 0x0000000084900000| Untracked 
|  74|0x0000000084a00000, 0x0000000084b00000, 0x0000000084b00000|100%| O|  |TAMS 0x0000000084a00000| PB 0x0000000084a00000| Untracked 
|  75|0x0000000084b00000, 0x0000000084c00000, 0x0000000084c00000|100%| O|  |TAMS 0x0000000084b00000| PB 0x0000000084b00000| Untracked 
|  76|0x0000000084c00000, 0x0000000084d00000, 0x0000000084d00000|100%| O|  |TAMS 0x0000000084c00000| PB 0x0000000084c00000| Untracked 
|  77|0x0000000084d00000, 0x0000000084e00000, 0x0000000084e00000|100%| O|  |TAMS 0x0000000084d00000| PB 0x0000000084d00000| Untracked 
|  78|0x0000000084e00000, 0x0000000084f00000, 0x0000000084f00000|100%| O|  |TAMS 0x0000000084e00000| PB 0x0000000084e00000| Untracked 
|  79|0x0000000084f00000, 0x0000000085000000, 0x0000000085000000|100%| O|  |TAMS 0x0000000084f00000| PB 0x0000000084f00000| Untracked 
|  80|0x0000000085000000, 0x0000000085100000, 0x0000000085100000|100%| O|  |TAMS 0x0000000085000000| PB 0x0000000085000000| Untracked 
|  81|0x0000000085100000, 0x0000000085200000, 0x0000000085200000|100%| O|  |TAMS 0x0000000085100000| PB 0x0000000085100000| Untracked 
|  82|0x0000000085200000, 0x0000000085300000, 0x0000000085300000|100%| O|  |TAMS 0x0000000085200000| PB 0x0000000085200000| Untracked 
|  83|0x0000000085300000, 0x0000000085400000, 0x0000000085400000|100%| O|  |TAMS 0x0000000085300000| PB 0x0000000085300000| Untracked 
|  84|0x0000000085400000, 0x0000000085500000, 0x0000000085500000|100%| O|  |TAMS 0x0000000085400000| PB 0x0000000085400000| Untracked 
|  85|0x0000000085500000, 0x0000000085600000, 0x0000000085600000|100%| O|  |TAMS 0x0000000085500000| PB 0x0000000085500000| Untracked 
|  86|0x0000000085600000, 0x0000000085700000, 0x0000000085700000|100%| O|  |TAMS 0x0000000085600000| PB 0x0000000085600000| Untracked 
|  87|0x0000000085700000, 0x0000000085800000, 0x0000000085800000|100%| O|  |TAMS 0x0000000085700000| PB 0x0000000085700000| Untracked 
|  88|0x0000000085800000, 0x0000000085900000, 0x0000000085900000|100%| O|  |TAMS 0x0000000085800000| PB 0x0000000085800000| Untracked 
|  89|0x0000000085900000, 0x0000000085a00000, 0x0000000085a00000|100%| O|  |TAMS 0x0000000085900000| PB 0x0000000085900000| Untracked 
|  90|0x0000000085a00000, 0x0000000085b00000, 0x0000000085b00000|100%| O|  |TAMS 0x0000000085a00000| PB 0x0000000085a00000| Untracked 
|  91|0x0000000085b00000, 0x0000000085c00000, 0x0000000085c00000|100%| O|  |TAMS 0x0000000085b00000| PB 0x0000000085b00000| Untracked 
|  92|0x0000000085c00000, 0x0000000085d00000, 0x0000000085d00000|100%| O|  |TAMS 0x0000000085c00000| PB 0x0000000085c00000| Untracked 
|  93|0x0000000085d00000, 0x0000000085e00000, 0x0000000085e00000|100%| O|  |TAMS 0x0000000085d00000| PB 0x0000000085d00000| Untracked 
|  94|0x0000000085e00000, 0x0000000085f00000, 0x0000000085f00000|100%| O|  |TAMS 0x0000000085e00000| PB 0x0000000085e00000| Untracked 
|  95|0x0000000085f00000, 0x0000000086000000, 0x0000000086000000|100%| O|  |TAMS 0x0000000085f00000| PB 0x0000000085f00000| Untracked 
|  96|0x0000000086000000, 0x0000000086100000, 0x0000000086100000|100%| O|  |TAMS 0x0000000086000000| PB 0x0000000086000000| Untracked 
|  97|0x0000000086100000, 0x0000000086200000, 0x0000000086200000|100%| O|  |TAMS 0x0000000086100000| PB 0x0000000086100000| Untracked 
|  98|0x0000000086200000, 0x0000000086300000, 0x0000000086300000|100%| O|  |TAMS 0x0000000086200000| PB 0x0000000086200000| Untracked 
|  99|0x0000000086300000, 0x0000000086400000, 0x0000000086400000|100%| O|  |TAMS 0x0000000086300000| PB 0x0000000086300000| Untracked 
| 100|0x0000000086400000, 0x0000000086500000, 0x0000000086500000|100%| O|  |TAMS 0x0000000086400000| PB 0x0000000086400000| Untracked 
| 101|0x0000000086500000, 0x0000000086600000, 0x0000000086600000|100%| O|  |TAMS 0x0000000086500000| PB 0x0000000086500000| Untracked 
| 102|0x0000000086600000, 0x0000000086700000, 0x0000000086700000|100%| O|  |TAMS 0x0000000086600000| PB 0x0000000086600000| Untracked 
| 103|0x0000000086700000, 0x0000000086800000, 0x0000000086800000|100%| O|  |TAMS 0x0000000086700000| PB 0x0000000086700000| Untracked 
| 104|0x0000000086800000, 0x0000000086900000, 0x0000000086900000|100%| O|  |TAMS 0x0000000086800000| PB 0x0000000086800000| Untracked 
| 105|0x0000000086900000, 0x0000000086900000, 0x0000000086a00000|  0%| F|  |TAMS 0x0000000086900000| PB 0x0000000086900000| Untracked 
| 106|0x0000000086a00000, 0x0000000086b00000, 0x0000000086b00000|100%| O|  |TAMS 0x0000000086a00000| PB 0x0000000086a00000| Untracked 
| 107|0x0000000086b00000, 0x0000000086c00000, 0x0000000086c00000|100%| O|  |TAMS 0x0000000086b00000| PB 0x0000000086b00000| Untracked 
| 108|0x0000000086c00000, 0x0000000086d00000, 0x0000000086d00000|100%| O|  |TAMS 0x0000000086c00000| PB 0x0000000086c00000| Untracked 
| 109|0x0000000086d00000, 0x0000000086e00000, 0x0000000086e00000|100%| O|  |TAMS 0x0000000086d00000| PB 0x0000000086d00000| Untracked 
| 110|0x0000000086e00000, 0x0000000086f00000, 0x0000000086f00000|100%| O|  |TAMS 0x0000000086e00000| PB 0x0000000086e00000| Untracked 
| 111|0x0000000086f00000, 0x0000000087000000, 0x0000000087000000|100%| O|  |TAMS 0x0000000086f00000| PB 0x0000000086f00000| Untracked 
| 112|0x0000000087000000, 0x0000000087100000, 0x0000000087100000|100%| O|  |TAMS 0x0000000087000000| PB 0x0000000087000000| Untracked 
| 113|0x0000000087100000, 0x0000000087200000, 0x0000000087200000|100%| O|  |TAMS 0x0000000087100000| PB 0x0000000087100000| Untracked 
| 114|0x0000000087200000, 0x0000000087300000, 0x0000000087300000|100%| O|  |TAMS 0x0000000087200000| PB 0x0000000087200000| Untracked 
| 115|0x0000000087300000, 0x0000000087400000, 0x0000000087400000|100%| O|  |TAMS 0x0000000087300000| PB 0x0000000087300000| Untracked 
| 116|0x0000000087400000, 0x0000000087500000, 0x0000000087500000|100%| O|  |TAMS 0x0000000087400000| PB 0x0000000087400000| Untracked 
| 117|0x0000000087500000, 0x0000000087500000, 0x0000000087600000|  0%| F|  |TAMS 0x0000000087500000| PB 0x0000000087500000| Untracked 
| 118|0x0000000087600000, 0x0000000087700000, 0x0000000087700000|100%| O|  |TAMS 0x0000000087600000| PB 0x0000000087600000| Untracked 
| 119|0x0000000087700000, 0x0000000087700000, 0x0000000087800000|  0%| F|  |TAMS 0x0000000087700000| PB 0x0000000087700000| Untracked 
| 120|0x0000000087800000, 0x0000000087800000, 0x0000000087900000|  0%| F|  |TAMS 0x0000000087800000| PB 0x0000000087800000| Untracked 
| 121|0x0000000087900000, 0x0000000087a00000, 0x0000000087a00000|100%| O|  |TAMS 0x0000000087900000| PB 0x0000000087900000| Untracked 
| 122|0x0000000087a00000, 0x0000000087b00000, 0x0000000087b00000|100%| O|  |TAMS 0x0000000087a00000| PB 0x0000000087a00000| Untracked 
| 123|0x0000000087b00000, 0x0000000087c00000, 0x0000000087c00000|100%| O|  |TAMS 0x0000000087b00000| PB 0x0000000087b00000| Untracked 
| 124|0x0000000087c00000, 0x0000000087d00000, 0x0000000087d00000|100%| O|  |TAMS 0x0000000087c00000| PB 0x0000000087c00000| Untracked 
| 125|0x0000000087d00000, 0x0000000087e00000, 0x0000000087e00000|100%| O|  |TAMS 0x0000000087d00000| PB 0x0000000087d00000| Untracked 
| 126|0x0000000087e00000, 0x0000000087f00000, 0x0000000087f00000|100%| O|  |TAMS 0x0000000087e00000| PB 0x0000000087e00000| Untracked 
| 127|0x0000000087f00000, 0x0000000088000000, 0x0000000088000000|100%| O|  |TAMS 0x0000000087f00000| PB 0x0000000087f00000| Untracked 
| 128|0x0000000088000000, 0x00000000880edd80, 0x0000000088100000| 92%| O|  |TAMS 0x0000000088000000| PB 0x0000000088000000| Untracked 
| 129|0x0000000088100000, 0x0000000088100000, 0x0000000088200000|  0%| F|  |TAMS 0x0000000088100000| PB 0x0000000088100000| Untracked 
| 130|0x0000000088200000, 0x0000000088300000, 0x0000000088300000|100%| O|  |TAMS 0x0000000088200000| PB 0x0000000088200000| Untracked 
| 131|0x0000000088300000, 0x0000000088400000, 0x0000000088400000|100%| O|  |TAMS 0x0000000088300000| PB 0x0000000088300000| Untracked 
| 132|0x0000000088400000, 0x0000000088500000, 0x0000000088500000|100%| O|  |TAMS 0x0000000088400000| PB 0x0000000088400000| Untracked 
| 133|0x0000000088500000, 0x0000000088600000, 0x0000000088600000|100%| O|  |TAMS 0x0000000088500000| PB 0x0000000088500000| Untracked 
| 134|0x0000000088600000, 0x0000000088700000, 0x0000000088700000|100%| O|  |TAMS 0x0000000088600000| PB 0x0000000088600000| Untracked 
| 135|0x0000000088700000, 0x0000000088800000, 0x0000000088800000|100%| O|  |TAMS 0x0000000088700000| PB 0x0000000088700000| Untracked 
| 136|0x0000000088800000, 0x0000000088900000, 0x0000000088900000|100%| O|  |TAMS 0x0000000088800000| PB 0x0000000088800000| Untracked 
| 137|0x0000000088900000, 0x0000000088a00000, 0x0000000088a00000|100%| O|  |TAMS 0x0000000088900000| PB 0x0000000088900000| Untracked 
| 138|0x0000000088a00000, 0x0000000088b00000, 0x0000000088b00000|100%| O|  |TAMS 0x0000000088a00000| PB 0x0000000088a00000| Untracked 
| 139|0x0000000088b00000, 0x0000000088b00000, 0x0000000088c00000|  0%| F|  |TAMS 0x0000000088b00000| PB 0x0000000088b00000| Untracked 
| 140|0x0000000088c00000, 0x0000000088d00000, 0x0000000088d00000|100%| O|  |TAMS 0x0000000088c00000| PB 0x0000000088c00000| Untracked 
| 141|0x0000000088d00000, 0x0000000088e00000, 0x0000000088e00000|100%| O|  |TAMS 0x0000000088d00000| PB 0x0000000088d00000| Untracked 
| 142|0x0000000088e00000, 0x0000000088f00000, 0x0000000088f00000|100%| O|  |TAMS 0x0000000088e00000| PB 0x0000000088e00000| Untracked 
| 143|0x0000000088f00000, 0x0000000089000000, 0x0000000089000000|100%| O|  |TAMS 0x0000000088f00000| PB 0x0000000088f00000| Untracked 
| 144|0x0000000089000000, 0x0000000089100000, 0x0000000089100000|100%| O|  |TAMS 0x0000000089000000| PB 0x0000000089000000| Untracked 
| 145|0x0000000089100000, 0x0000000089200000, 0x0000000089200000|100%| O|  |TAMS 0x0000000089100000| PB 0x0000000089100000| Untracked 
| 146|0x0000000089200000, 0x0000000089300000, 0x0000000089300000|100%| O|  |TAMS 0x0000000089200000| PB 0x0000000089200000| Untracked 
| 147|0x0000000089300000, 0x0000000089300000, 0x0000000089400000|  0%| F|  |TAMS 0x0000000089300000| PB 0x0000000089300000| Untracked 
| 148|0x0000000089400000, 0x0000000089400000, 0x0000000089500000|  0%| F|  |TAMS 0x0000000089400000| PB 0x0000000089400000| Untracked 
| 149|0x0000000089500000, 0x0000000089500000, 0x0000000089600000|  0%| F|  |TAMS 0x0000000089500000| PB 0x0000000089500000| Untracked 
| 150|0x0000000089600000, 0x0000000089700000, 0x0000000089700000|100%| O|  |TAMS 0x0000000089600000| PB 0x0000000089600000| Untracked 
| 151|0x0000000089700000, 0x0000000089800000, 0x0000000089800000|100%| O|  |TAMS 0x0000000089700000| PB 0x0000000089700000| Untracked 
| 152|0x0000000089800000, 0x0000000089900000, 0x0000000089900000|100%| O|  |TAMS 0x0000000089800000| PB 0x0000000089800000| Untracked 
| 153|0x0000000089900000, 0x0000000089a00000, 0x0000000089a00000|100%| O|  |TAMS 0x0000000089900000| PB 0x0000000089900000| Untracked 
| 154|0x0000000089a00000, 0x0000000089b00000, 0x0000000089b00000|100%| O|  |TAMS 0x0000000089a00000| PB 0x0000000089a00000| Untracked 
| 155|0x0000000089b00000, 0x0000000089c00000, 0x0000000089c00000|100%| O|  |TAMS 0x0000000089b00000| PB 0x0000000089b00000| Untracked 
| 156|0x0000000089c00000, 0x0000000089d00000, 0x0000000089d00000|100%| O|  |TAMS 0x0000000089c00000| PB 0x0000000089c00000| Untracked 
| 157|0x0000000089d00000, 0x0000000089e00000, 0x0000000089e00000|100%| O|  |TAMS 0x0000000089d00000| PB 0x0000000089d00000| Untracked 
| 158|0x0000000089e00000, 0x0000000089f00000, 0x0000000089f00000|100%| O|  |TAMS 0x0000000089e00000| PB 0x0000000089e00000| Untracked 
| 159|0x0000000089f00000, 0x000000008a000000, 0x000000008a000000|100%| O|  |TAMS 0x0000000089f00000| PB 0x0000000089f00000| Untracked 
| 160|0x000000008a000000, 0x000000008a100000, 0x000000008a100000|100%| O|  |TAMS 0x000000008a000000| PB 0x000000008a000000| Untracked 
| 161|0x000000008a100000, 0x000000008a200000, 0x000000008a200000|100%| O|  |TAMS 0x000000008a100000| PB 0x000000008a100000| Untracked 
| 162|0x000000008a200000, 0x000000008a300000, 0x000000008a300000|100%| O|  |TAMS 0x000000008a200000| PB 0x000000008a200000| Untracked 
| 163|0x000000008a300000, 0x000000008a400000, 0x000000008a400000|100%| O|  |TAMS 0x000000008a300000| PB 0x000000008a300000| Untracked 
| 164|0x000000008a400000, 0x000000008a500000, 0x000000008a500000|100%| O|  |TAMS 0x000000008a400000| PB 0x000000008a400000| Untracked 
| 165|0x000000008a500000, 0x000000008a600000, 0x000000008a600000|100%| O|  |TAMS 0x000000008a500000| PB 0x000000008a500000| Untracked 
| 166|0x000000008a600000, 0x000000008a700000, 0x000000008a700000|100%| O|  |TAMS 0x000000008a600000| PB 0x000000008a600000| Untracked 
| 167|0x000000008a700000, 0x000000008a800000, 0x000000008a800000|100%| O|  |TAMS 0x000000008a700000| PB 0x000000008a700000| Untracked 
| 168|0x000000008a800000, 0x000000008a900000, 0x000000008a900000|100%| O|  |TAMS 0x000000008a800000| PB 0x000000008a800000| Untracked 
| 169|0x000000008a900000, 0x000000008aa00000, 0x000000008aa00000|100%| O|  |TAMS 0x000000008a900000| PB 0x000000008a900000| Untracked 
| 170|0x000000008aa00000, 0x000000008ab00000, 0x000000008ab00000|100%| O|  |TAMS 0x000000008aa00000| PB 0x000000008aa00000| Untracked 
| 171|0x000000008ab00000, 0x000000008ac00000, 0x000000008ac00000|100%| O|  |TAMS 0x000000008ab00000| PB 0x000000008ab00000| Untracked 
| 172|0x000000008ac00000, 0x000000008ad00000, 0x000000008ad00000|100%| O|  |TAMS 0x000000008ac00000| PB 0x000000008ac00000| Untracked 
| 173|0x000000008ad00000, 0x000000008ae00000, 0x000000008ae00000|100%| O|  |TAMS 0x000000008ad00000| PB 0x000000008ad00000| Untracked 
| 174|0x000000008ae00000, 0x000000008af00000, 0x000000008af00000|100%| O|  |TAMS 0x000000008ae00000| PB 0x000000008ae00000| Untracked 
| 175|0x000000008af00000, 0x000000008af00000, 0x000000008b000000|  0%| F|  |TAMS 0x000000008af00000| PB 0x000000008af00000| Untracked 
| 176|0x000000008b000000, 0x000000008b000000, 0x000000008b100000|  0%| F|  |TAMS 0x000000008b000000| PB 0x000000008b000000| Untracked 
| 177|0x000000008b100000, 0x000000008b100000, 0x000000008b200000|  0%| F|  |TAMS 0x000000008b100000| PB 0x000000008b100000| Untracked 
| 178|0x000000008b200000, 0x000000008b300000, 0x000000008b300000|100%| O|  |TAMS 0x000000008b200000| PB 0x000000008b200000| Untracked 
| 179|0x000000008b300000, 0x000000008b400000, 0x000000008b400000|100%| O|  |TAMS 0x000000008b300000| PB 0x000000008b300000| Untracked 
| 180|0x000000008b400000, 0x000000008b500000, 0x000000008b500000|100%| O|  |TAMS 0x000000008b400000| PB 0x000000008b400000| Untracked 
| 181|0x000000008b500000, 0x000000008b600000, 0x000000008b600000|100%| O|  |TAMS 0x000000008b500000| PB 0x000000008b500000| Untracked 
| 182|0x000000008b600000, 0x000000008b700000, 0x000000008b700000|100%| O|  |TAMS 0x000000008b600000| PB 0x000000008b600000| Untracked 
| 183|0x000000008b700000, 0x000000008b700000, 0x000000008b800000|  0%| F|  |TAMS 0x000000008b700000| PB 0x000000008b700000| Untracked 
| 184|0x000000008b800000, 0x000000008b900000, 0x000000008b900000|100%| O|  |TAMS 0x000000008b800000| PB 0x000000008b800000| Untracked 
| 185|0x000000008b900000, 0x000000008ba00000, 0x000000008ba00000|100%| O|  |TAMS 0x000000008b900000| PB 0x000000008b900000| Untracked 
| 186|0x000000008ba00000, 0x000000008bb00000, 0x000000008bb00000|100%| O|  |TAMS 0x000000008ba00000| PB 0x000000008ba00000| Untracked 
| 187|0x000000008bb00000, 0x000000008bb00000, 0x000000008bc00000|  0%| F|  |TAMS 0x000000008bb00000| PB 0x000000008bb00000| Untracked 
| 188|0x000000008bc00000, 0x000000008bc00000, 0x000000008bd00000|  0%| F|  |TAMS 0x000000008bc00000| PB 0x000000008bc00000| Untracked 
| 189|0x000000008bd00000, 0x000000008bd00000, 0x000000008be00000|  0%| F|  |TAMS 0x000000008bd00000| PB 0x000000008bd00000| Untracked 
| 190|0x000000008be00000, 0x000000008be00000, 0x000000008bf00000|  0%| F|  |TAMS 0x000000008be00000| PB 0x000000008be00000| Untracked 
| 191|0x000000008bf00000, 0x000000008bf00000, 0x000000008c000000|  0%| F|  |TAMS 0x000000008bf00000| PB 0x000000008bf00000| Untracked 
| 192|0x000000008c000000, 0x000000008c000000, 0x000000008c100000|  0%| F|  |TAMS 0x000000008c000000| PB 0x000000008c000000| Untracked 
| 193|0x000000008c100000, 0x000000008c100000, 0x000000008c200000|  0%| F|  |TAMS 0x000000008c100000| PB 0x000000008c100000| Untracked 
| 194|0x000000008c200000, 0x000000008c200000, 0x000000008c300000|  0%| F|  |TAMS 0x000000008c200000| PB 0x000000008c200000| Untracked 
| 195|0x000000008c300000, 0x000000008c300000, 0x000000008c400000|  0%| F|  |TAMS 0x000000008c300000| PB 0x000000008c300000| Untracked 
| 196|0x000000008c400000, 0x000000008c400000, 0x000000008c500000|  0%| F|  |TAMS 0x000000008c400000| PB 0x000000008c400000| Untracked 
| 197|0x000000008c500000, 0x000000008c500000, 0x000000008c600000|  0%| F|  |TAMS 0x000000008c500000| PB 0x000000008c500000| Untracked 
| 198|0x000000008c600000, 0x000000008c600000, 0x000000008c700000|  0%| F|  |TAMS 0x000000008c600000| PB 0x000000008c600000| Untracked 
| 199|0x000000008c700000, 0x000000008c700000, 0x000000008c800000|  0%| F|  |TAMS 0x000000008c700000| PB 0x000000008c700000| Untracked 
| 200|0x000000008c800000, 0x000000008c800000, 0x000000008c900000|  0%| F|  |TAMS 0x000000008c800000| PB 0x000000008c800000| Untracked 
| 201|0x000000008c900000, 0x000000008c900000, 0x000000008ca00000|  0%| F|  |TAMS 0x000000008c900000| PB 0x000000008c900000| Untracked 
| 202|0x000000008ca00000, 0x000000008cad2f28, 0x000000008cb00000| 82%| S|CS|TAMS 0x000000008ca00000| PB 0x000000008ca00000| Complete 
| 203|0x000000008cb00000, 0x000000008cc00000, 0x000000008cc00000|100%| S|CS|TAMS 0x000000008cb00000| PB 0x000000008cb00000| Complete 
| 204|0x000000008cc00000, 0x000000008cd00000, 0x000000008cd00000|100%| S|CS|TAMS 0x000000008cc00000| PB 0x000000008cc00000| Complete 
| 205|0x000000008cd00000, 0x000000008ce00000, 0x000000008ce00000|100%| S|CS|TAMS 0x000000008cd00000| PB 0x000000008cd00000| Complete 
| 206|0x000000008ce00000, 0x000000008ce00000, 0x000000008cf00000|  0%| F|  |TAMS 0x000000008ce00000| PB 0x000000008ce00000| Untracked 
| 207|0x000000008cf00000, 0x000000008cf00000, 0x000000008d000000|  0%| F|  |TAMS 0x000000008cf00000| PB 0x000000008cf00000| Untracked 
| 208|0x000000008d000000, 0x000000008d000000, 0x000000008d100000|  0%| F|  |TAMS 0x000000008d000000| PB 0x000000008d000000| Untracked 
| 209|0x000000008d100000, 0x000000008d100000, 0x000000008d200000|  0%| F|  |TAMS 0x000000008d100000| PB 0x000000008d100000| Untracked 
| 210|0x000000008d200000, 0x000000008d200000, 0x000000008d300000|  0%| F|  |TAMS 0x000000008d200000| PB 0x000000008d200000| Untracked 
| 211|0x000000008d300000, 0x000000008d300000, 0x000000008d400000|  0%| F|  |TAMS 0x000000008d300000| PB 0x000000008d300000| Untracked 
| 212|0x000000008d400000, 0x000000008d500000, 0x000000008d500000|100%| S|CS|TAMS 0x000000008d400000| PB 0x000000008d400000| Complete 
| 213|0x000000008d500000, 0x000000008d600000, 0x000000008d600000|100%| S|CS|TAMS 0x000000008d500000| PB 0x000000008d500000| Complete 
| 214|0x000000008d600000, 0x000000008d600000, 0x000000008d700000|  0%| F|  |TAMS 0x000000008d600000| PB 0x000000008d600000| Untracked 
| 215|0x000000008d700000, 0x000000008d700000, 0x000000008d800000|  0%| F|  |TAMS 0x000000008d700000| PB 0x000000008d700000| Untracked 
| 216|0x000000008d800000, 0x000000008d800000, 0x000000008d900000|  0%| F|  |TAMS 0x000000008d800000| PB 0x000000008d800000| Untracked 
| 217|0x000000008d900000, 0x000000008d900000, 0x000000008da00000|  0%| F|  |TAMS 0x000000008d900000| PB 0x000000008d900000| Untracked 
| 218|0x000000008da00000, 0x000000008da00000, 0x000000008db00000|  0%| F|  |TAMS 0x000000008da00000| PB 0x000000008da00000| Untracked 
| 219|0x000000008db00000, 0x000000008db00000, 0x000000008dc00000|  0%| F|  |TAMS 0x000000008db00000| PB 0x000000008db00000| Untracked 
| 220|0x000000008dc00000, 0x000000008dc00000, 0x000000008dd00000|  0%| F|  |TAMS 0x000000008dc00000| PB 0x000000008dc00000| Untracked 
| 221|0x000000008dd00000, 0x000000008dd00000, 0x000000008de00000|  0%| F|  |TAMS 0x000000008dd00000| PB 0x000000008dd00000| Untracked 
| 222|0x000000008de00000, 0x000000008de00000, 0x000000008df00000|  0%| F|  |TAMS 0x000000008de00000| PB 0x000000008de00000| Untracked 
| 223|0x000000008df00000, 0x000000008df00000, 0x000000008e000000|  0%| F|  |TAMS 0x000000008df00000| PB 0x000000008df00000| Untracked 
| 224|0x000000008e000000, 0x000000008e000000, 0x000000008e100000|  0%| F|  |TAMS 0x000000008e000000| PB 0x000000008e000000| Untracked 
| 225|0x000000008e100000, 0x000000008e100000, 0x000000008e200000|  0%| F|  |TAMS 0x000000008e100000| PB 0x000000008e100000| Untracked 
| 226|0x000000008e200000, 0x000000008e200000, 0x000000008e300000|  0%| F|  |TAMS 0x000000008e200000| PB 0x000000008e200000| Untracked 
| 227|0x000000008e300000, 0x000000008e400000, 0x000000008e400000|100%| S|CS|TAMS 0x000000008e300000| PB 0x000000008e300000| Complete 
| 228|0x000000008e400000, 0x000000008e500000, 0x000000008e500000|100%| S|CS|TAMS 0x000000008e400000| PB 0x000000008e400000| Complete 
| 229|0x000000008e500000, 0x000000008e600000, 0x000000008e600000|100%| S|CS|TAMS 0x000000008e500000| PB 0x000000008e500000| Complete 
| 230|0x000000008e600000, 0x000000008e700000, 0x000000008e700000|100%| S|CS|TAMS 0x000000008e600000| PB 0x000000008e600000| Complete 
| 231|0x000000008e700000, 0x000000008e800000, 0x000000008e800000|100%| S|CS|TAMS 0x000000008e700000| PB 0x000000008e700000| Complete 
| 232|0x000000008e800000, 0x000000008e900000, 0x000000008e900000|100%| S|CS|TAMS 0x000000008e800000| PB 0x000000008e800000| Complete 
| 233|0x000000008e900000, 0x000000008ea00000, 0x000000008ea00000|100%| S|CS|TAMS 0x000000008e900000| PB 0x000000008e900000| Complete 
| 234|0x000000008ea00000, 0x000000008eb00000, 0x000000008eb00000|100%| S|CS|TAMS 0x000000008ea00000| PB 0x000000008ea00000| Complete 
| 235|0x000000008eb00000, 0x000000008ec00000, 0x000000008ec00000|100%| S|CS|TAMS 0x000000008eb00000| PB 0x000000008eb00000| Complete 
| 236|0x000000008ec00000, 0x000000008ed00000, 0x000000008ed00000|100%| S|CS|TAMS 0x000000008ec00000| PB 0x000000008ec00000| Complete 
| 237|0x000000008ed00000, 0x000000008ee00000, 0x000000008ee00000|100%| S|CS|TAMS 0x000000008ed00000| PB 0x000000008ed00000| Complete 
| 238|0x000000008ee00000, 0x000000008ef00000, 0x000000008ef00000|100%| S|CS|TAMS 0x000000008ee00000| PB 0x000000008ee00000| Complete 
| 239|0x000000008ef00000, 0x000000008f000000, 0x000000008f000000|100%| S|CS|TAMS 0x000000008ef00000| PB 0x000000008ef00000| Complete 
| 240|0x000000008f000000, 0x000000008f100000, 0x000000008f100000|100%| S|CS|TAMS 0x000000008f000000| PB 0x000000008f000000| Complete 
| 241|0x000000008f100000, 0x000000008f200000, 0x000000008f200000|100%| S|CS|TAMS 0x000000008f100000| PB 0x000000008f100000| Complete 
| 242|0x000000008f200000, 0x000000008f300000, 0x000000008f300000|100%| S|CS|TAMS 0x000000008f200000| PB 0x000000008f200000| Complete 
| 243|0x000000008f300000, 0x000000008f400000, 0x000000008f400000|100%| S|CS|TAMS 0x000000008f300000| PB 0x000000008f300000| Complete 
| 244|0x000000008f400000, 0x000000008f400000, 0x000000008f500000|  0%| F|  |TAMS 0x000000008f400000| PB 0x000000008f400000| Untracked 
| 245|0x000000008f500000, 0x000000008f500000, 0x000000008f600000|  0%| F|  |TAMS 0x000000008f500000| PB 0x000000008f500000| Untracked 
| 246|0x000000008f600000, 0x000000008f600000, 0x000000008f700000|  0%| F|  |TAMS 0x000000008f600000| PB 0x000000008f600000| Untracked 
| 247|0x000000008f700000, 0x000000008f700000, 0x000000008f800000|  0%| F|  |TAMS 0x000000008f700000| PB 0x000000008f700000| Untracked 
| 248|0x000000008f800000, 0x000000008f800000, 0x000000008f900000|  0%| F|  |TAMS 0x000000008f800000| PB 0x000000008f800000| Untracked 
| 249|0x000000008f900000, 0x000000008f900000, 0x000000008fa00000|  0%| F|  |TAMS 0x000000008f900000| PB 0x000000008f900000| Untracked 
| 250|0x000000008fa00000, 0x000000008fa00000, 0x000000008fb00000|  0%| F|  |TAMS 0x000000008fa00000| PB 0x000000008fa00000| Untracked 
| 251|0x000000008fb00000, 0x000000008fb00000, 0x000000008fc00000|  0%| F|  |TAMS 0x000000008fb00000| PB 0x000000008fb00000| Untracked 
| 252|0x000000008fc00000, 0x000000008fc00000, 0x000000008fd00000|  0%| F|  |TAMS 0x000000008fc00000| PB 0x000000008fc00000| Untracked 
| 253|0x000000008fd00000, 0x000000008fd00000, 0x000000008fe00000|  0%| F|  |TAMS 0x000000008fd00000| PB 0x000000008fd00000| Untracked 
| 254|0x000000008fe00000, 0x000000008fe00000, 0x000000008ff00000|  0%| F|  |TAMS 0x000000008fe00000| PB 0x000000008fe00000| Untracked 
| 255|0x000000008ff00000, 0x000000008ff00000, 0x0000000090000000|  0%| F|  |TAMS 0x000000008ff00000| PB 0x000000008ff00000| Untracked 
| 256|0x0000000090000000, 0x0000000090000000, 0x0000000090100000|  0%| F|  |TAMS 0x0000000090000000| PB 0x0000000090000000| Untracked 
| 257|0x0000000090100000, 0x0000000090100000, 0x0000000090200000|  0%| F|  |TAMS 0x0000000090100000| PB 0x0000000090100000| Untracked 
| 258|0x0000000090200000, 0x0000000090200000, 0x0000000090300000|  0%| F|  |TAMS 0x0000000090200000| PB 0x0000000090200000| Untracked 
| 259|0x0000000090300000, 0x0000000090300000, 0x0000000090400000|  0%| F|  |TAMS 0x0000000090300000| PB 0x0000000090300000| Untracked 
| 260|0x0000000090400000, 0x0000000090400000, 0x0000000090500000|  0%| F|  |TAMS 0x0000000090400000| PB 0x0000000090400000| Untracked 
| 261|0x0000000090500000, 0x0000000090500000, 0x0000000090600000|  0%| F|  |TAMS 0x0000000090500000| PB 0x0000000090500000| Untracked 
| 262|0x0000000090600000, 0x0000000090600000, 0x0000000090700000|  0%| F|  |TAMS 0x0000000090600000| PB 0x0000000090600000| Untracked 
| 263|0x0000000090700000, 0x0000000090700000, 0x0000000090800000|  0%| F|  |TAMS 0x0000000090700000| PB 0x0000000090700000| Untracked 
| 264|0x0000000090800000, 0x0000000090800000, 0x0000000090900000|  0%| F|  |TAMS 0x0000000090800000| PB 0x0000000090800000| Untracked 
| 265|0x0000000090900000, 0x0000000090900000, 0x0000000090a00000|  0%| F|  |TAMS 0x0000000090900000| PB 0x0000000090900000| Untracked 
| 266|0x0000000090a00000, 0x0000000090a00000, 0x0000000090b00000|  0%| F|  |TAMS 0x0000000090a00000| PB 0x0000000090a00000| Untracked 
| 267|0x0000000090b00000, 0x0000000090b00000, 0x0000000090c00000|  0%| F|  |TAMS 0x0000000090b00000| PB 0x0000000090b00000| Untracked 
| 268|0x0000000090c00000, 0x0000000090c00000, 0x0000000090d00000|  0%| F|  |TAMS 0x0000000090c00000| PB 0x0000000090c00000| Untracked 
| 269|0x0000000090d00000, 0x0000000090d00000, 0x0000000090e00000|  0%| F|  |TAMS 0x0000000090d00000| PB 0x0000000090d00000| Untracked 
| 270|0x0000000090e00000, 0x0000000090e00000, 0x0000000090f00000|  0%| F|  |TAMS 0x0000000090e00000| PB 0x0000000090e00000| Untracked 
| 271|0x0000000090f00000, 0x0000000090f00000, 0x0000000091000000|  0%| F|  |TAMS 0x0000000090f00000| PB 0x0000000090f00000| Untracked 
| 272|0x0000000091000000, 0x0000000091000000, 0x0000000091100000|  0%| F|  |TAMS 0x0000000091000000| PB 0x0000000091000000| Untracked 
| 273|0x0000000091100000, 0x0000000091100000, 0x0000000091200000|  0%| F|  |TAMS 0x0000000091100000| PB 0x0000000091100000| Untracked 
| 274|0x0000000091200000, 0x0000000091200000, 0x0000000091300000|  0%| F|  |TAMS 0x0000000091200000| PB 0x0000000091200000| Untracked 
| 275|0x0000000091300000, 0x0000000091300000, 0x0000000091400000|  0%| F|  |TAMS 0x0000000091300000| PB 0x0000000091300000| Untracked 
| 276|0x0000000091400000, 0x0000000091400000, 0x0000000091500000|  0%| F|  |TAMS 0x0000000091400000| PB 0x0000000091400000| Untracked 
| 277|0x0000000091500000, 0x0000000091500000, 0x0000000091600000|  0%| F|  |TAMS 0x0000000091500000| PB 0x0000000091500000| Untracked 
| 278|0x0000000091600000, 0x0000000091600000, 0x0000000091700000|  0%| F|  |TAMS 0x0000000091600000| PB 0x0000000091600000| Untracked 
| 279|0x0000000091700000, 0x0000000091700000, 0x0000000091800000|  0%| F|  |TAMS 0x0000000091700000| PB 0x0000000091700000| Untracked 
| 280|0x0000000091800000, 0x0000000091800000, 0x0000000091900000|  0%| F|  |TAMS 0x0000000091800000| PB 0x0000000091800000| Untracked 
| 281|0x0000000091900000, 0x0000000091900000, 0x0000000091a00000|  0%| F|  |TAMS 0x0000000091900000| PB 0x0000000091900000| Untracked 
| 282|0x0000000091a00000, 0x0000000091a00000, 0x0000000091b00000|  0%| F|  |TAMS 0x0000000091a00000| PB 0x0000000091a00000| Untracked 
| 283|0x0000000091b00000, 0x0000000091b00000, 0x0000000091c00000|  0%| F|  |TAMS 0x0000000091b00000| PB 0x0000000091b00000| Untracked 
| 284|0x0000000091c00000, 0x0000000091c00000, 0x0000000091d00000|  0%| F|  |TAMS 0x0000000091c00000| PB 0x0000000091c00000| Untracked 
| 285|0x0000000091d00000, 0x0000000091d00000, 0x0000000091e00000|  0%| F|  |TAMS 0x0000000091d00000| PB 0x0000000091d00000| Untracked 
| 286|0x0000000091e00000, 0x0000000091e00000, 0x0000000091f00000|  0%| F|  |TAMS 0x0000000091e00000| PB 0x0000000091e00000| Untracked 
| 287|0x0000000091f00000, 0x0000000091f00000, 0x0000000092000000|  0%| F|  |TAMS 0x0000000091f00000| PB 0x0000000091f00000| Untracked 
| 288|0x0000000092000000, 0x0000000092000000, 0x0000000092100000|  0%| F|  |TAMS 0x0000000092000000| PB 0x0000000092000000| Untracked 
| 289|0x0000000092100000, 0x0000000092100000, 0x0000000092200000|  0%| F|  |TAMS 0x0000000092100000| PB 0x0000000092100000| Untracked 
| 290|0x0000000092200000, 0x0000000092200000, 0x0000000092300000|  0%| F|  |TAMS 0x0000000092200000| PB 0x0000000092200000| Untracked 
| 291|0x0000000092300000, 0x0000000092300000, 0x0000000092400000|  0%| F|  |TAMS 0x0000000092300000| PB 0x0000000092300000| Untracked 
| 292|0x0000000092400000, 0x0000000092400000, 0x0000000092500000|  0%| F|  |TAMS 0x0000000092400000| PB 0x0000000092400000| Untracked 
| 293|0x0000000092500000, 0x0000000092500000, 0x0000000092600000|  0%| F|  |TAMS 0x0000000092500000| PB 0x0000000092500000| Untracked 
| 294|0x0000000092600000, 0x0000000092600000, 0x0000000092700000|  0%| F|  |TAMS 0x0000000092600000| PB 0x0000000092600000| Untracked 
| 295|0x0000000092700000, 0x0000000092700000, 0x0000000092800000|  0%| F|  |TAMS 0x0000000092700000| PB 0x0000000092700000| Untracked 
| 296|0x0000000092800000, 0x0000000092800000, 0x0000000092900000|  0%| F|  |TAMS 0x0000000092800000| PB 0x0000000092800000| Untracked 
| 297|0x0000000092900000, 0x0000000092900000, 0x0000000092a00000|  0%| F|  |TAMS 0x0000000092900000| PB 0x0000000092900000| Untracked 
| 298|0x0000000092a00000, 0x0000000092a00000, 0x0000000092b00000|  0%| F|  |TAMS 0x0000000092a00000| PB 0x0000000092a00000| Untracked 
| 299|0x0000000092b00000, 0x0000000092b00000, 0x0000000092c00000|  0%| F|  |TAMS 0x0000000092b00000| PB 0x0000000092b00000| Untracked 
| 300|0x0000000092c00000, 0x0000000092c00000, 0x0000000092d00000|  0%| F|  |TAMS 0x0000000092c00000| PB 0x0000000092c00000| Untracked 
| 301|0x0000000092d00000, 0x0000000092d00000, 0x0000000092e00000|  0%| F|  |TAMS 0x0000000092d00000| PB 0x0000000092d00000| Untracked 
| 302|0x0000000092e00000, 0x0000000092e00000, 0x0000000092f00000|  0%| F|  |TAMS 0x0000000092e00000| PB 0x0000000092e00000| Untracked 
| 303|0x0000000092f00000, 0x0000000092f00000, 0x0000000093000000|  0%| F|  |TAMS 0x0000000092f00000| PB 0x0000000092f00000| Untracked 
| 304|0x0000000093000000, 0x0000000093000000, 0x0000000093100000|  0%| F|  |TAMS 0x0000000093000000| PB 0x0000000093000000| Untracked 
| 305|0x0000000093100000, 0x0000000093100000, 0x0000000093200000|  0%| F|  |TAMS 0x0000000093100000| PB 0x0000000093100000| Untracked 
| 306|0x0000000093200000, 0x0000000093200000, 0x0000000093300000|  0%| F|  |TAMS 0x0000000093200000| PB 0x0000000093200000| Untracked 
| 307|0x0000000093300000, 0x0000000093300000, 0x0000000093400000|  0%| F|  |TAMS 0x0000000093300000| PB 0x0000000093300000| Untracked 
| 308|0x0000000093400000, 0x0000000093400000, 0x0000000093500000|  0%| F|  |TAMS 0x0000000093400000| PB 0x0000000093400000| Untracked 
| 309|0x0000000093500000, 0x0000000093500000, 0x0000000093600000|  0%| F|  |TAMS 0x0000000093500000| PB 0x0000000093500000| Untracked 
| 310|0x0000000093600000, 0x0000000093600000, 0x0000000093700000|  0%| F|  |TAMS 0x0000000093600000| PB 0x0000000093600000| Untracked 
| 311|0x0000000093700000, 0x0000000093700000, 0x0000000093800000|  0%| F|  |TAMS 0x0000000093700000| PB 0x0000000093700000| Untracked 
| 312|0x0000000093800000, 0x0000000093800000, 0x0000000093900000|  0%| F|  |TAMS 0x0000000093800000| PB 0x0000000093800000| Untracked 
| 313|0x0000000093900000, 0x0000000093900000, 0x0000000093a00000|  0%| F|  |TAMS 0x0000000093900000| PB 0x0000000093900000| Untracked 
| 314|0x0000000093a00000, 0x0000000093a00000, 0x0000000093b00000|  0%| F|  |TAMS 0x0000000093a00000| PB 0x0000000093a00000| Untracked 
| 315|0x0000000093b00000, 0x0000000093b00000, 0x0000000093c00000|  0%| F|  |TAMS 0x0000000093b00000| PB 0x0000000093b00000| Untracked 
| 316|0x0000000093c00000, 0x0000000093c00000, 0x0000000093d00000|  0%| F|  |TAMS 0x0000000093c00000| PB 0x0000000093c00000| Untracked 
| 317|0x0000000093d00000, 0x0000000093d00000, 0x0000000093e00000|  0%| F|  |TAMS 0x0000000093d00000| PB 0x0000000093d00000| Untracked 
| 318|0x0000000093e00000, 0x0000000093e00000, 0x0000000093f00000|  0%| F|  |TAMS 0x0000000093e00000| PB 0x0000000093e00000| Untracked 
| 319|0x0000000093f00000, 0x0000000093f00000, 0x0000000094000000|  0%| F|  |TAMS 0x0000000093f00000| PB 0x0000000093f00000| Untracked 
| 320|0x0000000094000000, 0x0000000094000000, 0x0000000094100000|  0%| F|  |TAMS 0x0000000094000000| PB 0x0000000094000000| Untracked 
| 321|0x0000000094100000, 0x0000000094100000, 0x0000000094200000|  0%| F|  |TAMS 0x0000000094100000| PB 0x0000000094100000| Untracked 
| 322|0x0000000094200000, 0x0000000094200000, 0x0000000094300000|  0%| F|  |TAMS 0x0000000094200000| PB 0x0000000094200000| Untracked 
| 323|0x0000000094300000, 0x0000000094300000, 0x0000000094400000|  0%| F|  |TAMS 0x0000000094300000| PB 0x0000000094300000| Untracked 
| 324|0x0000000094400000, 0x0000000094400000, 0x0000000094500000|  0%| F|  |TAMS 0x0000000094400000| PB 0x0000000094400000| Untracked 
| 325|0x0000000094500000, 0x0000000094500000, 0x0000000094600000|  0%| F|  |TAMS 0x0000000094500000| PB 0x0000000094500000| Untracked 
| 326|0x0000000094600000, 0x0000000094600000, 0x0000000094700000|  0%| F|  |TAMS 0x0000000094600000| PB 0x0000000094600000| Untracked 
| 327|0x0000000094700000, 0x0000000094700000, 0x0000000094800000|  0%| F|  |TAMS 0x0000000094700000| PB 0x0000000094700000| Untracked 
| 328|0x0000000094800000, 0x0000000094800000, 0x0000000094900000|  0%| F|  |TAMS 0x0000000094800000| PB 0x0000000094800000| Untracked 
| 329|0x0000000094900000, 0x0000000094900000, 0x0000000094a00000|  0%| F|  |TAMS 0x0000000094900000| PB 0x0000000094900000| Untracked 
| 330|0x0000000094a00000, 0x0000000094a00000, 0x0000000094b00000|  0%| F|  |TAMS 0x0000000094a00000| PB 0x0000000094a00000| Untracked 
| 331|0x0000000094b00000, 0x0000000094b00000, 0x0000000094c00000|  0%| F|  |TAMS 0x0000000094b00000| PB 0x0000000094b00000| Untracked 
| 332|0x0000000094c00000, 0x0000000094c00000, 0x0000000094d00000|  0%| F|  |TAMS 0x0000000094c00000| PB 0x0000000094c00000| Untracked 
| 333|0x0000000094d00000, 0x0000000094d00000, 0x0000000094e00000|  0%| F|  |TAMS 0x0000000094d00000| PB 0x0000000094d00000| Untracked 
| 334|0x0000000094e00000, 0x0000000094e00000, 0x0000000094f00000|  0%| F|  |TAMS 0x0000000094e00000| PB 0x0000000094e00000| Untracked 
| 335|0x0000000094f00000, 0x0000000094f00000, 0x0000000095000000|  0%| F|  |TAMS 0x0000000094f00000| PB 0x0000000094f00000| Untracked 
| 336|0x0000000095000000, 0x0000000095000000, 0x0000000095100000|  0%| F|  |TAMS 0x0000000095000000| PB 0x0000000095000000| Untracked 
| 337|0x0000000095100000, 0x0000000095100000, 0x0000000095200000|  0%| F|  |TAMS 0x0000000095100000| PB 0x0000000095100000| Untracked 
| 338|0x0000000095200000, 0x0000000095200000, 0x0000000095300000|  0%| F|  |TAMS 0x0000000095200000| PB 0x0000000095200000| Untracked 
| 339|0x0000000095300000, 0x0000000095300000, 0x0000000095400000|  0%| F|  |TAMS 0x0000000095300000| PB 0x0000000095300000| Untracked 
| 340|0x0000000095400000, 0x0000000095400000, 0x0000000095500000|  0%| F|  |TAMS 0x0000000095400000| PB 0x0000000095400000| Untracked 
| 341|0x0000000095500000, 0x0000000095500000, 0x0000000095600000|  0%| F|  |TAMS 0x0000000095500000| PB 0x0000000095500000| Untracked 
| 342|0x0000000095600000, 0x0000000095600000, 0x0000000095700000|  0%| F|  |TAMS 0x0000000095600000| PB 0x0000000095600000| Untracked 
| 343|0x0000000095700000, 0x0000000095700000, 0x0000000095800000|  0%| F|  |TAMS 0x0000000095700000| PB 0x0000000095700000| Untracked 
| 344|0x0000000095800000, 0x0000000095800000, 0x0000000095900000|  0%| F|  |TAMS 0x0000000095800000| PB 0x0000000095800000| Untracked 
| 345|0x0000000095900000, 0x0000000095900000, 0x0000000095a00000|  0%| F|  |TAMS 0x0000000095900000| PB 0x0000000095900000| Untracked 
| 346|0x0000000095a00000, 0x0000000095a00000, 0x0000000095b00000|  0%| F|  |TAMS 0x0000000095a00000| PB 0x0000000095a00000| Untracked 
| 347|0x0000000095b00000, 0x0000000095b00000, 0x0000000095c00000|  0%| F|  |TAMS 0x0000000095b00000| PB 0x0000000095b00000| Untracked 
| 348|0x0000000095c00000, 0x0000000095c00000, 0x0000000095d00000|  0%| F|  |TAMS 0x0000000095c00000| PB 0x0000000095c00000| Untracked 
| 349|0x0000000095d00000, 0x0000000095d00000, 0x0000000095e00000|  0%| F|  |TAMS 0x0000000095d00000| PB 0x0000000095d00000| Untracked 
| 350|0x0000000095e00000, 0x0000000095e00000, 0x0000000095f00000|  0%| F|  |TAMS 0x0000000095e00000| PB 0x0000000095e00000| Untracked 
| 351|0x0000000095f00000, 0x0000000095f00000, 0x0000000096000000|  0%| F|  |TAMS 0x0000000095f00000| PB 0x0000000095f00000| Untracked 
| 352|0x0000000096000000, 0x0000000096000000, 0x0000000096100000|  0%| F|  |TAMS 0x0000000096000000| PB 0x0000000096000000| Untracked 
| 353|0x0000000096100000, 0x0000000096100000, 0x0000000096200000|  0%| F|  |TAMS 0x0000000096100000| PB 0x0000000096100000| Untracked 
| 354|0x0000000096200000, 0x0000000096200000, 0x0000000096300000|  0%| F|  |TAMS 0x0000000096200000| PB 0x0000000096200000| Untracked 
| 355|0x0000000096300000, 0x0000000096300000, 0x0000000096400000|  0%| F|  |TAMS 0x0000000096300000| PB 0x0000000096300000| Untracked 
| 356|0x0000000096400000, 0x0000000096400000, 0x0000000096500000|  0%| F|  |TAMS 0x0000000096400000| PB 0x0000000096400000| Untracked 
| 357|0x0000000096500000, 0x0000000096500000, 0x0000000096600000|  0%| F|  |TAMS 0x0000000096500000| PB 0x0000000096500000| Untracked 
| 358|0x0000000096600000, 0x0000000096600000, 0x0000000096700000|  0%| F|  |TAMS 0x0000000096600000| PB 0x0000000096600000| Untracked 
| 359|0x0000000096700000, 0x0000000096700000, 0x0000000096800000|  0%| F|  |TAMS 0x0000000096700000| PB 0x0000000096700000| Untracked 
| 360|0x0000000096800000, 0x0000000096800000, 0x0000000096900000|  0%| F|  |TAMS 0x0000000096800000| PB 0x0000000096800000| Untracked 
| 361|0x0000000096900000, 0x0000000096900000, 0x0000000096a00000|  0%| F|  |TAMS 0x0000000096900000| PB 0x0000000096900000| Untracked 
| 362|0x0000000096a00000, 0x0000000096a00000, 0x0000000096b00000|  0%| F|  |TAMS 0x0000000096a00000| PB 0x0000000096a00000| Untracked 
| 363|0x0000000096b00000, 0x0000000096b00000, 0x0000000096c00000|  0%| F|  |TAMS 0x0000000096b00000| PB 0x0000000096b00000| Untracked 
| 364|0x0000000096c00000, 0x0000000096c00000, 0x0000000096d00000|  0%| F|  |TAMS 0x0000000096c00000| PB 0x0000000096c00000| Untracked 
| 365|0x0000000096d00000, 0x0000000096d00000, 0x0000000096e00000|  0%| F|  |TAMS 0x0000000096d00000| PB 0x0000000096d00000| Untracked 
| 366|0x0000000096e00000, 0x0000000096e00000, 0x0000000096f00000|  0%| F|  |TAMS 0x0000000096e00000| PB 0x0000000096e00000| Untracked 
| 367|0x0000000096f00000, 0x0000000096f00000, 0x0000000097000000|  0%| F|  |TAMS 0x0000000096f00000| PB 0x0000000096f00000| Untracked 
| 368|0x0000000097000000, 0x0000000097000000, 0x0000000097100000|  0%| F|  |TAMS 0x0000000097000000| PB 0x0000000097000000| Untracked 
| 369|0x0000000097100000, 0x0000000097100000, 0x0000000097200000|  0%| F|  |TAMS 0x0000000097100000| PB 0x0000000097100000| Untracked 
| 370|0x0000000097200000, 0x0000000097200000, 0x0000000097300000|  0%| F|  |TAMS 0x0000000097200000| PB 0x0000000097200000| Untracked 
| 371|0x0000000097300000, 0x0000000097300000, 0x0000000097400000|  0%| F|  |TAMS 0x0000000097300000| PB 0x0000000097300000| Untracked 
| 372|0x0000000097400000, 0x0000000097400000, 0x0000000097500000|  0%| F|  |TAMS 0x0000000097400000| PB 0x0000000097400000| Untracked 
| 373|0x0000000097500000, 0x0000000097500000, 0x0000000097600000|  0%| F|  |TAMS 0x0000000097500000| PB 0x0000000097500000| Untracked 
| 374|0x0000000097600000, 0x0000000097600000, 0x0000000097700000|  0%| F|  |TAMS 0x0000000097600000| PB 0x0000000097600000| Untracked 
| 375|0x0000000097700000, 0x0000000097700000, 0x0000000097800000|  0%| F|  |TAMS 0x0000000097700000| PB 0x0000000097700000| Untracked 
| 376|0x0000000097800000, 0x0000000097800000, 0x0000000097900000|  0%| F|  |TAMS 0x0000000097800000| PB 0x0000000097800000| Untracked 
| 377|0x0000000097900000, 0x0000000097900000, 0x0000000097a00000|  0%| F|  |TAMS 0x0000000097900000| PB 0x0000000097900000| Untracked 
| 378|0x0000000097a00000, 0x0000000097a00000, 0x0000000097b00000|  0%| F|  |TAMS 0x0000000097a00000| PB 0x0000000097a00000| Untracked 
| 379|0x0000000097b00000, 0x0000000097b00000, 0x0000000097c00000|  0%| F|  |TAMS 0x0000000097b00000| PB 0x0000000097b00000| Untracked 
| 380|0x0000000097c00000, 0x0000000097c00000, 0x0000000097d00000|  0%| F|  |TAMS 0x0000000097c00000| PB 0x0000000097c00000| Untracked 
| 381|0x0000000097d00000, 0x0000000097d00000, 0x0000000097e00000|  0%| F|  |TAMS 0x0000000097d00000| PB 0x0000000097d00000| Untracked 
| 382|0x0000000097e00000, 0x0000000097e00000, 0x0000000097f00000|  0%| F|  |TAMS 0x0000000097e00000| PB 0x0000000097e00000| Untracked 
| 383|0x0000000097f00000, 0x0000000097f00000, 0x0000000098000000|  0%| F|  |TAMS 0x0000000097f00000| PB 0x0000000097f00000| Untracked 
| 384|0x0000000098000000, 0x0000000098000000, 0x0000000098100000|  0%| F|  |TAMS 0x0000000098000000| PB 0x0000000098000000| Untracked 
| 385|0x0000000098100000, 0x0000000098100000, 0x0000000098200000|  0%| F|  |TAMS 0x0000000098100000| PB 0x0000000098100000| Untracked 
| 386|0x0000000098200000, 0x0000000098200000, 0x0000000098300000|  0%| F|  |TAMS 0x0000000098200000| PB 0x0000000098200000| Untracked 
| 387|0x0000000098300000, 0x0000000098300000, 0x0000000098400000|  0%| F|  |TAMS 0x0000000098300000| PB 0x0000000098300000| Untracked 
| 388|0x0000000098400000, 0x0000000098400000, 0x0000000098500000|  0%| F|  |TAMS 0x0000000098400000| PB 0x0000000098400000| Untracked 
| 389|0x0000000098500000, 0x0000000098500000, 0x0000000098600000|  0%| F|  |TAMS 0x0000000098500000| PB 0x0000000098500000| Untracked 
| 390|0x0000000098600000, 0x0000000098600000, 0x0000000098700000|  0%| F|  |TAMS 0x0000000098600000| PB 0x0000000098600000| Untracked 
| 391|0x0000000098700000, 0x0000000098700000, 0x0000000098800000|  0%| F|  |TAMS 0x0000000098700000| PB 0x0000000098700000| Untracked 
| 392|0x0000000098800000, 0x0000000098800000, 0x0000000098900000|  0%| F|  |TAMS 0x0000000098800000| PB 0x0000000098800000| Untracked 
| 393|0x0000000098900000, 0x0000000098900000, 0x0000000098a00000|  0%| F|  |TAMS 0x0000000098900000| PB 0x0000000098900000| Untracked 
| 394|0x0000000098a00000, 0x0000000098a00000, 0x0000000098b00000|  0%| F|  |TAMS 0x0000000098a00000| PB 0x0000000098a00000| Untracked 
| 395|0x0000000098b00000, 0x0000000098b00000, 0x0000000098c00000|  0%| F|  |TAMS 0x0000000098b00000| PB 0x0000000098b00000| Untracked 
| 396|0x0000000098c00000, 0x0000000098c00000, 0x0000000098d00000|  0%| F|  |TAMS 0x0000000098c00000| PB 0x0000000098c00000| Untracked 
| 397|0x0000000098d00000, 0x0000000098d00000, 0x0000000098e00000|  0%| F|  |TAMS 0x0000000098d00000| PB 0x0000000098d00000| Untracked 
| 398|0x0000000098e00000, 0x0000000098e00000, 0x0000000098f00000|  0%| F|  |TAMS 0x0000000098e00000| PB 0x0000000098e00000| Untracked 
| 399|0x0000000098f00000, 0x0000000098f00000, 0x0000000099000000|  0%| F|  |TAMS 0x0000000098f00000| PB 0x0000000098f00000| Untracked 
| 400|0x0000000099000000, 0x0000000099000000, 0x0000000099100000|  0%| F|  |TAMS 0x0000000099000000| PB 0x0000000099000000| Untracked 
| 401|0x0000000099100000, 0x0000000099100000, 0x0000000099200000|  0%| F|  |TAMS 0x0000000099100000| PB 0x0000000099100000| Untracked 
| 402|0x0000000099200000, 0x0000000099200000, 0x0000000099300000|  0%| F|  |TAMS 0x0000000099200000| PB 0x0000000099200000| Untracked 
| 403|0x0000000099300000, 0x0000000099300000, 0x0000000099400000|  0%| F|  |TAMS 0x0000000099300000| PB 0x0000000099300000| Untracked 
| 404|0x0000000099400000, 0x0000000099400000, 0x0000000099500000|  0%| F|  |TAMS 0x0000000099400000| PB 0x0000000099400000| Untracked 
| 405|0x0000000099500000, 0x0000000099500000, 0x0000000099600000|  0%| F|  |TAMS 0x0000000099500000| PB 0x0000000099500000| Untracked 
| 406|0x0000000099600000, 0x0000000099600000, 0x0000000099700000|  0%| F|  |TAMS 0x0000000099600000| PB 0x0000000099600000| Untracked 
| 407|0x0000000099700000, 0x0000000099700000, 0x0000000099800000|  0%| F|  |TAMS 0x0000000099700000| PB 0x0000000099700000| Untracked 
| 408|0x0000000099800000, 0x0000000099800000, 0x0000000099900000|  0%| F|  |TAMS 0x0000000099800000| PB 0x0000000099800000| Untracked 
| 409|0x0000000099900000, 0x0000000099900000, 0x0000000099a00000|  0%| F|  |TAMS 0x0000000099900000| PB 0x0000000099900000| Untracked 
| 410|0x0000000099a00000, 0x0000000099a00000, 0x0000000099b00000|  0%| F|  |TAMS 0x0000000099a00000| PB 0x0000000099a00000| Untracked 
| 411|0x0000000099b00000, 0x0000000099b00000, 0x0000000099c00000|  0%| F|  |TAMS 0x0000000099b00000| PB 0x0000000099b00000| Untracked 
| 412|0x0000000099c00000, 0x0000000099c00000, 0x0000000099d00000|  0%| F|  |TAMS 0x0000000099c00000| PB 0x0000000099c00000| Untracked 
| 413|0x0000000099d00000, 0x0000000099d00000, 0x0000000099e00000|  0%| F|  |TAMS 0x0000000099d00000| PB 0x0000000099d00000| Untracked 
| 414|0x0000000099e00000, 0x0000000099e00000, 0x0000000099f00000|  0%| F|  |TAMS 0x0000000099e00000| PB 0x0000000099e00000| Untracked 
| 415|0x0000000099f00000, 0x0000000099f00000, 0x000000009a000000|  0%| F|  |TAMS 0x0000000099f00000| PB 0x0000000099f00000| Untracked 
| 416|0x000000009a000000, 0x000000009a000000, 0x000000009a100000|  0%| F|  |TAMS 0x000000009a000000| PB 0x000000009a000000| Untracked 
| 417|0x000000009a100000, 0x000000009a100000, 0x000000009a200000|  0%| F|  |TAMS 0x000000009a100000| PB 0x000000009a100000| Untracked 
| 418|0x000000009a200000, 0x000000009a200000, 0x000000009a300000|  0%| F|  |TAMS 0x000000009a200000| PB 0x000000009a200000| Untracked 
| 419|0x000000009a300000, 0x000000009a300000, 0x000000009a400000|  0%| F|  |TAMS 0x000000009a300000| PB 0x000000009a300000| Untracked 
| 420|0x000000009a400000, 0x000000009a400000, 0x000000009a500000|  0%| F|  |TAMS 0x000000009a400000| PB 0x000000009a400000| Untracked 
| 421|0x000000009a500000, 0x000000009a500000, 0x000000009a600000|  0%| F|  |TAMS 0x000000009a500000| PB 0x000000009a500000| Untracked 
| 422|0x000000009a600000, 0x000000009a600000, 0x000000009a700000|  0%| F|  |TAMS 0x000000009a600000| PB 0x000000009a600000| Untracked 
| 423|0x000000009a700000, 0x000000009a700000, 0x000000009a800000|  0%| F|  |TAMS 0x000000009a700000| PB 0x000000009a700000| Untracked 
| 424|0x000000009a800000, 0x000000009a800000, 0x000000009a900000|  0%| F|  |TAMS 0x000000009a800000| PB 0x000000009a800000| Untracked 
| 425|0x000000009a900000, 0x000000009a900000, 0x000000009aa00000|  0%| F|  |TAMS 0x000000009a900000| PB 0x000000009a900000| Untracked 
| 426|0x000000009aa00000, 0x000000009aa00000, 0x000000009ab00000|  0%| F|  |TAMS 0x000000009aa00000| PB 0x000000009aa00000| Untracked 
| 427|0x000000009ab00000, 0x000000009ab00000, 0x000000009ac00000|  0%| F|  |TAMS 0x000000009ab00000| PB 0x000000009ab00000| Untracked 
| 428|0x000000009ac00000, 0x000000009ac00000, 0x000000009ad00000|  0%| F|  |TAMS 0x000000009ac00000| PB 0x000000009ac00000| Untracked 
| 429|0x000000009ad00000, 0x000000009ad00000, 0x000000009ae00000|  0%| F|  |TAMS 0x000000009ad00000| PB 0x000000009ad00000| Untracked 
| 430|0x000000009ae00000, 0x000000009ae00000, 0x000000009af00000|  0%| F|  |TAMS 0x000000009ae00000| PB 0x000000009ae00000| Untracked 
| 431|0x000000009af00000, 0x000000009af00000, 0x000000009b000000|  0%| F|  |TAMS 0x000000009af00000| PB 0x000000009af00000| Untracked 
| 432|0x000000009b000000, 0x000000009b000000, 0x000000009b100000|  0%| F|  |TAMS 0x000000009b000000| PB 0x000000009b000000| Untracked 
| 433|0x000000009b100000, 0x000000009b100000, 0x000000009b200000|  0%| F|  |TAMS 0x000000009b100000| PB 0x000000009b100000| Untracked 
| 434|0x000000009b200000, 0x000000009b200000, 0x000000009b300000|  0%| F|  |TAMS 0x000000009b200000| PB 0x000000009b200000| Untracked 
| 435|0x000000009b300000, 0x000000009b300000, 0x000000009b400000|  0%| F|  |TAMS 0x000000009b300000| PB 0x000000009b300000| Untracked 
| 436|0x000000009b400000, 0x000000009b400000, 0x000000009b500000|  0%| F|  |TAMS 0x000000009b400000| PB 0x000000009b400000| Untracked 
| 437|0x000000009b500000, 0x000000009b500000, 0x000000009b600000|  0%| F|  |TAMS 0x000000009b500000| PB 0x000000009b500000| Untracked 
| 438|0x000000009b600000, 0x000000009b600000, 0x000000009b700000|  0%| F|  |TAMS 0x000000009b600000| PB 0x000000009b600000| Untracked 
| 439|0x000000009b700000, 0x000000009b700000, 0x000000009b800000|  0%| F|  |TAMS 0x000000009b700000| PB 0x000000009b700000| Untracked 
| 440|0x000000009b800000, 0x000000009b800000, 0x000000009b900000|  0%| F|  |TAMS 0x000000009b800000| PB 0x000000009b800000| Untracked 
| 441|0x000000009b900000, 0x000000009b900000, 0x000000009ba00000|  0%| F|  |TAMS 0x000000009b900000| PB 0x000000009b900000| Untracked 
| 442|0x000000009ba00000, 0x000000009ba00000, 0x000000009bb00000|  0%| F|  |TAMS 0x000000009ba00000| PB 0x000000009ba00000| Untracked 
| 443|0x000000009bb00000, 0x000000009bb00000, 0x000000009bc00000|  0%| F|  |TAMS 0x000000009bb00000| PB 0x000000009bb00000| Untracked 
| 444|0x000000009bc00000, 0x000000009bc00000, 0x000000009bd00000|  0%| F|  |TAMS 0x000000009bc00000| PB 0x000000009bc00000| Untracked 
| 445|0x000000009bd00000, 0x000000009bd00000, 0x000000009be00000|  0%| F|  |TAMS 0x000000009bd00000| PB 0x000000009bd00000| Untracked 
| 446|0x000000009be00000, 0x000000009be00000, 0x000000009bf00000|  0%| F|  |TAMS 0x000000009be00000| PB 0x000000009be00000| Untracked 
| 447|0x000000009bf00000, 0x000000009bf00000, 0x000000009c000000|  0%| F|  |TAMS 0x000000009bf00000| PB 0x000000009bf00000| Untracked 
| 448|0x000000009c000000, 0x000000009c000000, 0x000000009c100000|  0%| F|  |TAMS 0x000000009c000000| PB 0x000000009c000000| Untracked 
| 449|0x000000009c100000, 0x000000009c100000, 0x000000009c200000|  0%| F|  |TAMS 0x000000009c100000| PB 0x000000009c100000| Untracked 
| 450|0x000000009c200000, 0x000000009c200000, 0x000000009c300000|  0%| F|  |TAMS 0x000000009c200000| PB 0x000000009c200000| Untracked 
| 451|0x000000009c300000, 0x000000009c300000, 0x000000009c400000|  0%| F|  |TAMS 0x000000009c300000| PB 0x000000009c300000| Untracked 
| 452|0x000000009c400000, 0x000000009c400000, 0x000000009c500000|  0%| F|  |TAMS 0x000000009c400000| PB 0x000000009c400000| Untracked 
| 453|0x000000009c500000, 0x000000009c500000, 0x000000009c600000|  0%| F|  |TAMS 0x000000009c500000| PB 0x000000009c500000| Untracked 
| 454|0x000000009c600000, 0x000000009c600000, 0x000000009c700000|  0%| F|  |TAMS 0x000000009c600000| PB 0x000000009c600000| Untracked 
| 455|0x000000009c700000, 0x000000009c700000, 0x000000009c800000|  0%| F|  |TAMS 0x000000009c700000| PB 0x000000009c700000| Untracked 
| 456|0x000000009c800000, 0x000000009c800000, 0x000000009c900000|  0%| F|  |TAMS 0x000000009c800000| PB 0x000000009c800000| Untracked 
| 457|0x000000009c900000, 0x000000009c900000, 0x000000009ca00000|  0%| F|  |TAMS 0x000000009c900000| PB 0x000000009c900000| Untracked 
| 458|0x000000009ca00000, 0x000000009ca00000, 0x000000009cb00000|  0%| F|  |TAMS 0x000000009ca00000| PB 0x000000009ca00000| Untracked 
| 459|0x000000009cb00000, 0x000000009cb00000, 0x000000009cc00000|  0%| F|  |TAMS 0x000000009cb00000| PB 0x000000009cb00000| Untracked 
| 460|0x000000009cc00000, 0x000000009cc00000, 0x000000009cd00000|  0%| F|  |TAMS 0x000000009cc00000| PB 0x000000009cc00000| Untracked 
| 461|0x000000009cd00000, 0x000000009cd00000, 0x000000009ce00000|  0%| F|  |TAMS 0x000000009cd00000| PB 0x000000009cd00000| Untracked 
| 462|0x000000009ce00000, 0x000000009ce00000, 0x000000009cf00000|  0%| F|  |TAMS 0x000000009ce00000| PB 0x000000009ce00000| Untracked 
| 463|0x000000009cf00000, 0x000000009cf00000, 0x000000009d000000|  0%| F|  |TAMS 0x000000009cf00000| PB 0x000000009cf00000| Untracked 
| 464|0x000000009d000000, 0x000000009d000000, 0x000000009d100000|  0%| F|  |TAMS 0x000000009d000000| PB 0x000000009d000000| Untracked 
| 465|0x000000009d100000, 0x000000009d100000, 0x000000009d200000|  0%| F|  |TAMS 0x000000009d100000| PB 0x000000009d100000| Untracked 
| 466|0x000000009d200000, 0x000000009d200000, 0x000000009d300000|  0%| F|  |TAMS 0x000000009d200000| PB 0x000000009d200000| Untracked 
| 467|0x000000009d300000, 0x000000009d300000, 0x000000009d400000|  0%| F|  |TAMS 0x000000009d300000| PB 0x000000009d300000| Untracked 
| 468|0x000000009d400000, 0x000000009d400000, 0x000000009d500000|  0%| F|  |TAMS 0x000000009d400000| PB 0x000000009d400000| Untracked 
| 469|0x000000009d500000, 0x000000009d500000, 0x000000009d600000|  0%| F|  |TAMS 0x000000009d500000| PB 0x000000009d500000| Untracked 
| 470|0x000000009d600000, 0x000000009d600000, 0x000000009d700000|  0%| F|  |TAMS 0x000000009d600000| PB 0x000000009d600000| Untracked 
| 471|0x000000009d700000, 0x000000009d700000, 0x000000009d800000|  0%| F|  |TAMS 0x000000009d700000| PB 0x000000009d700000| Untracked 
| 472|0x000000009d800000, 0x000000009d800000, 0x000000009d900000|  0%| F|  |TAMS 0x000000009d800000| PB 0x000000009d800000| Untracked 
| 473|0x000000009d900000, 0x000000009d900000, 0x000000009da00000|  0%| F|  |TAMS 0x000000009d900000| PB 0x000000009d900000| Untracked 
| 474|0x000000009da00000, 0x000000009da00000, 0x000000009db00000|  0%| F|  |TAMS 0x000000009da00000| PB 0x000000009da00000| Untracked 
| 475|0x000000009db00000, 0x000000009db00000, 0x000000009dc00000|  0%| F|  |TAMS 0x000000009db00000| PB 0x000000009db00000| Untracked 
| 476|0x000000009dc00000, 0x000000009dc00000, 0x000000009dd00000|  0%| F|  |TAMS 0x000000009dc00000| PB 0x000000009dc00000| Untracked 
| 477|0x000000009dd00000, 0x000000009dd00000, 0x000000009de00000|  0%| F|  |TAMS 0x000000009dd00000| PB 0x000000009dd00000| Untracked 
| 478|0x000000009de00000, 0x000000009de00000, 0x000000009df00000|  0%| F|  |TAMS 0x000000009de00000| PB 0x000000009de00000| Untracked 
| 479|0x000000009df00000, 0x000000009df00000, 0x000000009e000000|  0%| F|  |TAMS 0x000000009df00000| PB 0x000000009df00000| Untracked 
| 480|0x000000009e000000, 0x000000009e000000, 0x000000009e100000|  0%| F|  |TAMS 0x000000009e000000| PB 0x000000009e000000| Untracked 
| 481|0x000000009e100000, 0x000000009e100000, 0x000000009e200000|  0%| F|  |TAMS 0x000000009e100000| PB 0x000000009e100000| Untracked 
| 482|0x000000009e200000, 0x000000009e200000, 0x000000009e300000|  0%| F|  |TAMS 0x000000009e200000| PB 0x000000009e200000| Untracked 
| 483|0x000000009e300000, 0x000000009e300000, 0x000000009e400000|  0%| F|  |TAMS 0x000000009e300000| PB 0x000000009e300000| Untracked 
| 484|0x000000009e400000, 0x000000009e400000, 0x000000009e500000|  0%| F|  |TAMS 0x000000009e400000| PB 0x000000009e400000| Untracked 
| 485|0x000000009e500000, 0x000000009e500000, 0x000000009e600000|  0%| F|  |TAMS 0x000000009e500000| PB 0x000000009e500000| Untracked 
| 486|0x000000009e600000, 0x000000009e600000, 0x000000009e700000|  0%| F|  |TAMS 0x000000009e600000| PB 0x000000009e600000| Untracked 
| 487|0x000000009e700000, 0x000000009e700000, 0x000000009e800000|  0%| F|  |TAMS 0x000000009e700000| PB 0x000000009e700000| Untracked 
| 488|0x000000009e800000, 0x000000009e800000, 0x000000009e900000|  0%| F|  |TAMS 0x000000009e800000| PB 0x000000009e800000| Untracked 
| 489|0x000000009e900000, 0x000000009e900000, 0x000000009ea00000|  0%| F|  |TAMS 0x000000009e900000| PB 0x000000009e900000| Untracked 
| 490|0x000000009ea00000, 0x000000009ea00000, 0x000000009eb00000|  0%| F|  |TAMS 0x000000009ea00000| PB 0x000000009ea00000| Untracked 
| 491|0x000000009eb00000, 0x000000009eb00000, 0x000000009ec00000|  0%| F|  |TAMS 0x000000009eb00000| PB 0x000000009eb00000| Untracked 
| 492|0x000000009ec00000, 0x000000009ec00000, 0x000000009ed00000|  0%| F|  |TAMS 0x000000009ec00000| PB 0x000000009ec00000| Untracked 
| 493|0x000000009ed00000, 0x000000009ed00000, 0x000000009ee00000|  0%| F|  |TAMS 0x000000009ed00000| PB 0x000000009ed00000| Untracked 
| 494|0x000000009ee00000, 0x000000009ee00000, 0x000000009ef00000|  0%| F|  |TAMS 0x000000009ee00000| PB 0x000000009ee00000| Untracked 
| 495|0x000000009ef00000, 0x000000009ef00000, 0x000000009f000000|  0%| F|  |TAMS 0x000000009ef00000| PB 0x000000009ef00000| Untracked 
| 496|0x000000009f000000, 0x000000009f000000, 0x000000009f100000|  0%| F|  |TAMS 0x000000009f000000| PB 0x000000009f000000| Untracked 
| 497|0x000000009f100000, 0x000000009f100000, 0x000000009f200000|  0%| F|  |TAMS 0x000000009f100000| PB 0x000000009f100000| Untracked 
| 498|0x000000009f200000, 0x000000009f200000, 0x000000009f300000|  0%| F|  |TAMS 0x000000009f200000| PB 0x000000009f200000| Untracked 
| 499|0x000000009f300000, 0x000000009f300000, 0x000000009f400000|  0%| F|  |TAMS 0x000000009f300000| PB 0x000000009f300000| Untracked 
| 500|0x000000009f400000, 0x000000009f400000, 0x000000009f500000|  0%| F|  |TAMS 0x000000009f400000| PB 0x000000009f400000| Untracked 
| 501|0x000000009f500000, 0x000000009f500000, 0x000000009f600000|  0%| F|  |TAMS 0x000000009f500000| PB 0x000000009f500000| Untracked 
| 502|0x000000009f600000, 0x000000009f600000, 0x000000009f700000|  0%| F|  |TAMS 0x000000009f600000| PB 0x000000009f600000| Untracked 
| 503|0x000000009f700000, 0x000000009f700000, 0x000000009f800000|  0%| F|  |TAMS 0x000000009f700000| PB 0x000000009f700000| Untracked 
| 504|0x000000009f800000, 0x000000009f800000, 0x000000009f900000|  0%| F|  |TAMS 0x000000009f800000| PB 0x000000009f800000| Untracked 
| 505|0x000000009f900000, 0x000000009f900000, 0x000000009fa00000|  0%| F|  |TAMS 0x000000009f900000| PB 0x000000009f900000| Untracked 
| 506|0x000000009fa00000, 0x000000009fa00000, 0x000000009fb00000|  0%| F|  |TAMS 0x000000009fa00000| PB 0x000000009fa00000| Untracked 
| 507|0x000000009fb00000, 0x000000009fb00000, 0x000000009fc00000|  0%| F|  |TAMS 0x000000009fb00000| PB 0x000000009fb00000| Untracked 
| 508|0x000000009fc00000, 0x000000009fc00000, 0x000000009fd00000|  0%| F|  |TAMS 0x000000009fc00000| PB 0x000000009fc00000| Untracked 
| 509|0x000000009fd00000, 0x000000009fd00000, 0x000000009fe00000|  0%| F|  |TAMS 0x000000009fd00000| PB 0x000000009fd00000| Untracked 
| 510|0x000000009fe00000, 0x000000009fe00000, 0x000000009ff00000|  0%| F|  |TAMS 0x000000009fe00000| PB 0x000000009fe00000| Untracked 
| 511|0x000000009ff00000, 0x000000009ff00000, 0x00000000a0000000|  0%| F|  |TAMS 0x000000009ff00000| PB 0x000000009ff00000| Untracked 
| 512|0x00000000a0000000, 0x00000000a0000000, 0x00000000a0100000|  0%| F|  |TAMS 0x00000000a0000000| PB 0x00000000a0000000| Untracked 
| 513|0x00000000a0100000, 0x00000000a0100000, 0x00000000a0200000|  0%| F|  |TAMS 0x00000000a0100000| PB 0x00000000a0100000| Untracked 
| 514|0x00000000a0200000, 0x00000000a0200000, 0x00000000a0300000|  0%| F|  |TAMS 0x00000000a0200000| PB 0x00000000a0200000| Untracked 
| 515|0x00000000a0300000, 0x00000000a0300000, 0x00000000a0400000|  0%| F|  |TAMS 0x00000000a0300000| PB 0x00000000a0300000| Untracked 
| 516|0x00000000a0400000, 0x00000000a0400000, 0x00000000a0500000|  0%| F|  |TAMS 0x00000000a0400000| PB 0x00000000a0400000| Untracked 
| 517|0x00000000a0500000, 0x00000000a0500000, 0x00000000a0600000|  0%| F|  |TAMS 0x00000000a0500000| PB 0x00000000a0500000| Untracked 
| 518|0x00000000a0600000, 0x00000000a0600000, 0x00000000a0700000|  0%| F|  |TAMS 0x00000000a0600000| PB 0x00000000a0600000| Untracked 
| 519|0x00000000a0700000, 0x00000000a0700000, 0x00000000a0800000|  0%| F|  |TAMS 0x00000000a0700000| PB 0x00000000a0700000| Untracked 
| 520|0x00000000a0800000, 0x00000000a0800000, 0x00000000a0900000|  0%| F|  |TAMS 0x00000000a0800000| PB 0x00000000a0800000| Untracked 
| 521|0x00000000a0900000, 0x00000000a0900000, 0x00000000a0a00000|  0%| F|  |TAMS 0x00000000a0900000| PB 0x00000000a0900000| Untracked 
| 522|0x00000000a0a00000, 0x00000000a0a00000, 0x00000000a0b00000|  0%| F|  |TAMS 0x00000000a0a00000| PB 0x00000000a0a00000| Untracked 
| 523|0x00000000a0b00000, 0x00000000a0b00000, 0x00000000a0c00000|  0%| F|  |TAMS 0x00000000a0b00000| PB 0x00000000a0b00000| Untracked 
| 524|0x00000000a0c00000, 0x00000000a0c00000, 0x00000000a0d00000|  0%| F|  |TAMS 0x00000000a0c00000| PB 0x00000000a0c00000| Untracked 
| 525|0x00000000a0d00000, 0x00000000a0d00000, 0x00000000a0e00000|  0%| F|  |TAMS 0x00000000a0d00000| PB 0x00000000a0d00000| Untracked 
| 526|0x00000000a0e00000, 0x00000000a0e00000, 0x00000000a0f00000|  0%| F|  |TAMS 0x00000000a0e00000| PB 0x00000000a0e00000| Untracked 
| 527|0x00000000a0f00000, 0x00000000a0f00000, 0x00000000a1000000|  0%| F|  |TAMS 0x00000000a0f00000| PB 0x00000000a0f00000| Untracked 
| 528|0x00000000a1000000, 0x00000000a1000000, 0x00000000a1100000|  0%| F|  |TAMS 0x00000000a1000000| PB 0x00000000a1000000| Untracked 
| 529|0x00000000a1100000, 0x00000000a1100000, 0x00000000a1200000|  0%| F|  |TAMS 0x00000000a1100000| PB 0x00000000a1100000| Untracked 
| 530|0x00000000a1200000, 0x00000000a1200000, 0x00000000a1300000|  0%| F|  |TAMS 0x00000000a1200000| PB 0x00000000a1200000| Untracked 
| 531|0x00000000a1300000, 0x00000000a1300000, 0x00000000a1400000|  0%| F|  |TAMS 0x00000000a1300000| PB 0x00000000a1300000| Untracked 
| 532|0x00000000a1400000, 0x00000000a1400000, 0x00000000a1500000|  0%| F|  |TAMS 0x00000000a1400000| PB 0x00000000a1400000| Untracked 
| 533|0x00000000a1500000, 0x00000000a1500000, 0x00000000a1600000|  0%| F|  |TAMS 0x00000000a1500000| PB 0x00000000a1500000| Untracked 
| 534|0x00000000a1600000, 0x00000000a1600000, 0x00000000a1700000|  0%| F|  |TAMS 0x00000000a1600000| PB 0x00000000a1600000| Untracked 
| 535|0x00000000a1700000, 0x00000000a1700000, 0x00000000a1800000|  0%| F|  |TAMS 0x00000000a1700000| PB 0x00000000a1700000| Untracked 
| 536|0x00000000a1800000, 0x00000000a1800000, 0x00000000a1900000|  0%| F|  |TAMS 0x00000000a1800000| PB 0x00000000a1800000| Untracked 
| 537|0x00000000a1900000, 0x00000000a1900000, 0x00000000a1a00000|  0%| F|  |TAMS 0x00000000a1900000| PB 0x00000000a1900000| Untracked 
| 538|0x00000000a1a00000, 0x00000000a1a00000, 0x00000000a1b00000|  0%| F|  |TAMS 0x00000000a1a00000| PB 0x00000000a1a00000| Untracked 
| 539|0x00000000a1b00000, 0x00000000a1b00000, 0x00000000a1c00000|  0%| F|  |TAMS 0x00000000a1b00000| PB 0x00000000a1b00000| Untracked 
| 540|0x00000000a1c00000, 0x00000000a1c00000, 0x00000000a1d00000|  0%| F|  |TAMS 0x00000000a1c00000| PB 0x00000000a1c00000| Untracked 
| 541|0x00000000a1d00000, 0x00000000a1d00000, 0x00000000a1e00000|  0%| F|  |TAMS 0x00000000a1d00000| PB 0x00000000a1d00000| Untracked 
| 542|0x00000000a1e00000, 0x00000000a1e00000, 0x00000000a1f00000|  0%| F|  |TAMS 0x00000000a1e00000| PB 0x00000000a1e00000| Untracked 
| 543|0x00000000a1f00000, 0x00000000a1f00000, 0x00000000a2000000|  0%| F|  |TAMS 0x00000000a1f00000| PB 0x00000000a1f00000| Untracked 
| 544|0x00000000a2000000, 0x00000000a2000000, 0x00000000a2100000|  0%| F|  |TAMS 0x00000000a2000000| PB 0x00000000a2000000| Untracked 
| 545|0x00000000a2100000, 0x00000000a2100000, 0x00000000a2200000|  0%| F|  |TAMS 0x00000000a2100000| PB 0x00000000a2100000| Untracked 
| 546|0x00000000a2200000, 0x00000000a2200000, 0x00000000a2300000|  0%| F|  |TAMS 0x00000000a2200000| PB 0x00000000a2200000| Untracked 
| 547|0x00000000a2300000, 0x00000000a2300000, 0x00000000a2400000|  0%| F|  |TAMS 0x00000000a2300000| PB 0x00000000a2300000| Untracked 
| 548|0x00000000a2400000, 0x00000000a2400000, 0x00000000a2500000|  0%| F|  |TAMS 0x00000000a2400000| PB 0x00000000a2400000| Untracked 
|2036|0x00000000ff400000, 0x00000000ff500000, 0x00000000ff500000|100%| O|  |TAMS 0x00000000ff400000| PB 0x00000000ff400000| Untracked 
|2037|0x00000000ff500000, 0x00000000ff500000, 0x00000000ff600000|  0%| F|  |TAMS 0x00000000ff500000| PB 0x00000000ff500000| Untracked 
|2038|0x00000000ff600000, 0x00000000ff600000, 0x00000000ff700000|  0%| F|  |TAMS 0x00000000ff600000| PB 0x00000000ff600000| Untracked 
|2039|0x00000000ff700000, 0x00000000ff700000, 0x00000000ff800000|  0%| F|  |TAMS 0x00000000ff700000| PB 0x00000000ff700000| Untracked 
|2040|0x00000000ff800000, 0x00000000ff900000, 0x00000000ff900000|100%| O|  |TAMS 0x00000000ff800000| PB 0x00000000ff800000| Untracked 
|2041|0x00000000ff900000, 0x00000000ffa00000, 0x00000000ffa00000|100%| O|  |TAMS 0x00000000ff900000| PB 0x00000000ff900000| Untracked 
|2042|0x00000000ffa00000, 0x00000000ffb00000, 0x00000000ffb00000|100%| O|  |TAMS 0x00000000ffa00000| PB 0x00000000ffa00000| Untracked 
|2043|0x00000000ffb00000, 0x00000000ffc00000, 0x00000000ffc00000|100%| O|  |TAMS 0x00000000ffb00000| PB 0x00000000ffb00000| Untracked 
|2044|0x00000000ffc00000, 0x00000000ffd00000, 0x00000000ffd00000|100%| O|  |TAMS 0x00000000ffc00000| PB 0x00000000ffc00000| Untracked 
|2045|0x00000000ffd00000, 0x00000000ffd00000, 0x00000000ffe00000|  0%| F|  |TAMS 0x00000000ffd00000| PB 0x00000000ffd00000| Untracked 
|2046|0x00000000ffe00000, 0x00000000ffe00000, 0x00000000fff00000|  0%| F|  |TAMS 0x00000000ffe00000| PB 0x00000000ffe00000| Untracked 
|2047|0x00000000fff00000, 0x0000000100000000, 0x0000000100000000|100%| O|  |TAMS 0x00000000fff00000| PB 0x00000000fff00000| Untracked 

Card table byte_map: [0x0000028f7dd50000,0x0000028f7e150000] _byte_map_base: 0x0000028f7d950000

Marking Bits: (CMBitMap*) 0x0000028f7a2f5580
 Bits: [0x0000028f0f000000, 0x0000028f11000000)

Polling page: 0x0000028f78180000

Metaspace:

Usage:
  Non-class:    108.53 MB used.
      Class:     17.97 MB used.
       Both:    126.49 MB used.

Virtual space:
  Non-class space:      128.00 MB reserved,     109.69 MB ( 86%) committed,  2 nodes.
      Class space:        1.00 GB reserved,      19.00 MB (  2%) committed,  1 nodes.
             Both:        1.12 GB reserved,     128.69 MB ( 11%) committed. 

Chunk freelists:
   Non-Class:  2.03 MB
       Class:  13.00 MB
        Both:  15.03 MB

MaxMetaspaceSize: unlimited
CompressedClassSpaceSize: 1.00 GB
Initial GC threshold: 21.00 MB
Current GC threshold: 213.12 MB
CDS: off
 - commit_granule_bytes: 65536.
 - commit_granule_words: 8192.
 - virtual_space_node_default_size: 8388608.
 - enlarge_chunks_in_place: 1.
 - use_allocation_guard: 0.


Internal statistics:

num_allocs_failed_limit: 9.
num_arena_births: 4332.
num_arena_deaths: 14.
num_vsnodes_births: 3.
num_vsnodes_deaths: 0.
num_space_committed: 2059.
num_space_uncommitted: 0.
num_chunks_returned_to_freelist: 30.
num_chunks_taken_from_freelist: 9826.
num_chunk_merges: 9.
num_chunk_splits: 6495.
num_chunks_enlarged: 4198.
num_inconsistent_stats: 0.

CodeHeap 'non-profiled nmethods': size=120000Kb used=9546Kb max_used=9546Kb free=110453Kb
 bounds [0x0000028f07ad0000, 0x0000028f08430000, 0x0000028f0f000000]
CodeHeap 'profiled nmethods': size=120000Kb used=31898Kb max_used=31898Kb free=88101Kb
 bounds [0x0000028f00000000, 0x0000028f01f30000, 0x0000028f07530000]
CodeHeap 'non-nmethods': size=5760Kb used=2915Kb max_used=2993Kb free=2844Kb
 bounds [0x0000028f07530000, 0x0000028f07840000, 0x0000028f07ad0000]
CodeCache: size=245760Kb, used=44359Kb, max_used=44437Kb, free=201398Kb
 total_blobs=16573, nmethods=15559, adapters=917, full_count=0
Compilation: enabled, stopped_count=0, restarted_count=0

Compilation events (20 events):
Event: 20.767 Thread 0x0000028f7efc1110 nmethod 19654 0x0000028f01f18510 code [0x0000028f01f186c0, 0x0000028f01f188e0]
Event: 20.767 Thread 0x0000028f7efc1110 19655       2       com.android.tools.r8.internal.su3::b (173 bytes)
Event: 20.769 Thread 0x0000028f7efc1110 nmethod 19655 0x0000028f01f18990 code [0x0000028f01f18c20, 0x0000028f01f19210]
Event: 20.769 Thread 0x0000028f7efc1110 19656       2       com.android.tools.r8.internal.ri0::a (1 bytes)
Event: 20.769 Thread 0x0000028f7efc1110 nmethod 19656 0x0000028f01f19690 code [0x0000028f01f19820, 0x0000028f01f19928]
Event: 20.770 Thread 0x0000028f7efc1110 19657       3       com.android.tools.r8.dex.j1$$Lambda/0x00000001012b9830::apply (15 bytes)
Event: 20.770 Thread 0x0000028f7efc1110 nmethod 19657 0x0000028f01f19a10 code [0x0000028f01f19be0, 0x0000028f01f19fd0]
Event: 20.770 Thread 0x0000028f7efc1110 19658       2       com.android.tools.r8.internal.yg0::O (8 bytes)
Event: 20.771 Thread 0x0000028f7efc1110 nmethod 19658 0x0000028f01f1a110 code [0x0000028f01f1a2a0, 0x0000028f01f1a3d8]
Event: 20.772 Thread 0x0000028f7efc1110 19659 %     2       com.android.tools.r8.internal.kf2::b @ 78 (658 bytes)
Event: 20.778 Thread 0x0000028f7efc1110 nmethod 19659% 0x0000028f01f1a490 code [0x0000028f01f1a960, 0x0000028f01f1c680]
Event: 20.778 Thread 0x0000028f7efc1110 19670 %     2       com.android.tools.r8.ir.optimize.f::a @ 208 (1230 bytes)
Event: 20.786 Thread 0x0000028f1e07e200 nmethod 19088 0x0000028f0831ba90 code [0x0000028f0831bd00, 0x0000028f0831c688]
Event: 20.787 Thread 0x0000028f1e07e200 19609       4       java.util.IdentityHashMap::get (60 bytes)
Event: 20.789 Thread 0x0000028f7efc1110 nmethod 19670% 0x0000028f01f1dc90 code [0x0000028f01f1e480, 0x0000028f01f21220]
Event: 20.789 Thread 0x0000028f7efc1110 19686       2       com.android.tools.r8.internal.kf2::b (658 bytes)
Event: 20.791 Thread 0x0000028f1e07e200 nmethod 19609 0x0000028f0831b510 code [0x0000028f0831b6c0, 0x0000028f0831b8d0]
Event: 20.791 Thread 0x0000028f1e07e200 19648 %     4       com.android.tools.r8.internal.gt::a @ 1540 (4509 bytes)
Event: 20.794 Thread 0x0000028f7efc1110 nmethod 19686 0x0000028f01f23710 code [0x0000028f01f23be0, 0x0000028f01f25600]
Event: 20.794 Thread 0x0000028f7efc1110 19680 % !   2       com.android.tools.r8.internal.b41::a @ 949 (4220 bytes)

GC Heap History (20 events):
Event: 17.323 GC heap after
{Heap after GC invocations=56 (full 0):
 garbage-first heap   total 452608K, used 209918K [0x0000000080000000, 0x0000000100000000)
  region size 1024K, 14 young (14336K), 14 survivors (14336K)
 Metaspace       used 126610K, committed 128896K, reserved 1179648K
  class space    used 17993K, committed 19072K, reserved 1048576K
}
Event: 17.673 GC heap before
{Heap before GC invocations=56 (full 0):
 garbage-first heap   total 452608K, used 412670K [0x0000000080000000, 0x0000000100000000)
  region size 1024K, 213 young (218112K), 14 survivors (14336K)
 Metaspace       used 126689K, committed 128960K, reserved 1179648K
  class space    used 17995K, committed 19072K, reserved 1048576K
}
Event: 17.685 GC heap after
{Heap after GC invocations=57 (full 0):
 garbage-first heap   total 574464K, used 210280K [0x0000000080000000, 0x0000000100000000)
  region size 1024K, 15 young (15360K), 15 survivors (15360K)
 Metaspace       used 126689K, committed 128960K, reserved 1179648K
  class space    used 17995K, committed 19072K, reserved 1048576K
}
Event: 18.051 GC heap before
{Heap before GC invocations=58 (full 0):
 garbage-first heap   total 574464K, used 519528K [0x0000000080000000, 0x0000000100000000)
  region size 1024K, 318 young (325632K), 15 survivors (15360K)
 Metaspace       used 126742K, committed 128960K, reserved 1179648K
  class space    used 17997K, committed 19072K, reserved 1048576K
}
Event: 18.062 GC heap after
{Heap after GC invocations=59 (full 0):
 garbage-first heap   total 574464K, used 211056K [0x0000000080000000, 0x0000000100000000)
  region size 1024K, 15 young (15360K), 15 survivors (15360K)
 Metaspace       used 126742K, committed 128960K, reserved 1179648K
  class space    used 17997K, committed 19072K, reserved 1048576K
}
Event: 18.259 GC heap before
{Heap before GC invocations=59 (full 0):
 garbage-first heap   total 574464K, used 527472K [0x0000000080000000, 0x0000000100000000)
  region size 1024K, 325 young (332800K), 15 survivors (15360K)
 Metaspace       used 126767K, committed 129024K, reserved 1179648K
  class space    used 17997K, committed 19072K, reserved 1048576K
}
Event: 18.271 GC heap after
{Heap after GC invocations=60 (full 0):
 garbage-first heap   total 574464K, used 206603K [0x0000000080000000, 0x0000000100000000)
  region size 1024K, 15 young (15360K), 15 survivors (15360K)
 Metaspace       used 126767K, committed 129024K, reserved 1179648K
  class space    used 17997K, committed 19072K, reserved 1048576K
}
Event: 18.491 GC heap before
{Heap before GC invocations=60 (full 0):
 garbage-first heap   total 574464K, used 528139K [0x0000000080000000, 0x0000000100000000)
  region size 1024K, 330 young (337920K), 15 survivors (15360K)
 Metaspace       used 126787K, committed 129024K, reserved 1179648K
  class space    used 17997K, committed 19072K, reserved 1048576K
}
Event: 18.504 GC heap after
{Heap after GC invocations=61 (full 0):
 garbage-first heap   total 574464K, used 207171K [0x0000000080000000, 0x0000000100000000)
  region size 1024K, 16 young (16384K), 16 survivors (16384K)
 Metaspace       used 126787K, committed 129024K, reserved 1179648K
  class space    used 17997K, committed 19072K, reserved 1048576K
}
Event: 19.238 GC heap before
{Heap before GC invocations=62 (full 0):
 garbage-first heap   total 574464K, used 527683K [0x0000000080000000, 0x0000000100000000)
  region size 1024K, 329 young (336896K), 16 survivors (16384K)
 Metaspace       used 127495K, committed 129792K, reserved 1179648K
  class space    used 18088K, committed 19200K, reserved 1048576K
}
Event: 19.251 GC heap after
{Heap after GC invocations=63 (full 0):
 garbage-first heap   total 574464K, used 207920K [0x0000000080000000, 0x0000000100000000)
  region size 1024K, 17 young (17408K), 17 survivors (17408K)
 Metaspace       used 127495K, committed 129792K, reserved 1179648K
  class space    used 18088K, committed 19200K, reserved 1048576K
}
Event: 19.616 GC heap before
{Heap before GC invocations=63 (full 0):
 garbage-first heap   total 574464K, used 525360K [0x0000000080000000, 0x0000000100000000)
  region size 1024K, 328 young (335872K), 17 survivors (17408K)
 Metaspace       used 128273K, committed 130496K, reserved 1179648K
  class space    used 18193K, committed 19264K, reserved 1048576K
}
Event: 19.634 GC heap after
{Heap after GC invocations=64 (full 0):
 garbage-first heap   total 574464K, used 206084K [0x0000000080000000, 0x0000000100000000)
  region size 1024K, 18 young (18432K), 18 survivors (18432K)
 Metaspace       used 128273K, committed 130496K, reserved 1179648K
  class space    used 18193K, committed 19264K, reserved 1048576K
}
Event: 19.748 GC heap before
{Heap before GC invocations=64 (full 0):
 garbage-first heap   total 574464K, used 524548K [0x0000000080000000, 0x0000000100000000)
  region size 1024K, 330 young (337920K), 18 survivors (18432K)
 Metaspace       used 128400K, committed 130624K, reserved 1179648K
  class space    used 18211K, committed 19264K, reserved 1048576K
}
Event: 19.763 GC heap after
{Heap after GC invocations=65 (full 0):
 garbage-first heap   total 574464K, used 207620K [0x0000000080000000, 0x0000000100000000)
  region size 1024K, 20 young (20480K), 20 survivors (20480K)
 Metaspace       used 128400K, committed 130624K, reserved 1179648K
  class space    used 18211K, committed 19264K, reserved 1048576K
}
Event: 19.919 GC heap before
{Heap before GC invocations=65 (full 0):
 garbage-first heap   total 574464K, used 523012K [0x0000000080000000, 0x0000000100000000)
  region size 1024K, 328 young (335872K), 20 survivors (20480K)
 Metaspace       used 128631K, committed 130880K, reserved 1179648K
  class space    used 18242K, committed 19328K, reserved 1048576K
}
Event: 19.935 GC heap after
{Heap after GC invocations=66 (full 0):
 garbage-first heap   total 574464K, used 207108K [0x0000000080000000, 0x0000000100000000)
  region size 1024K, 18 young (18432K), 18 survivors (18432K)
 Metaspace       used 128631K, committed 130880K, reserved 1179648K
  class space    used 18242K, committed 19328K, reserved 1048576K
}
Event: 20.325 GC heap before
{Heap before GC invocations=67 (full 0):
 garbage-first heap   total 574464K, used 524548K [0x0000000080000000, 0x0000000100000000)
  region size 1024K, 329 young (336896K), 18 survivors (18432K)
 Metaspace       used 129243K, committed 131520K, reserved 1179648K
  class space    used 18367K, committed 19456K, reserved 1048576K
}
Event: 20.339 GC heap after
{Heap after GC invocations=68 (full 0):
 garbage-first heap   total 574464K, used 206427K [0x0000000080000000, 0x0000000100000000)
  region size 1024K, 19 young (19456K), 19 survivors (19456K)
 Metaspace       used 129243K, committed 131520K, reserved 1179648K
  class space    used 18367K, committed 19456K, reserved 1048576K
}
Event: 20.832 GC heap before
{Heap before GC invocations=68 (full 0):
 garbage-first heap   total 574464K, used 523867K [0x0000000080000000, 0x0000000100000000)
  region size 1024K, 329 young (336896K), 19 survivors (19456K)
 Metaspace       used 129530K, committed 131776K, reserved 1179648K
  class space    used 18398K, committed 19456K, reserved 1048576K
}

Dll operation events (3 events):
Event: 0.009 Loaded shared library C:\android2\jbr\bin\java.dll
Event: 0.014 Loaded shared library C:\android2\jbr\bin\zip.dll
Event: 0.510 Loaded shared library C:\android2\jbr\bin\verify.dll

Deoptimization events (20 events):
Event: 20.761 Thread 0x0000028f1debefe0 DEOPT PACKING pc=0x0000028f01539e73 sp=0x000000d0a3cf9eb0
Event: 20.761 Thread 0x0000028f1debefe0 DEOPT UNPACKING pc=0x0000028f07584e42 sp=0x000000d0a3cf9388 mode 0
Event: 20.771 Thread 0x0000028f1debfd00 DEOPT PACKING pc=0x0000028f017932c2 sp=0x000000d0a3df9d60
Event: 20.771 Thread 0x0000028f1debfd00 DEOPT UNPACKING pc=0x0000028f07584e42 sp=0x000000d0a3df95c0 mode 0
Event: 20.772 Thread 0x0000028f1dec0390 DEOPT PACKING pc=0x0000028f0188cfdc sp=0x000000d0a3ef98a0
Event: 20.772 Thread 0x0000028f1dec0390 DEOPT UNPACKING pc=0x0000028f07584e42 sp=0x000000d0a3ef9108 mode 0
Event: 20.772 Thread 0x0000028f19aa47e0 DEOPT PACKING pc=0x0000028f0188cfdc sp=0x000000d0a49fa390
Event: 20.772 Thread 0x0000028f19aa47e0 DEOPT UNPACKING pc=0x0000028f07584e42 sp=0x000000d0a49f9bf8 mode 0
Event: 20.773 Thread 0x0000028f1dec0390 DEOPT PACKING pc=0x0000028f00ec4a42 sp=0x000000d0a3ef9850
Event: 20.773 Thread 0x0000028f1dec0390 DEOPT UNPACKING pc=0x0000028f07584e42 sp=0x000000d0a3ef8f00 mode 0
Event: 20.778 Thread 0x0000028f1dec10b0 DEOPT PACKING pc=0x0000028f0188cfdc sp=0x000000d0a40f9c30
Event: 20.778 Thread 0x0000028f1dec10b0 DEOPT UNPACKING pc=0x0000028f07584e42 sp=0x000000d0a40f9498 mode 0
Event: 20.814 Thread 0x0000028f19aa6220 DEOPT PACKING pc=0x0000028f01c90da1 sp=0x000000d0a4afa310
Event: 20.814 Thread 0x0000028f19aa6220 DEOPT UNPACKING pc=0x0000028f07584e42 sp=0x000000d0a4af9820 mode 0
Event: 20.816 Thread 0x0000028f19aa6220 DEOPT PACKING pc=0x0000028f01c90dc2 sp=0x000000d0a4afa2d0
Event: 20.816 Thread 0x0000028f19aa6220 DEOPT UNPACKING pc=0x0000028f07584e42 sp=0x000000d0a4af97e0 mode 0
Event: 20.819 Thread 0x0000028f1dec0a20 DEOPT PACKING pc=0x0000028f006fb5d6 sp=0x000000d0a3ffb020
Event: 20.819 Thread 0x0000028f1dec0a20 DEOPT UNPACKING pc=0x0000028f07584e42 sp=0x000000d0a3ffa4b8 mode 0
Event: 20.828 Thread 0x0000028f1dec0a20 DEOPT PACKING pc=0x0000028f01c90dc2 sp=0x000000d0a3ffa180
Event: 20.828 Thread 0x0000028f1dec0a20 DEOPT UNPACKING pc=0x0000028f07584e42 sp=0x000000d0a3ff9690 mode 0

Classes loaded (20 events):
Event: 13.962 Loading class java/util/IdentityHashMap$ValueIterator
Event: 13.962 Loading class java/util/IdentityHashMap$ValueIterator done
Event: 16.205 Loading class java/util/concurrent/ConcurrentHashMap$TreeNode
Event: 16.205 Loading class java/util/concurrent/ConcurrentHashMap$TreeNode done
Event: 16.205 Loading class java/util/concurrent/ConcurrentHashMap$TreeBin
Event: 16.206 Loading class java/util/concurrent/ConcurrentHashMap$TreeBin done
Event: 19.578 Loading class java/nio/ShortBuffer
Event: 19.581 Loading class java/nio/ShortBuffer done
Event: 19.795 Loading class java/nio/ByteBufferAsShortBufferL
Event: 19.796 Loading class java/nio/ByteBufferAsShortBufferL done
Event: 19.883 Loading class java/util/zip/Adler32
Event: 19.884 Loading class java/util/zip/Adler32 done
Event: 19.943 Loading class java/nio/file/Files$2
Event: 19.944 Loading class java/nio/file/Files$2 done
Event: 20.017 Loading class sun/nio/ch/ChannelOutputStream
Event: 20.017 Loading class sun/nio/ch/ChannelOutputStream done
Event: 20.156 Loading class java/nio/file/StandardCopyOption
Event: 20.156 Loading class java/nio/file/StandardCopyOption done
Event: 20.156 Loading class sun/nio/fs/WindowsFileCopy
Event: 20.159 Loading class sun/nio/fs/WindowsFileCopy done

Classes unloaded (7 events):
Event: 15.040 Thread 0x0000028f7ef3e840 Unloading class 0x0000000101188400 'java/lang/invoke/LambdaForm$DMH+0x0000000101188400'
Event: 15.040 Thread 0x0000028f7ef3e840 Unloading class 0x0000000101168c00 'java/lang/invoke/LambdaForm$DMH+0x0000000101168c00'
Event: 15.040 Thread 0x0000028f7ef3e840 Unloading class 0x0000000101168400 'java/lang/invoke/LambdaForm$DMH+0x0000000101168400'
Event: 15.040 Thread 0x0000028f7ef3e840 Unloading class 0x0000000101100400 'java/lang/invoke/LambdaForm$DMH+0x0000000101100400'
Event: 15.040 Thread 0x0000028f7ef3e840 Unloading class 0x00000001010a4400 'java/lang/invoke/LambdaForm$DMH+0x00000001010a4400'
Event: 15.502 Thread 0x0000028f7ef3e840 Unloading class 0x0000000101218400 'java/lang/invoke/LambdaForm$DMH+0x0000000101218400'
Event: 15.502 Thread 0x0000028f7ef3e840 Unloading class 0x000000010120c400 'java/lang/invoke/LambdaForm$DMH+0x000000010120c400'

Classes redefined (0 events):
No events

Internal exceptions (20 events):
Event: 13.828 Thread 0x0000028f19aa5b90 Exception <a 'java/lang/IncompatibleClassChangeError'{0x000000008c7b26f0}: Found class java.lang.Object, but interface was expected> (0x000000008c7b26f0) 
thrown [s\src\hotspot\share\interpreter\linkResolver.cpp, line 851]
Event: 13.892 Thread 0x0000028f19aa5b90 Exception <a 'java/lang/NoSuchMethodError'{0x000000008c21b958}: 'void java.lang.invoke.DirectMethodHandle$Holder.invokeSpecial(java.lang.Object, java.lang.Object, int, java.lang.Object)'> (0x000000008c21b958) 
thrown [s\src\hotspot\share\interpreter\linkResolver.cpp, line 784]
Event: 13.965 Thread 0x0000028f19aa6220 Exception <a 'java/lang/NoSuchMethodError'{0x000000008b9a1e60}: 'void java.lang.invoke.DirectMethodHandle$Holder.invokeVirtual(java.lang.Object, java.lang.Object, int)'> (0x000000008b9a1e60) 
thrown [s\src\hotspot\share\interpreter\linkResolver.cpp, line 784]
Event: 13.965 Thread 0x0000028f19aa5b90 Exception <a 'java/lang/NoSuchMethodError'{0x000000008b9e5898}: 'void java.lang.invoke.DirectMethodHandle$Holder.invokeVirtual(java.lang.Object, java.lang.Object, int)'> (0x000000008b9e5898) 
thrown [s\src\hotspot\share\interpreter\linkResolver.cpp, line 784]
Event: 13.977 Thread 0x0000028f19aa5b90 Exception <a 'java/lang/NoSuchMethodError'{0x000000008b71bca8}: 'int java.lang.invoke.DirectMethodHandle$Holder.invokeSpecial(java.lang.Object, java.lang.Object, java.lang.Object, int, java.lang.Object)'> (0x000000008b71bca8) 
thrown [s\src\hotspot\share\interpreter\linkResolver.cpp, line 784]
Event: 13.977 Thread 0x0000028f19aa6220 Exception <a 'java/lang/NoSuchMethodError'{0x000000008b8fe908}: 'int java.lang.invoke.DirectMethodHandle$Holder.invokeSpecial(java.lang.Object, java.lang.Object, java.lang.Object, int, java.lang.Object)'> (0x000000008b8fe908) 
thrown [s\src\hotspot\share\interpreter\linkResolver.cpp, line 784]
Event: 14.069 Thread 0x0000028f19aa6220 Exception <a 'java/lang/NoSuchMethodError'{0x000000008b0c6198}: 'java.lang.Object java.lang.invoke.DirectMethodHandle$Holder.invokeInterface(java.lang.Object, java.lang.Object, int)'> (0x000000008b0c6198) 
thrown [s\src\hotspot\share\interpreter\linkResolver.cpp, line 784]
Event: 14.078 Thread 0x0000028f19aa5b90 Exception <a 'java/lang/NoSuchMethodError'{0x000000008ae51b90}: 'int java.lang.invoke.DirectMethodHandle$Holder.invokeInterface(java.lang.Object, java.lang.Object, int)'> (0x000000008ae51b90) 
thrown [s\src\hotspot\share\interpreter\linkResolver.cpp, line 784]
Event: 14.082 Thread 0x0000028f19aa5b90 Exception <a 'java/lang/NoSuchMethodError'{0x000000008ae63610}: 'void java.lang.invoke.DirectMethodHandle$Holder.invokeStatic(java.lang.Object, int)'> (0x000000008ae63610) 
thrown [s\src\hotspot\share\interpreter\linkResolver.cpp, line 784]
Event: 17.188 Thread 0x0000028f1debfd00 Exception <a 'java/lang/IncompatibleClassChangeError'{0x00000000973c3ca8}: Found class java.lang.Object, but interface was expected> (0x00000000973c3ca8) 
thrown [s\src\hotspot\share\interpreter\linkResolver.cpp, line 851]
Event: 19.050 Thread 0x0000028f19aa4e70 Exception <a 'java/lang/NoSuchMethodError'{0x00000000935ea8e0}: 'void java.lang.invoke.DirectMethodHandle$Holder.invokeSpecial(java.lang.Object, java.lang.Object, java.lang.Object, int, java.lang.Object, java.lang.Object, java.lang.Object, java.lang.Object)'> (0x00000000935ea8e0) 
thrown [s\src\hotspot\share\interpreter\linkResolver.cpp, line 784]
Event: 19.100 Thread 0x0000028f19aa4e70 Exception <a 'java/lang/NoSuchMethodError'{0x000000009307ad80}: 'void java.lang.invoke.DirectMethodHandle$Holder.invokeStatic(java.lang.Object, java.lang.Object, java.lang.Object, java.lang.Object, java.lang.Object, java.lang.Object, java.lang.Object, java.lang.Object)'> (0x000000009307ad80) 
thrown [s\src\hotspot\share\interpreter\linkResolver.cpp, line 784]
Event: 19.479 Thread 0x0000028f19aa4e70 Exception <a 'java/lang/IncompatibleClassChangeError'{0x00000000997e5948}: Found class java.lang.Object, but interface was expected> (0x00000000997e5948) 
thrown [s\src\hotspot\share\interpreter\linkResolver.cpp, line 851]
Event: 19.949 Thread 0x0000028f19aa4e70 Exception <a 'sun/nio/fs/WindowsException'{0x00000000ffefa098}> (0x00000000ffefa098) 
thrown [s\src\hotspot\share\prims\jni.cpp, line 537]
Event: 20.122 Thread 0x0000028f19aa4e70 Implicit null exception at 0x0000028f07d3cd58 to 0x0000028f07d3e75c
Event: 20.168 Thread 0x0000028f19aa6220 Implicit null exception at 0x0000028f07dc8dfd to 0x0000028f07dc8f64
Event: 20.263 Thread 0x0000028f19aa6220 Implicit null exception at 0x0000028f08066a7d to 0x0000028f08066bac
Event: 20.340 Thread 0x0000028f1dec0a20 Exception <a 'sun/nio/fs/WindowsException'{0x00000000ffd00000}> (0x00000000ffd00000) 
thrown [s\src\hotspot\share\prims\jni.cpp, line 537]
Event: 20.408 Thread 0x0000028f19aa5b90 Exception <a 'java/lang/NoSuchMethodError'{0x000000009fbbe3e8}: 'void java.lang.invoke.DirectMethodHandle$Holder.invokeSpecialIFC(java.lang.Object, java.lang.Object, java.lang.Object, java.lang.Object)'> (0x000000009fbbe3e8) 
thrown [s\src\hotspot\share\interpreter\linkResolver.cpp, line 784]
Event: 20.638 Thread 0x0000028f19aa6220 Exception <a 'sun/nio/fs/WindowsException'{0x0000000095c58f20}> (0x0000000095c58f20) 
thrown [s\src\hotspot\share\prims\jni.cpp, line 537]

ZGC Phase Switch (0 events):
No events

VM Operations (20 events):
Event: 20.109 Executing VM operation: HandshakeAllThreads (Deoptimize) done
Event: 20.154 Executing VM operation: G1PauseCleanup
Event: 20.155 Executing VM operation: G1PauseCleanup done
Event: 20.282 Executing VM operation: ICBufferFull
Event: 20.283 Executing VM operation: ICBufferFull done
Event: 20.302 Executing VM operation: HandshakeAllThreads (Deoptimize)
Event: 20.302 Executing VM operation: HandshakeAllThreads (Deoptimize) done
Event: 20.325 Executing VM operation: G1CollectForAllocation (G1 Evacuation Pause)
Event: 20.339 Executing VM operation: G1CollectForAllocation (G1 Evacuation Pause) done
Event: 20.366 Executing VM operation: HandshakeAllThreads (Deoptimize)
Event: 20.368 Executing VM operation: HandshakeAllThreads (Deoptimize) done
Event: 20.520 Executing VM operation: ICBufferFull
Event: 20.520 Executing VM operation: ICBufferFull done
Event: 20.611 Executing VM operation: HandshakeAllThreads (Deoptimize)
Event: 20.611 Executing VM operation: HandshakeAllThreads (Deoptimize) done
Event: 20.735 Executing VM operation: ICBufferFull
Event: 20.735 Executing VM operation: ICBufferFull done
Event: 20.770 Executing VM operation: HandshakeAllThreads (Deoptimize)
Event: 20.815 Executing VM operation: HandshakeAllThreads (Deoptimize) done
Event: 20.832 Executing VM operation: G1CollectForAllocation (G1 Evacuation Pause)

Memory protections (0 events):
No events

Nmethod flushes (20 events):
Event: 19.995 Thread 0x0000028f7ef3e840 flushing  nmethod 0x0000028f01c94090
Event: 19.995 Thread 0x0000028f7ef3e840 flushing  nmethod 0x0000028f01dd2490
Event: 19.995 Thread 0x0000028f7ef3e840 flushing  nmethod 0x0000028f07d67c90
Event: 19.995 Thread 0x0000028f7ef3e840 flushing  nmethod 0x0000028f002dfd10
Event: 19.995 Thread 0x0000028f7ef3e840 flushing  nmethod 0x0000028f01192e10
Event: 19.995 Thread 0x0000028f7ef3e840 flushing  nmethod 0x0000028f01415d90
Event: 19.995 Thread 0x0000028f7ef3e840 flushing  nmethod 0x0000028f01511b10
Event: 19.995 Thread 0x0000028f7ef3e840 flushing  nmethod 0x0000028f01556890
Event: 19.995 Thread 0x0000028f7ef3e840 flushing  nmethod 0x0000028f01560210
Event: 19.995 Thread 0x0000028f7ef3e840 flushing  nmethod 0x0000028f01bf9e10
Event: 19.995 Thread 0x0000028f7ef3e840 flushing  nmethod 0x0000028f01bfa210
Event: 19.995 Thread 0x0000028f7ef3e840 flushing  nmethod 0x0000028f01bfa810
Event: 19.995 Thread 0x0000028f7ef3e840 flushing  nmethod 0x0000028f01bfaf10
Event: 19.995 Thread 0x0000028f7ef3e840 flushing  nmethod 0x0000028f01bfb810
Event: 19.995 Thread 0x0000028f7ef3e840 flushing  nmethod 0x0000028f01bfbc90
Event: 19.995 Thread 0x0000028f7ef3e840 flushing  nmethod 0x0000028f01bfee90
Event: 19.995 Thread 0x0000028f7ef3e840 flushing  nmethod 0x0000028f01c1a290
Event: 19.995 Thread 0x0000028f7ef3e840 flushing  nmethod 0x0000028f01c1ec90
Event: 19.995 Thread 0x0000028f7ef3e840 flushing  nmethod 0x0000028f01c8c790
Event: 19.995 Thread 0x0000028f7ef3e840 flushing  nmethod 0x0000028f01c8d290

Events (20 events):
Event: 12.333 Thread 0x0000028f191a68d0 Thread added: 0x0000028f230b6840
Event: 12.333 Thread 0x0000028f191a68d0 Thread added: 0x0000028f230b6ed0
Event: 12.334 Thread 0x0000028f191a68d0 Thread added: 0x0000028f230b7bf0
Event: 12.335 Thread 0x0000028f191a68d0 Thread added: 0x0000028f2319a2e0
Event: 12.394 Thread 0x0000028f191a68d0 Thread added: 0x0000028f231995c0
Event: 12.402 Thread 0x0000028f191a68d0 Thread added: 0x0000028f23196e60
Event: 12.402 Thread 0x0000028f191a68d0 Thread added: 0x0000028f23198f30
Event: 12.402 Thread 0x0000028f191a68d0 Thread added: 0x0000028f23197b80
Event: 12.402 Thread 0x0000028f191a68d0 Thread added: 0x0000028f2319a970
Event: 12.402 Thread 0x0000028f191a68d0 Thread added: 0x0000028f231974f0
Event: 12.403 Thread 0x0000028f191a68d0 Thread added: 0x0000028f2319b690
Event: 12.403 Thread 0x0000028f191a68d0 Thread added: 0x0000028f23198210
Event: 12.403 Thread 0x0000028f191a68d0 Thread added: 0x0000028f23199c50
Event: 12.403 Thread 0x0000028f191a68d0 Thread added: 0x0000028f2319b000
Event: 12.403 Thread 0x0000028f191a68d0 Thread added: 0x0000028f2319bd20
Event: 12.404 Thread 0x0000028f191a68d0 Thread added: 0x0000028f231988a0
Event: 12.450 Thread 0x0000028f191a68d0 Thread added: 0x0000028f2319c3b0
Event: 12.450 Thread 0x0000028f191a68d0 Thread added: 0x0000028f2319f1a0
Event: 12.450 Thread 0x0000028f191a68d0 Thread added: 0x0000028f2319d760
Event: 12.450 Thread 0x0000028f191a68d0 Thread added: 0x0000028f2319fec0


Dynamic libraries:
0x00007ff6638a0000 - 0x00007ff6638aa000 	C:\android2\jbr\bin\java.exe
0x00007ffb76d20000 - 0x00007ffb76f87000 	C:\WINDOWS\SYSTEM32\ntdll.dll
0x00007ffb76c10000 - 0x00007ffb76cdb000 	C:\WINDOWS\System32\KERNEL32.DLL
0x00007ffb73fe0000 - 0x00007ffb743e2000 	C:\WINDOWS\System32\KERNELBASE.dll
0x00007ffb744e0000 - 0x00007ffb7462c000 	C:\WINDOWS\System32\ucrtbase.dll
0x00007ffb5d7b0000 - 0x00007ffb5d7c8000 	C:\android2\jbr\bin\jli.dll
0x00007ffb75810000 - 0x00007ffb759df000 	C:\WINDOWS\System32\USER32.dll
0x00007ffb5dc90000 - 0x00007ffb5dcab000 	C:\android2\jbr\bin\VCRUNTIME140.dll
0x00007ffb743f0000 - 0x00007ffb74417000 	C:\WINDOWS\System32\win32u.dll
0x00007ffb75ca0000 - 0x00007ffb75ccb000 	C:\WINDOWS\System32\GDI32.dll
0x00007ffb74910000 - 0x00007ffb74a39000 	C:\WINDOWS\System32\gdi32full.dll
0x00007ffb747d0000 - 0x00007ffb74873000 	C:\WINDOWS\System32\msvcp_win.dll
0x00007ffb54a10000 - 0x00007ffb54ca0000 	C:\WINDOWS\WinSxS\amd64_microsoft.windows.common-controls_6595b64144ccf1df_6.0.26100.9278_none_3e0d1ba8e3303201\COMCTL32.dll
0x00007ffb75bd0000 - 0x00007ffb75c79000 	C:\WINDOWS\System32\msvcrt.dll
0x00007ffb74a40000 - 0x00007ffb74a71000 	C:\WINDOWS\System32\IMM32.DLL
0x00007ffb6e660000 - 0x00007ffb6e66c000 	C:\android2\jbr\bin\vcruntime140_1.dll
0x00007ffb29c00000 - 0x00007ffb29c8d000 	C:\android2\jbr\bin\msvcp140.dll
0x00007ffada8b0000 - 0x00007ffadb546000 	C:\android2\jbr\bin\server\jvm.dll
0x00007ffb75e80000 - 0x00007ffb75f3c000 	C:\WINDOWS\System32\ADVAPI32.dll
0x00007ffb763c0000 - 0x00007ffb76469000 	C:\WINDOWS\System32\sechost.dll
0x00007ffb76800000 - 0x00007ffb76918000 	C:\WINDOWS\System32\RPCRT4.dll
0x00007ffb76590000 - 0x00007ffb76610000 	C:\WINDOWS\System32\WS2_32.dll
0x00007ffb73d80000 - 0x00007ffb73dde000 	C:\WINDOWS\SYSTEM32\POWRPROF.dll
0x00007ffb6a4c0000 - 0x00007ffb6a4f6000 	C:\WINDOWS\SYSTEM32\WINMM.dll
0x00007ffb547d0000 - 0x00007ffb547db000 	C:\WINDOWS\SYSTEM32\VERSION.dll
0x00007ffb73d60000 - 0x00007ffb73d75000 	C:\WINDOWS\SYSTEM32\UMPDC.dll
0x00007ffb72b50000 - 0x00007ffb72b6b000 	C:\WINDOWS\SYSTEM32\kernel.appcore.dll
0x00007ffb6a440000 - 0x00007ffb6a44a000 	C:\android2\jbr\bin\jimage.dll
0x00007ffb714c0000 - 0x00007ffb7170c000 	C:\WINDOWS\SYSTEM32\DBGHELP.DLL
0x00007ffb75f50000 - 0x00007ffb762d5000 	C:\WINDOWS\System32\combase.dll
0x00007ffb762e0000 - 0x00007ffb763b9000 	C:\WINDOWS\System32\OLEAUT32.dll
0x00007ffb4dca0000 - 0x00007ffb4dcdb000 	C:\WINDOWS\SYSTEM32\dbgcore.DLL
0x00007ffb73f20000 - 0x00007ffb73fcc000 	C:\WINDOWS\System32\bcryptPrimitives.dll
0x00007ffb5d7a0000 - 0x00007ffb5d7ae000 	C:\android2\jbr\bin\instrument.dll
0x00007ffb5d730000 - 0x00007ffb5d750000 	C:\android2\jbr\bin\java.dll
0x00007ffb5d710000 - 0x00007ffb5d728000 	C:\android2\jbr\bin\zip.dll
0x00007ffb75000000 - 0x00007ffb75798000 	C:\WINDOWS\System32\SHELL32.dll
0x00007ffb71950000 - 0x00007ffb721fe000 	C:\WINDOWS\SYSTEM32\windows.storage.dll
0x00007ffb76aa0000 - 0x00007ffb76b9b000 	C:\WINDOWS\System32\SHCORE.dll
0x00007ffb76ba0000 - 0x00007ffb76c06000 	C:\WINDOWS\System32\shlwapi.dll
0x00007ffb73e40000 - 0x00007ffb73e69000 	C:\WINDOWS\SYSTEM32\profapi.dll
0x00007ffb69ed0000 - 0x00007ffb69ee0000 	C:\android2\jbr\bin\net.dll
0x00007ffb6dd40000 - 0x00007ffb6de6a000 	C:\WINDOWS\SYSTEM32\WINHTTP.dll
0x00007ffb731b0000 - 0x00007ffb7321c000 	C:\WINDOWS\system32\mswsock.dll
0x00007ffb5d4a0000 - 0x00007ffb5d4b6000 	C:\android2\jbr\bin\nio.dll
0x00007ffb5e3d0000 - 0x00007ffb5e3e0000 	C:\android2\jbr\bin\verify.dll
0x00007ffb59950000 - 0x00007ffb59977000 	C:\Users\Mica\.gradle\native\1def1411415f61bf3af743bc5b6707747c0891f09f0c88961ee8f79bc544acac\windows-amd64\native-platform.dll
0x00007ffb29b80000 - 0x00007ffb29bf8000 	C:\Users\Mica\.gradle\native\0.2.7\x86_64-windows-gnu\gradle-fileevents.dll
0x00007ffb628d0000 - 0x00007ffb628d9000 	C:\android2\jbr\bin\management.dll
0x00007ffb61770000 - 0x00007ffb6177b000 	C:\android2\jbr\bin\management_ext.dll
0x00007ffb75cd0000 - 0x00007ffb75cd8000 	C:\WINDOWS\System32\PSAPI.DLL
0x00007ffb725d0000 - 0x00007ffb72603000 	C:\WINDOWS\SYSTEM32\IPHLPAPI.DLL
0x00007ffb75c80000 - 0x00007ffb75c8a000 	C:\WINDOWS\System32\NSI.dll
0x00007ffb62960000 - 0x00007ffb62969000 	C:\android2\jbr\bin\extnet.dll
0x00007ffb734a0000 - 0x00007ffb734bb000 	C:\WINDOWS\SYSTEM32\CRYPTSP.dll
0x00007ffb72b70000 - 0x00007ffb72ba9000 	C:\WINDOWS\system32\rsaenh.dll
0x00007ffb73260000 - 0x00007ffb73294000 	C:\WINDOWS\SYSTEM32\USERENV.dll
0x00007ffb73e10000 - 0x00007ffb73e3a000 	C:\WINDOWS\SYSTEM32\bcrypt.dll
0x00007ffb734c0000 - 0x00007ffb734cc000 	C:\WINDOWS\SYSTEM32\CRYPTBASE.dll
0x00007ffb27970000 - 0x00007ffb27978000 	C:\WINDOWS\system32\wshunix.dll

JVMTI agents:
C:\Users\Mica\.gradle\wrapper\dists\gradle-8.13-bin\5xuhj0ry160q40clulazy9h7d\gradle-8.13\lib\agents\gradle-instrumentation-agent-8.13.jar path:C:\android2\jbr\bin\instrument.dll, loaded, initialized, instrumentlib options:none

dbghelp: loaded successfully - version: 4.0.5 - missing functions: none
symbol engine: initialized successfully - sym options: 0x614 - pdb path: .;C:\android2\jbr\bin;C:\WINDOWS\SYSTEM32;C:\WINDOWS\WinSxS\amd64_microsoft.windows.common-controls_6595b64144ccf1df_6.0.26100.9278_none_3e0d1ba8e3303201;C:\android2\jbr\bin\server;C:\Users\Mica\.gradle\native\1def1411415f61bf3af743bc5b6707747c0891f09f0c88961ee8f79bc544acac\windows-amd64;C:\Users\Mica\.gradle\native\0.2.7\x86_64-windows-gnu

VM Arguments:
jvm_args: --add-opens=java.base/java.lang=ALL-UNNAMED --add-opens=java.base/java.lang.invoke=ALL-UNNAMED --add-opens=java.base/java.util=ALL-UNNAMED --add-opens=java.prefs/java.util.prefs=ALL-UNNAMED --add-exports=jdk.compiler/com.sun.tools.javac.api=ALL-UNNAMED --add-exports=jdk.compiler/com.sun.tools.javac.util=ALL-UNNAMED --add-opens=java.base/java.util=ALL-UNNAMED --add-opens=java.prefs/java.util.prefs=ALL-UNNAMED --add-opens=java.base/java.nio.charset=ALL-UNNAMED --add-opens=java.base/java.net=ALL-UNNAMED --add-opens=java.base/java.util.concurrent.atomic=ALL-UNNAMED --add-opens=java.xml/javax.xml.namespace=ALL-UNNAMED -Xmx2048m -Dfile.encoding=UTF-8 -Duser.country=US -Duser.language=en -Duser.variant -javaagent:C:\Users\Mica\.gradle\wrapper\dists\gradle-8.13-bin\5xuhj0ry160q40clulazy9h7d\gradle-8.13\lib\agents\gradle-instrumentation-agent-8.13.jar 
java_command: org.gradle.launcher.daemon.bootstrap.GradleDaemon 8.13
java_class_path (initial): C:\Users\Mica\.gradle\wrapper\dists\gradle-8.13-bin\5xuhj0ry160q40clulazy9h7d\gradle-8.13\lib\gradle-daemon-main-8.13.jar
Launcher Type: SUN_STANDARD

[Global flags]
     intx CICompilerCount                          = 4                                         {product} {ergonomic}
     uint ConcGCThreads                            = 3                                         {product} {ergonomic}
     uint G1ConcRefinementThreads                  = 10                                        {product} {ergonomic}
   size_t G1HeapRegionSize                         = 1048576                                   {product} {ergonomic}
    uintx GCDrainStackTargetSize                   = 64                                        {product} {ergonomic}
   size_t InitialHeapSize                          = 130023424                                 {product} {ergonomic}
   size_t MarkStackSize                            = 4194304                                   {product} {ergonomic}
   size_t MaxHeapSize                              = 2147483648                                {product} {command line}
   size_t MaxNewSize                               = 1287651328                                {product} {ergonomic}
   size_t MinHeapDeltaBytes                        = 1048576                                   {product} {ergonomic}
   size_t MinHeapSize                              = 8388608                                   {product} {ergonomic}
    uintx NonNMethodCodeHeapSize                   = 5839372                                {pd product} {ergonomic}
    uintx NonProfiledCodeHeapSize                  = 122909434                              {pd product} {ergonomic}
    uintx ProfiledCodeHeapSize                     = 122909434                              {pd product} {ergonomic}
    uintx ReservedCodeCacheSize                    = 251658240                              {pd product} {ergonomic}
     bool SegmentedCodeCache                       = true                                      {product} {ergonomic}
   size_t SoftMaxHeapSize                          = 2147483648                             {manageable} {ergonomic}
     bool UseCompressedOops                        = true                           {product lp64_product} {ergonomic}
     bool UseG1GC                                  = true                                      {product} {ergonomic}
     bool UseLargePagesIndividualAllocation        = false                                  {pd product} {ergonomic}

Logging:
Log output configuration:
 #0: stdout all=warning uptime,level,tags foldmultilines=false
 #1: stderr all=off uptime,level,tags foldmultilines=false

Environment Variables:
PATH=C:\Program Files (x86)\Common Files\Intel\Shared Files\fortran\bin\Intel64;C:\Program Files (x86)\Common Files\Intel\Shared Libraries\redist\intel64_win\mpirt;C:\Program Files (x86)\Common Files\Intel\Shared Libraries\redist\intel64_win\compiler;C:\WINDOWS\system32;C:\WINDOWS;C:\WINDOWS\System32\Wbem;C:\WINDOWS\System32\WindowsPowerShell\v1.0\;C:\WINDOWS\System32\OpenSSH\;C:\MinGW\bin;C:\Program Files\Java;C:\Program Files\Java\jdk1.8.0_351\bin;C:\MinGW;C:\jdk-25_windows-x64_bin;C:\Program Files\Git\cmd;C:\Program Files\Microsoft SQL Server\110\Tools\Binn\;D:\CybersecPrac\Python\Scripts\;D:\CybersecPrac\Python\;C:\Users\Mica\AppData\Local\Programs\Python\Launcher\;C:\Program Files\MySQL\MySQL Shell 8.0\bin\;C:\Users\Mica\AppData\Local\Microsoft\WindowsApps;C:\Users\Mica\AppData\Local\Programs\Microsoft VS Code\bin;C:\MinGW;C:\jdk-25_windows-x64_bin\jdk-25;C:\Users\Mica\AppData\Local\GitHubDesktop\bin;C:\Users\Mica\.local\bin;
USERNAME=Mica
OS=Windows_NT
PROCESSOR_IDENTIFIER=Intel64 Family 6 Model 186 Stepping 3, GenuineIntel
TMP=C:\Users\Mica\AppData\Local\Temp
TEMP=C:\Users\Mica\AppData\Local\Temp




Periodic native trim disabled

JNI global refs:
JNI global refs: 31, weak refs: 295

JNI global refs memory usage: 835, weak refs: 3361

Process memory usage:
Resident Set Size: 783148K (9% of 8069112K total physical memory with 348104K free physical memory)

OOME stack traces (most recent first):
Classloader memory used:
Loader org.gradle.internal.classloader.VisitableURLClassLoader                         : 43887K
Loader org.gradle.internal.classloader.VisitableURLClassLoader$InstrumentingVisitableURLClassLoader: 42969K
Loader bootstrap                                                                       : 28322K
Loader org.gradle.initialization.MixInLegacyTypesClassLoader                           : 12944K
Loader jdk.internal.loader.ClassLoaders$PlatformClassLoader                            : 509K
Loader jdk.internal.reflect.DelegatingClassLoader                                      : 339K
Loader jdk.internal.loader.ClassLoaders$AppClassLoader                                 : 234K
Loader org.gradle.internal.classloader.VisitableURLClassLoader                         : 160K
Loader org.gradle.groovy.scripts.internal.DefaultScriptCompilationHandler$ScriptClassLoader: 135K
Loader org.codehaus.groovy.runtime.callsite.CallSiteClassLoader                        : 27488B

Classes loaded by more than one classloader:
Class Program                                                                         : loaded 5 times (x 72B)
Class Build_gradle                                                                    : loaded 3 times (x 130B)
Class Build_gradle$1                                                                  : loaded 3 times (x 74B)
Class ijKotlinCoroutineJvmDebugInit1_5heortybpb2eo1dafnmtj4ity$_run_closure1          : loaded 2 times (x 139B)
Class org.gradle.internal.classloader.FilteringClassLoader                            : loaded 2 times (x 105B)
Class com.google.common.base.CharMatcher$IsEither                                     : loaded 2 times (x 111B)
Class org.gradle.internal.classloader.ClassLoaderHierarchy                            : loaded 2 times (x 70B)
Class com.google.common.collect.ImmutableEnumSet                                      : loaded 2 times (x 146B)
Class com.google.common.util.concurrent.ExecutionError                                : loaded 2 times (x 82B)
Class com.google.common.collect.ImmutableList$1                                       : loaded 2 times (x 97B)
Class org.gradle.api.internal.classpath.ManifestUtil                                  : loaded 2 times (x 71B)
Class com.google.common.io.ByteArrayDataOutput                                        : loaded 2 times (x 70B)
Class com.google.common.collect.RegularImmutableMap                                   : loaded 2 times (x 121B)
Class com.google.common.collect.ImmutableMap$MapViewOfValuesAsSingletonSets           : loaded 2 times (x 126B)
Class [Lorg.objectweb.asm.Symbol;                                                     : loaded 2 times (x 69B)
Class org.objectweb.asm.ClassVisitor                                                  : loaded 2 times (x 88B)
Class com.google.common.collect.UnmodifiableListIterator                              : loaded 2 times (x 95B)
Class com.google.common.base.Platform$JdkPatternCompiler                              : loaded 2 times (x 75B)
Class org.objectweb.asm.MethodTooLargeException                                       : loaded 2 times (x 83B)
Class [Lcom.google.common.cache.CacheBuilder$OneWeigher;                              : loaded 2 times (x 69B)
Class com.google.common.base.Suppliers                                                : loaded 2 times (x 71B)
Class org.gradle.internal.classloader.DefaultClassLoaderFactory                       : loaded 2 times (x 82B)
Class org.gradle.internal.classloader.ClassLoaderVisitor                              : loaded 2 times (x 76B)
Class [Lcom.google.common.collect.ImmutableMapEntry;                                  : loaded 2 times (x 69B)
Class org.gradle.api.internal.classpath.EffectiveClassPath                            : loaded 2 times (x 90B)
Class com.google.common.collect.ListMultimap                                          : loaded 2 times (x 70B)
Class com.google.common.collect.ImmutableEnumMap                                      : loaded 2 times (x 126B)
Class com.google.common.collect.Sets$1                                                : loaded 2 times (x 139B)
Class org.objectweb.asm.AnnotationVisitor                                             : loaded 2 times (x 78B)
Class org.gradle.api.internal.DefaultClassPathProvider                                : loaded 2 times (x 76B)
Class com.google.common.collect.Sets$2                                                : loaded 2 times (x 139B)
Class [Lorg.gradle.api.internal.ClassPathProvider;                                    : loaded 2 times (x 69B)
Class org.gradle.api.internal.ClassPathProvider                                       : loaded 2 times (x 70B)
Class com.google.common.collect.Sets$3                                                : loaded 2 times (x 139B)
Class com.google.common.util.concurrent.AbstractFuture$SafeAtomicHelper               : loaded 2 times (x 79B)
Class com.google.common.cache.LocalCache$LocalLoadingCache                            : loaded 2 times (x 134B)
Class org.gradle.internal.service.UnknownServiceException                             : loaded 2 times (x 83B)
Class com.google.common.io.ByteArrayDataInput                                         : loaded 2 times (x 70B)
Class com.google.common.collect.Sets$4                                                : loaded 2 times (x 139B)
Class org.objectweb.asm.ModuleVisitor                                                 : loaded 2 times (x 81B)
Class com.google.common.cache.LocalCache$Strength$1                                   : loaded 2 times (x 81B)
Class com.google.common.util.concurrent.SettableFuture                                : loaded 2 times (x 114B)
Class com.google.common.cache.LocalCache$Strength$2                                   : loaded 2 times (x 81B)
Class com.google.common.io.ByteStreams                                                : loaded 2 times (x 71B)
Class com.google.common.cache.LocalCache$Strength$3                                   : loaded 2 times (x 81B)
Class com.google.common.collect.MapDifference                                         : loaded 2 times (x 70B)
Class org.objectweb.asm.FieldWriter                                                   : loaded 2 times (x 78B)
Class com.google.common.cache.CacheBuilder$NullListener                               : loaded 2 times (x 82B)
Class org.gradle.internal.classpath.TransformedClassPath                              : loaded 2 times (x 96B)
Class org.gradle.internal.classloader.InstrumentingClassLoader                        : loaded 2 times (x 70B)
Class com.google.common.cache.CacheLoader$FunctionToCacheLoader                       : loaded 2 times (x 75B)
Class com.google.common.collect.Iterators$ArrayItr                                    : loaded 2 times (x 97B)
Class com.google.common.collect.ImmutableCollection$Builder                           : loaded 2 times (x 76B)
Class com.google.common.base.Joiner                                                   : loaded 2 times (x 79B)
Class com.google.common.base.MoreObjects                                              : loaded 2 times (x 71B)
Class com.google.common.collect.Platform                                              : loaded 2 times (x 71B)
Class [Lorg.objectweb.asm.Type;                                                       : loaded 2 times (x 69B)
Class com.google.common.collect.UnmodifiableIterator                                  : loaded 2 times (x 80B)
Class org.gradle.internal.service.ServiceLocator                                      : loaded 2 times (x 70B)
Class com.google.common.base.Ascii                                                    : loaded 2 times (x 71B)
Class com.google.common.collect.SingletonImmutableBiMap                               : loaded 2 times (x 143B)
Class com.google.common.cache.LocalCache$1                                            : loaded 2 times (x 89B)
Class com.google.common.collect.AbstractMapEntry                                      : loaded 2 times (x 81B)
Class com.google.common.collect.Sets$ImprovedAbstractSet                              : loaded 2 times (x 135B)
Class com.google.common.collect.ImmutableList$Builder                                 : loaded 2 times (x 77B)
Class com.google.common.collect.AbstractMultimap                                      : loaded 2 times (x 123B)
Class com.google.common.cache.LocalCache$2                                            : loaded 2 times (x 142B)
Class com.google.common.util.concurrent.AbstractFuture$UnsafeAtomicHelper$1           : loaded 2 times (x 76B)
Class com.google.common.collect.RegularImmutableAsList                                : loaded 2 times (x 217B)
Class com.google.common.util.concurrent.AbstractFuture$Trusted                        : loaded 2 times (x 70B)
Class com.google.common.collect.Iterators                                             : loaded 2 times (x 71B)
Class com.google.common.collect.Lists$StringAsImmutableList                           : loaded 2 times (x 207B)
Class com.google.common.util.concurrent.UncheckedExecutionException                   : loaded 2 times (x 82B)
Class org.gradle.kotlin.dsl.VersionCatalogAccessorsKt                                 : loaded 2 times (x 71B)
Class org.gradle.internal.InternalTransformer                                         : loaded 2 times (x 70B)
Class com.google.common.collect.AbstractMapBasedMultimap$KeySet$1                     : loaded 2 times (x 82B)
Class org.objectweb.asm.ClassWriter                                                   : loaded 2 times (x 106B)
Class com.google.common.cache.CacheLoader$UnsupportedLoadingOperationException        : loaded 2 times (x 82B)
Class com.google.common.base.CharMatcher$And                                          : loaded 2 times (x 112B)
Class org.gradle.internal.classloader.ClasspathUtil$1                                 : loaded 2 times (x 76B)
Class org.objectweb.asm.FieldVisitor                                                  : loaded 2 times (x 77B)
Class com.google.common.collect.IndexedImmutableSet                                   : loaded 2 times (x 152B)
Class com.google.common.collect.ImmutableMap$1                                        : loaded 2 times (x 81B)
Class com.google.common.collect.BiMap                                                 : loaded 2 times (x 70B)
Class org.gradle.api.internal.classpath.DefaultModuleRegistry$DefaultModule           : loaded 2 times (x 86B)
Class com.google.common.primitives.Ints                                               : loaded 2 times (x 71B)
Class com.google.common.collect.AbstractIterator                                      : loaded 2 times (x 82B)
Class com.google.common.collect.ObjectArrays                                          : loaded 2 times (x 71B)
Class com.google.common.collect.Multiset                                              : loaded 2 times (x 70B)
Class com.google.common.collect.RegularImmutableMap$KeySet                            : loaded 2 times (x 152B)
Class com.google.common.collect.AbstractIndexedListIterator                           : loaded 2 times (x 96B)
Class com.google.common.math.MathPreconditions                                        : loaded 2 times (x 71B)
Class com.google.common.collect.ImmutableMapEntrySet                                  : loaded 2 times (x 152B)
Class org.gradle.api.internal.classpath.Module                                        : loaded 2 times (x 70B)
Class com.google.common.cache.Weigher                                                 : loaded 2 times (x 70B)
Class org.gradle.api.internal.classpath.UnknownModuleException                        : loaded 2 times (x 82B)
Class com.google.common.base.Stopwatch                                                : loaded 2 times (x 72B)
Class com.google.common.cache.LocalCache$Strength                                     : loaded 2 times (x 81B)
Class com.google.common.cache.Cache                                                   : loaded 2 times (x 70B)
Class com.google.common.base.NullnessCasts                                            : loaded 2 times (x 71B)
Class com.google.common.util.concurrent.AbstractFuture$Cancellation                   : loaded 2 times (x 72B)
Class com.google.common.collect.ImmutableMap$Builder                                  : loaded 2 times (x 82B)
Class com.google.common.cache.RemovalListener                                         : loaded 2 times (x 70B)
Class org.gradle.api.internal.DefaultClassPathRegistry                                : loaded 2 times (x 76B)
Class com.google.common.primitives.IntsMethodsForWeb                                  : loaded 2 times (x 71B)
Class com.google.common.collect.Multimap                                              : loaded 2 times (x 70B)
Class org.gradle.api.internal.ClassPathRegistry                                       : loaded 2 times (x 70B)
Class org.gradle.internal.classpath.DefaultClassPath$ImmutableUniqueList              : loaded 2 times (x 199B)
Class com.google.common.base.PairwiseEquivalence                                      : loaded 2 times (x 83B)
Class com.google.common.cache.CacheBuilder                                            : loaded 2 times (x 72B)
Class com.google.common.collect.SingletonImmutableList                                : loaded 2 times (x 207B)
Class Settings_gradle$1                                                               : loaded 2 times (x 74B)
Class ijJvmDebugger1_65fnlwx6uellm4cl5w6h6zgr9$_run_closure1                          : loaded 2 times (x 139B)
Class org.gradle.internal.classpath.ClassPath                                         : loaded 2 times (x 70B)
Class org.gradle.api.UncheckedIOException                                             : loaded 2 times (x 82B)
Class com.google.common.base.JdkPattern                                               : loaded 2 times (x 75B)
Class com.google.common.collect.ImmutableList$ReverseImmutableList                    : loaded 2 times (x 209B)
Class org.objectweb.asm.SymbolTable$Entry                                             : loaded 2 times (x 74B)
Class com.google.common.util.concurrent.AbstractFuture$AtomicHelper                   : loaded 2 times (x 78B)
Class org.objectweb.asm.Edge                                                          : loaded 2 times (x 72B)
Class com.google.common.base.Suppliers$SupplierOfInstance                             : loaded 2 times (x 79B)
Class com.google.common.collect.Iterators$1                                           : loaded 2 times (x 81B)
Class com.google.common.cache.LocalCache$ComputingValueReference                      : loaded 2 times (x 96B)
Class com.google.common.collect.SingletonImmutableSet                                 : loaded 2 times (x 146B)
Class com.google.common.collect.ImmutableMap$IteratorBasedImmutableMap                : loaded 2 times (x 126B)
Class com.google.common.cache.LocalCache$Segment                                      : loaded 2 times (x 154B)
Class com.google.common.collect.AbstractListMultimap                                  : loaded 2 times (x 172B)
Class [Lorg.objectweb.asm.SymbolTable$Entry;                                          : loaded 2 times (x 69B)
Class com.google.common.cache.CacheLoader                                             : loaded 2 times (x 74B)
Class com.google.common.collect.Iterators$4                                           : loaded 2 times (x 82B)
Class com.google.common.collect.ImmutableBiMap                                        : loaded 2 times (x 143B)
Class org.gradle.internal.installation.GradleInstallation$1                           : loaded 2 times (x 75B)
Class org.gradle.api.internal.classpath.ModuleRegistry                                : loaded 2 times (x 70B)
Class com.google.common.util.concurrent.internal.InternalFutureFailureAccess          : loaded 2 times (x 72B)
Class com.google.common.collect.Iterators$5                                           : loaded 2 times (x 82B)
Class com.google.common.collect.ImmutableSet$JdkBackedSetBuilderImpl                  : loaded 2 times (x 76B)
Class com.google.common.util.concurrent.AbstractFuture$UnsafeAtomicHelper             : loaded 2 times (x 78B)
Class com.google.common.cache.LocalCache$LocalManualCache$1                           : loaded 2 times (x 75B)
Class com.google.common.base.CharMatcher$ForPredicate                                 : loaded 2 times (x 112B)
Class com.google.common.base.CharMatcher$AnyOf                                        : loaded 2 times (x 112B)
Class com.google.common.collect.ImmutableCollection                                   : loaded 2 times (x 125B)
Class org.gradle.api.internal.classpath.DefaultModuleRegistry                         : loaded 2 times (x 86B)
Class com.google.common.collect.Lists                                                 : loaded 2 times (x 71B)
Class com.google.common.util.concurrent.ListenableFuture                              : loaded 2 times (x 70B)
Class com.google.common.cache.ReferenceEntry                                          : loaded 2 times (x 70B)
Class com.google.common.base.Converter                                                : loaded 2 times (x 90B)
Class com.google.common.collect.ImmutableSet$CachingAsList                            : loaded 2 times (x 148B)
Class com.google.common.collect.AbstractMapBasedMultimap                              : loaded 2 times (x 139B)
Class com.google.common.util.concurrent.AbstractFuture                                : loaded 2 times (x 106B)
Class com.google.common.base.FunctionalEquivalence                                    : loaded 2 times (x 83B)
Class com.google.common.collect.Iterators$9                                           : loaded 2 times (x 81B)
Class com.google.common.collect.ImmutableAsList                                       : loaded 2 times (x 209B)
Class org.objectweb.asm.RecordComponentVisitor                                        : loaded 2 times (x 77B)
Class com.google.common.cache.CacheLoader$SupplierToCacheLoader                       : loaded 2 times (x 75B)
Class com.google.common.collect.Maps$EntryTransformer                                 : loaded 2 times (x 70B)
Class org.gradle.internal.service.ServiceLookupException                              : loaded 2 times (x 82B)
Class [Lcom.google.common.cache.LocalCache$EntryFactory;                              : loaded 2 times (x 69B)
Class org.gradle.internal.classloader.ClassLoaderFactory                              : loaded 2 times (x 70B)
Class com.google.common.base.CommonPattern                                            : loaded 2 times (x 74B)
Class com.google.common.cache.LocalCache$LocalManualCache                             : loaded 2 times (x 99B)
Class com.google.common.base.CharMatcher$IsNot                                        : loaded 2 times (x 111B)
Class org.gradle.internal.service.CachingServiceLocator                               : loaded 2 times (x 82B)
Class com.google.common.collect.AbstractMapBasedMultimap$KeySet                       : loaded 2 times (x 137B)
Class com.google.common.math.IntMath                                                  : loaded 2 times (x 71B)
Class com.google.common.collect.ImmutableMapEntry                                     : loaded 2 times (x 85B)
Class com.google.common.base.Equivalence                                              : loaded 2 times (x 82B)
Class com.google.common.base.Function                                                 : loaded 2 times (x 70B)
Class com.google.common.collect.ImmutableMapEntry$NonTerminalImmutableMapEntry        : loaded 2 times (x 85B)
Class com.google.common.cache.CacheBuilder$OneWeigher                                 : loaded 2 times (x 82B)
Class com.google.common.collect.RegularImmutableList                                  : loaded 2 times (x 213B)
Class org.gradle.internal.classloader.ClasspathUtil                                   : loaded 2 times (x 71B)
Class com.google.common.base.Charsets                                                 : loaded 2 times (x 71B)
Class com.google.common.util.concurrent.Uninterruptibles                              : loaded 2 times (x 71B)
Class com.google.common.collect.Maps                                                  : loaded 2 times (x 71B)
Class org.gradle.api.specs.Spec                                                       : loaded 2 times (x 70B)
Class [Lcom.google.common.collect.ImmutableEntry;                                     : loaded 2 times (x 69B)
Class com.google.common.cache.LocalCache$LoadingValueReference                        : loaded 2 times (x 96B)
Class com.google.common.collect.ArrayListMultimapGwtSerializationDependencies         : loaded 2 times (x 172B)
Class com.google.common.base.Platform                                                 : loaded 2 times (x 71B)
Class com.google.common.collect.Maps$8                                                : loaded 2 times (x 82B)
Class com.google.common.collect.Sets$SetView                                          : loaded 2 times (x 138B)
Class com.google.common.cache.LocalCache$StrongValueReference                         : loaded 2 times (x 90B)
Class com.google.common.util.concurrent.AbstractFuture$SynchronizedHelper             : loaded 2 times (x 78B)
Class ijKotlinCoroutineJvmDebugInit1_5heortybpb2eo1dafnmtj4ity                        : loaded 2 times (x 179B)
Class org.objectweb.asm.Type                                                          : loaded 2 times (x 72B)
Class org.gradle.internal.classloader.VisitableURLClassLoader$InstrumentingVisitableURLClassLoader: loaded 2 times (x 123B)
Class org.objectweb.asm.ByteVector                                                    : loaded 2 times (x 79B)
Class [Lcom.google.common.cache.CacheBuilder$NullListener;                            : loaded 2 times (x 69B)
Class com.google.common.math.IntMath$1                                                : loaded 2 times (x 71B)
Class org.gradle.internal.classloader.VisitableURLClassLoader$Spec                    : loaded 2 times (x 74B)
Class org.gradle.internal.classpath.DefaultClassPath                                  : loaded 2 times (x 90B)
Class org.objectweb.asm.Symbol                                                        : loaded 2 times (x 73B)
Class com.google.common.io.Closer                                                     : loaded 2 times (x 78B)
Class com.google.common.base.CharMatcher$Ascii                                        : loaded 2 times (x 112B)
Class com.google.common.base.CharMatcher$BitSetMatcher                                : loaded 2 times (x 112B)
Class com.google.common.collect.RegularImmutableMap$Values                            : loaded 2 times (x 207B)
Class com.google.common.collect.ImmutableSet                                          : loaded 2 times (x 145B)
Class org.gradle.internal.classloader.ClassLoaderSpec                                 : loaded 2 times (x 71B)
Class org.objectweb.asm.AnnotationWriter                                              : loaded 2 times (x 79B)
Class com.google.common.cache.CacheStats                                              : loaded 2 times (x 71B)
Class com.google.common.io.Closer$Suppressor                                          : loaded 2 times (x 70B)
Class org.objectweb.asm.RecordComponentWriter                                         : loaded 2 times (x 78B)
Class com.google.common.util.concurrent.AbstractFuture$Listener                       : loaded 2 times (x 72B)
Class com.google.common.base.CharMatcher$Or                                           : loaded 2 times (x 112B)
Class Settings_gradle$1$1                                                             : loaded 2 times (x 74B)
Class org.objectweb.asm.Attribute                                                     : loaded 2 times (x 77B)
Class com.google.common.base.Supplier                                                 : loaded 2 times (x 70B)
Class org.gradle.internal.classloader.VisitableURLClassLoader                         : loaded 2 times (x 117B)
Class com.google.common.util.concurrent.AbstractFuture$Waiter                         : loaded 2 times (x 72B)
Class Settings_gradle                                                                 : loaded 2 times (x 128B)
Class org.gradle.internal.Cast                                                        : loaded 2 times (x 71B)
Class org.gradle.api.Action                                                           : loaded 2 times (x 70B)
Class com.google.common.base.Strings                                                  : loaded 2 times (x 71B)
Class com.google.common.collect.Sets                                                  : loaded 2 times (x 71B)
Class org.objectweb.asm.Handler                                                       : loaded 2 times (x 72B)
Class com.google.common.base.Ticker                                                   : loaded 2 times (x 72B)
Class com.google.common.base.CharMatcher$FastMatcher                                  : loaded 2 times (x 111B)
Class [Lcom.google.common.cache.LocalCache$Segment;                                   : loaded 2 times (x 69B)
Class [Lcom.google.common.cache.LocalCache$Strength;                                  : loaded 2 times (x 69B)
Class com.google.common.cache.CacheBuilder$1                                          : loaded 2 times (x 85B)
Class com.google.common.base.Predicate                                                : loaded 2 times (x 70B)
Class com.google.common.collect.ImmutableMap                                          : loaded 2 times (x 120B)
Class org.gradle.internal.classpath.DefaultClassPath$ImmutableUniqueList$Builder      : loaded 2 times (x 75B)
Class com.google.common.cache.LocalCache                                              : loaded 2 times (x 187B)
Class com.google.common.cache.CacheBuilder$2                                          : loaded 2 times (x 79B)
Class com.google.common.base.CharMatcher$NegatedFastMatcher                           : loaded 2 times (x 113B)
Class com.google.common.collect.ArrayListMultimap                                     : loaded 2 times (x 172B)
Class com.google.common.cache.CacheBuilder$3                                          : loaded 2 times (x 72B)
Class [Lcom.google.common.collect.AbstractMapEntry;                                   : loaded 2 times (x 69B)
Class com.google.common.collect.ImmutableEntry                                        : loaded 2 times (x 82B)
Class org.gradle.api.GradleException                                                  : loaded 2 times (x 82B)
Class com.google.common.base.Suppliers$MemoizingSupplier                              : loaded 2 times (x 79B)
Class com.google.common.collect.CollectPreconditions                                  : loaded 2 times (x 71B)
Class com.google.common.collect.SortedMapDifference                                   : loaded 2 times (x 70B)
Class com.google.common.cache.LocalCache$EntryFactory                                 : loaded 2 times (x 83B)
Class com.google.common.cache.LocalCache$AbstractReferenceEntry                       : loaded 2 times (x 107B)
Class org.gradle.internal.IoActions                                                   : loaded 2 times (x 71B)
Class org.objectweb.asm.SymbolTable                                                   : loaded 2 times (x 72B)
Class com.google.common.cache.CacheLoader$InvalidCacheLoadException                   : loaded 2 times (x 82B)
Class com.google.common.collect.ImmutableSet$RegularSetBuilderImpl                    : loaded 2 times (x 77B)
Class org.gradle.internal.classloader.SystemClassLoaderSpec                           : loaded 2 times (x 71B)
Class com.google.common.cache.LocalCache$StrongEntry                                  : loaded 2 times (x 108B)
Class com.google.common.util.concurrent.AbstractFuture$TrustedFuture                  : loaded 2 times (x 114B)
Class com.google.common.cache.LoadingCache                                            : loaded 2 times (x 70B)
Class com.google.common.io.ByteStreams$LimitedInputStream                             : loaded 2 times (x 92B)
Class com.google.common.base.Suppliers$NonSerializableMemoizingSupplier               : loaded 2 times (x 79B)
Class org.objectweb.asm.MethodWriter                                                  : loaded 2 times (x 106B)
Class [Lcom.google.common.cache.Weigher;                                              : loaded 2 times (x 69B)
Class com.google.common.collect.RegularImmutableMap$BucketOverflowException           : loaded 2 times (x 82B)
Class com.google.common.collect.RegularImmutableBiMap                                 : loaded 2 times (x 149B)
Class com.google.common.cache.LocalCache$ValueReference                               : loaded 2 times (x 70B)
Class com.google.common.base.CharMatcher$Is                                           : loaded 2 times (x 111B)
Class com.google.common.base.CharMatcher$Negated                                      : loaded 2 times (x 113B)
Class com.google.common.base.PatternCompiler                                          : loaded 2 times (x 70B)
Class com.google.common.util.concurrent.AbstractFuture$Failure                        : loaded 2 times (x 72B)
Class com.google.common.base.Equivalence$Equals                                       : loaded 2 times (x 82B)
Class com.google.common.collect.Hashing                                               : loaded 2 times (x 71B)
Class com.google.common.base.Preconditions                                            : loaded 2 times (x 71B)
Class com.google.common.base.Joiner$1                                                 : loaded 2 times (x 80B)
Class org.objectweb.asm.Label                                                         : loaded 2 times (x 73B)
Class org.objectweb.asm.CurrentFrame                                                  : loaded 2 times (x 73B)
Class org.objectweb.asm.ClassTooLargeException                                        : loaded 2 times (x 83B)
Class com.google.common.base.CharMatcher                                              : loaded 2 times (x 111B)
Class com.google.common.collect.PeekingIterator                                       : loaded 2 times (x 70B)
Class ijJvmDebugger1_65fnlwx6uellm4cl5w6h6zgr9$_run_closure1$_closure2                : loaded 2 times (x 140B)
Class com.google.common.base.Joiner$2                                                 : loaded 2 times (x 79B)
Class org.objectweb.asm.Frame                                                         : loaded 2 times (x 73B)
Class org.objectweb.asm.MethodVisitor                                                 : loaded 2 times (x 105B)
Class com.google.common.cache.LocalCache$EntryFactory$1                               : loaded 2 times (x 83B)
Class [Lcom.google.common.cache.RemovalListener;                                      : loaded 2 times (x 69B)
Class com.google.common.base.CharMatcher$NamedFastMatcher                             : loaded 2 times (x 112B)
Class com.google.common.base.CharMatcher$1                                            : loaded 2 times (x 113B)
Class com.google.common.cache.LocalCache$EntryFactory$2                               : loaded 2 times (x 83B)
Class org.gradle.api.internal.classpath.GlobalCacheRootsProvider                      : loaded 2 times (x 70B)
Class org.objectweb.asm.ModuleWriter                                                  : loaded 2 times (x 82B)
Class com.google.common.cache.LocalCache$EntryFactory$3                               : loaded 2 times (x 83B)
Class com.google.common.base.Ticker$1                                                 : loaded 2 times (x 72B)
Class com.google.common.collect.Maps$BiMapConverter                                   : loaded 2 times (x 90B)
Class com.google.common.collect.ImmutableMapEntrySet$RegularEntrySet                  : loaded 2 times (x 152B)
Class com.google.common.cache.LocalCache$EntryFactory$4                               : loaded 2 times (x 83B)
Class com.google.common.base.CharMatcher$InRange                                      : loaded 2 times (x 111B)
Class com.google.common.collect.ImmutableSet$Builder                                  : loaded 2 times (x 85B)
Class ijKotlinCoroutineJvmDebugInit1_5heortybpb2eo1dafnmtj4ity$_run_closure1$_closure2: loaded 2 times (x 139B)
Class com.google.common.io.ByteStreams$1                                              : loaded 2 times (x 85B)
Class com.google.common.cache.LocalCache$EntryFactory$5                               : loaded 2 times (x 83B)
Class com.google.common.base.Equivalence$Identity                                     : loaded 2 times (x 82B)
Class com.google.common.cache.LocalCache$EntryFactory$6                               : loaded 2 times (x 83B)
Class org.gradle.internal.installation.CurrentGradleInstallationLocator               : loaded 2 times (x 71B)
Class com.google.common.collect.Maps$KeySet                                           : loaded 2 times (x 137B)
Class com.google.common.cache.LocalCache$EntryFactory$7                               : loaded 2 times (x 83B)
Class com.google.common.collect.ImmutableSet$EmptySetBuilderImpl                      : loaded 2 times (x 76B)
Class com.google.common.collect.ImmutableList                                         : loaded 2 times (x 206B)
Class org.gradle.internal.service.DefaultServiceLocator                               : loaded 2 times (x 83B)
Class com.google.common.cache.LocalCache$EntryFactory$8                               : loaded 2 times (x 83B)
Class com.google.common.collect.ImmutableSet$SetBuilderImpl                           : loaded 2 times (x 76B)
Class org.gradle.internal.installation.CurrentGradleInstallation                      : loaded 2 times (x 73B)
Class com.google.common.cache.CacheLoader$1                                           : loaded 2 times (x 75B)
Class com.google.common.collect.ForwardingObject                                      : loaded 2 times (x 72B)
Class com.google.common.collect.ImmutableList$SubList                                 : loaded 2 times (x 209B)
Class ijJvmDebugger1_65fnlwx6uellm4cl5w6h6zgr9                                        : loaded 2 times (x 179B)
Class org.gradle.util.internal.GUtil                                                  : loaded 2 times (x 71B)
Class com.google.common.util.concurrent.AbstractFuture$SetFuture                      : loaded 2 times (x 75B)
Class com.google.common.cache.AbstractCache$StatsCounter                              : loaded 2 times (x 70B)
Class com.google.common.collect.Iterators$MergingIterator                             : loaded 2 times (x 81B)
Class com.google.common.collect.RegularImmutableSet                                   : loaded 2 times (x 149B)
Class org.gradle.internal.installation.GradleInstallation                             : loaded 2 times (x 75B)
Class com.google.common.collect.Iterables                                             : loaded 2 times (x 71B)

---------------  S Y S T E M  ---------------

OS:
 Windows 11 , 64 bit Build 26100 (10.0.26100.9444)
OS uptime: 1 days 2:28 hours
Hyper-V role detected

CPU: total 12 (initial active 12) (6 cores per cpu, 2 threads per core) family 6 model 186 stepping 3 microcode 0x410e, cx8, cmov, fxsr, ht, mmx, 3dnowpref, sse, sse2, sse3, ssse3, sse4.1, sse4.2, popcnt, lzcnt, tsc, tscinvbit, avx, avx2, aes, erms, clmul, bmi1, bmi2, adx, sha, fma, vzeroupper, clflush, clflushopt, clwb, hv, serialize, rdtscp, rdpid, fsrm, f16c, cet_ibt, cet_ss
Processor Information for processor 0
  Max Mhz: 1300, Current Mhz: 1300, Mhz Limit: 1300
Processor Information for processor 1
  Max Mhz: 1300, Current Mhz: 1300, Mhz Limit: 1300
Processor Information for processor 2
  Max Mhz: 1300, Current Mhz: 1300, Mhz Limit: 1300
Processor Information for processor 3
  Max Mhz: 1300, Current Mhz: 1300, Mhz Limit: 1300
Processor Information for processor 4
  Max Mhz: 1300, Current Mhz: 900, Mhz Limit: 897
Processor Information for processor 5
  Max Mhz: 1300, Current Mhz: 900, Mhz Limit: 897
Processor Information for processor 6
  Max Mhz: 1300, Current Mhz: 900, Mhz Limit: 897
Processor Information for processor 7
  Max Mhz: 1300, Current Mhz: 900, Mhz Limit: 897
Processor Information for processor 8
  Max Mhz: 1300, Current Mhz: 900, Mhz Limit: 897
Processor Information for processor 9
  Max Mhz: 1300, Current Mhz: 900, Mhz Limit: 897
Processor Information for processor 10
  Max Mhz: 1300, Current Mhz: 900, Mhz Limit: 897
Processor Information for processor 11
  Max Mhz: 1300, Current Mhz: 900, Mhz Limit: 897

Memory: 4k page, system-wide physical 7879M (356M free)
TotalPageFile size 11975M (AvailPageFile size 16M)
current process WorkingSet (physical memory assigned to process): 767M, peak: 813M
current process commit charge ("private bytes"): 1003M, peak: 1124M

vm_info: OpenJDK 64-Bit Server VM (21.0.8+-14196175-b1038.72) for windows-amd64 JRE (21.0.8+-14196175-b1038.72), built on 2025-10-01T10:24:33Z by "builder" with MS VC++ 16.10 / 16.11 (VS2019)

END.
